Freq(Thz)	K(omega)	Acum k(omega)
	
0	0	0
0.009316	0	0
0.018632	0	0
0.027948	0	0
0.037264	7.55087E-05	0
0.04658	7.55087E-05	6.66667E-07
0.055896	0.000188772	1.33333E-06
0.065212	0.000226526	0.000003
0.074529	0.000302035	0.000005
0.083845	0.000490807	7.66667E-06
0.093161	0.000641824	0.000012
0.102477	0.000792842	1.76667E-05
0.111793	0.001057122	2.46667E-05
0.121109	0.001359157	0.000034
0.130425	0.001623438	0.000046
0.139741	0.002000982	6.03333E-05
0.149057	0.002491788	0.000078
0.158373	0.002907086	0.0001
0.167689	0.003435648	0.000125667
0.177005	0.004039718	0.000156
0.186321	0.004643788	0.000191667
0.195637	0.005398875	0.000232667
0.204953	0.01797108	0.000280333
0.214269	0.011175294	0.000439
0.223585	0.010684487	0.000537667
0.232901	0.011590592	0.000632
0.242217	0.01260996	0.000734333
0.251533	0.013667082	0.000845667
0.260849	0.01468645	0.000966333
0.270165	0.015819081	0.001096
0.279481	0.017027221	0.001235667
0.288798	0.028919847	0.001386
0.298114	0.027409673	0.001641333
0.30743	0.024502586	0.001883333
0.316746	0.025521954	0.002099667
0.326062	0.026579077	0.002325
0.335378	0.027522936	0.002559667
0.344694	0.028504549	0.002802667
0.35401	0.029637181	0.003054333
0.363326	0.030920829	0.003316
0.372642	0.031977951	0.003589
0.381958	0.033035074	0.003871333
0.391274	0.033903424	0.004163
0.40059	0.035036055	0.004462333
0.409906	0.03567788	0.004771667
0.419222	0.036395213	0.005086667
0.428538	0.037188055	0.005408
0.437854	0.038131914	0.005736333
0.44717	0.038924756	0.006073
0.456486	0.040019632	0.006416667
0.465802	0.041341035	0.00677
0.475118	0.042926719	0.007135
0.484434	0.044625665	0.007514
0.493751	0.046664401	0.007908
0.503067	0.048627629	0.00832
0.512383	0.05157247	0.008749333
0.521699	0.054139767	0.009204667
0.531015	0.055989731	0.009682667
0.540331	0.058254993	0.010177
0.549647	0.060897799	0.010691333
0.558963	0.06410692	0.011229
0.568279	0.067316042	0.011795
0.577595	0.07014762	0.012389333
0.586911	0.07282818	0.013008667
0.596227	0.075735266	0.013651667
0.605543	0.079057651	0.014320333
0.614859	0.082719825	0.015018333
0.624175	0.08777891	0.015748667
0.633491	0.095745082	0.016523667
0.642807	0.10695813	0.017369
0.652123	0.124815947	0.018313333
0.661439	0.137727942	0.019415333
0.670755	0.162268283	0.020631333
0.680071	0.197115566	0.022064
0.689387	0.21036735	0.023804333
0.698703	0.210027561	0.025661667
0.70802	0.209612263	0.027516
0.717336	0.205723563	0.029366667
0.726652	0.181674029	0.031183
0.735968	0.153131725	0.032787
0.745284	0.14565636	0.034139
0.7546	0.14116359	0.035425
0.763916	0.134556575	0.036671333
0.773232	0.132631102	0.037859333
0.782548	0.124551667	0.039030333
0.791864	0.117642617	0.04013
0.80118	0.074678144	0.041168667
0.810496	0.071733303	0.041828
0.819812	0.07524446	0.042461333
0.829128	0.079888247	0.043125667
0.838444	0.086230981	0.043831
0.84776	0.094197153	0.044592333
0.857076	0.099407256	0.045424
0.866392	0.106542832	0.046301667
0.875708	0.119115038	0.047242333
0.885024	0.142107449	0.048294
0.89434	0.175746593	0.049548667
0.903656	0.169668139	0.051100333
0.912972	0.162155019	0.052598333
0.922289	0.165364141	0.05403
0.931605	0.145505342	0.05549
0.940921	0.119303809	0.056774667
0.950237	0.115830407	0.057828
0.959553	0.118322196	0.058850667
0.968869	0.129648507	0.059895333
0.978185	0.163816212	0.06104
0.987501	0.211688753	0.062486333
0.996817	0.234303621	0.064355333
1.006133	0.203911353	0.066424
1.015449	0.190017745	0.068224333
1.024765	0.192887077	0.069902
1.034081	0.193340129	0.071605
1.043397	0.181825046	0.073312
1.052713	0.168195719	0.074917333
1.062029	0.158983652	0.076402333
1.071345	0.151395024	0.077806
1.080661	0.152527655	0.079142667
1.089977	0.149394042	0.080489333
1.099293	0.138936082	0.081808333
1.108609	0.160682599	0.083035
1.117925	0.177067996	0.084453667
1.127242	0.197644127	0.086017
1.136558	0.197455355	0.087762
1.145874	0.203949107	0.089505333
1.15519	0.197040057	0.091306
1.164506	0.204439914	0.093045667
1.173822	0.226790501	0.094850667
1.183138	0.257220523	0.096853
1.192454	0.27957111	0.099124
1.20177	0.296598331	0.101592333
1.211086	0.285762827	0.104211
1.220402	0.311435799	0.106734
1.229718	0.291086193	0.109483667
1.239034	0.227696606	0.112053667
1.24835	0.1701967	0.114064
1.257666	0.153056216	0.115566667
1.266982	0.149431797	0.116918
1.276298	0.143579869	0.118237333
1.285614	0.132668856	0.119505
1.29493	0.122928229	0.120676333
1.304246	0.115037566	0.121761667
1.313562	0.100615396	0.122777333
1.322878	0.095329784	0.123665667
1.332194	0.101785782	0.124507333
1.341511	0.1136029	0.125406
1.350827	0.130856647	0.126409
1.360143	0.137954468	0.127564333
1.369459	0.140257485	0.128782333
1.378775	0.13063012	0.130020667
1.388091	0.122814966	0.131174
1.397407	0.118737494	0.132258333
1.406723	0.116434477	0.133306667
1.416039	0.112696795	0.134334667
1.425355	0.102956167	0.135329667
1.434671	0.096122626	0.136238667
1.443987	0.09529203	0.137087333
1.453303	0.096839959	0.137928667
1.462619	0.092422698	0.138783667
1.471935	0.086457507	0.139599667
1.481251	0.087023823	0.140363
1.490567	0.095933854	0.141131333
1.499883	0.081398422	0.141978333
1.509199	0.083663684	0.142697
1.518515	0.078113792	0.143435667
1.527831	0.098463397	0.144125333
1.537147	0.120738475	0.144994667
1.546464	0.129648507	0.146060667
1.55578	0.138898327	0.147205333
1.565096	0.136821837	0.148431667
1.574412	0.110167252	0.149639667
1.583728	0.092460452	0.150612333
1.593044	0.078906633	0.151428667
1.60236	0.063389587	0.152125333
1.611676	0.05572545	0.152685
1.620992	0.05632952	0.153177
1.630308	0.063578359	0.153674333
1.639624	0.071544531	0.154235667
1.64894	0.087476875	0.154867333
1.658256	0.116245705	0.155639667
1.667572	0.14142787	0.156666
1.676888	0.130403594	0.157914667
1.686204	0.119190546	0.159066
1.69552	0.125495526	0.160118333
1.704836	0.11205497	0.161226333
1.714152	0.100313361	0.162215667
1.723468	0.08777891	0.163101333
1.732784	0.107222411	0.163876333
1.7421	0.158039793	0.164823
1.751416	0.139691169	0.166218333
1.760733	0.102540869	0.167451667
1.770049	0.077094424	0.168357
1.779365	0.071204742	0.169037667
1.788681	0.060142712	0.169666333
1.797997	0.055989731	0.170197333
1.807313	0.055272398	0.170691667
1.816629	0.06116208	0.171179667
1.825945	0.073809793	0.171719667
1.835261	0.100615396	0.172371333
1.844577	0.101181712	0.173259667
1.853893	0.105598973	0.174153
1.863209	0.102087817	0.175085333
1.872525	0.094536943	0.175986667
1.881841	0.08993091	0.176821333
1.891157	0.085626911	0.177615333
1.900473	0.090232944	0.178371333
1.909789	0.067014007	0.179168
1.919105	0.054404047	0.179759667
1.928421	0.062294711	0.18024
1.937737	0.084607543	0.18079
1.947053	0.133839242	0.181537
1.956369	0.153358251	0.182718667
1.965686	0.129535244	0.184072667
1.975002	0.102691887	0.185216333
1.984318	0.09650017	0.186123
1.993634	0.098803186	0.186975
2.00295	0.107448937	0.187847333
2.012266	0.126061842	0.188796
2.021582	0.110431532	0.189909
2.030898	0.095669574	0.190884
2.040214	0.080567826	0.191728667
2.04953	0.096047117	0.19244
2.058846	0.145014535	0.193288
2.068162	0.232000604	0.194568333
2.077478	0.263223468	0.196616667
2.086794	0.17468947	0.198940667
2.09611	0.045229735	0.200483
2.105426	0.044021595	0.200882333
2.114742	0.059651905	0.201271
2.124058	0.072375127	0.201797667
2.133374	0.075886284	0.202436667
2.14269	0.08060558	0.203106667
2.152006	0.085287122	0.203818333
2.161322	0.092686979	0.204571333
2.170638	0.10340922	0.205389667
2.179955	0.130818892	0.206302667
2.189271	0.096386907	0.207457667
2.198587	0.048967418	0.208308667
2.207903	0.045078718	0.208741
2.217219	0.046551138	0.209139
2.226535	0.051157171	0.20955
2.235851	0.051761241	0.210001667
2.245167	0.05036433	0.210458667
2.254483	0.048476611	0.210903333
2.263799	0.048401102	0.211331333
2.273115	0.051308189	0.211758667
2.282431	0.050704119	0.212211667
2.291747	0.045191981	0.212659333
2.301063	0.04077472	0.213058333
2.310379	0.037905388	0.213418333
2.319695	0.033601389	0.213753
2.329011	0.033790161	0.214049667
2.338327	0.024313814	0.214348
2.347643	0.016989467	0.214562667
2.356959	0.014006871	0.214712667
2.366275	0.010948767	0.214836333
2.375591	0.008607996	0.214933
2.384908	0.009400838	0.215009
2.394224	0.016045607	0.215092
2.40354	0.024729112	0.215233667
2.412856	0.039528825	0.215452
2.422172	0.059387624	0.215801
2.431488	0.095254276	0.216325333
2.440804	0.119115038	0.217166333
2.45012	0.109185638	0.218218
2.459436	0.089666629	0.219182
2.468752	0.091441084	0.219973667
2.478068	0.092347189	0.220781
2.487384	0.092498207	0.221596333
2.4967	0.120209914	0.222413
2.506016	0.161437686	0.223474333
2.515332	0.108317288	0.224899667
2.524648	0.091327821	0.225856
2.533964	0.089289085	0.226662333
2.54328	0.102050062	0.227450667
2.552596	0.103635746	0.228351667
2.561912	0.103522483	0.229266667
2.571228	0.097179749	0.230180667
2.580544	0.138294258	0.231038667
2.58986	0.148034885	0.232259667
2.599177	0.159852003	0.233566667
2.608493	0.115717144	0.234978
2.617809	0.069883339	0.235999667
2.627125	0.051459206	0.236616667
2.636441	0.03507381	0.237071
2.645757	0.023596481	0.237380667
2.655073	0.021935289	0.237589
2.664389	0.025257674	0.237782667
2.673705	0.028202514	0.238005667
2.683021	0.035375845	0.238254667
2.692337	0.060633518	0.238567
2.701653	0.082191264	0.239102333
2.710969	0.123117001	0.239828
2.720285	0.116132442	0.240915
2.729601	0.108090762	0.241940333
2.738917	0.094801223	0.242894667
2.748233	0.065390569	0.243731667
2.757549	0.044399139	0.244309
2.766865	0.039981878	0.244701
2.776181	0.045078718	0.245054
2.785497	0.04794805	0.245452
2.794813	0.066862989	0.245875333
2.80413	0.089553366	0.246465667
2.813446	0.099596028	0.247256333
2.822762	0.084758561	0.248135667
2.832078	0.069128252	0.248884
2.841394	0.073621022	0.249494333
2.85071	0.05840601	0.250144333
2.860026	0.045040963	0.25066
2.869342	0.034620757	0.251057667
2.878658	0.027787216	0.251363333
2.887974	0.045494016	0.251608667
2.89729	0.0587458	0.252010333
2.906606	0.087439121	0.252529
2.915922	0.116661004	0.253301
2.925238	0.12647714	0.254331
2.934554	0.13485861	0.255447667
2.94387	0.09857666	0.256638333
2.953186	0.054441802	0.257508667
2.962502	0.033941179	0.257989333
2.971818	0.025370937	0.258289
2.981134	0.023785253	0.258513
2.99045	0.024313814	0.258723
2.999766	0.02669234	0.258937667
3.009082	0.032015706	0.259173333
3.018399	0.042813456	0.259456
3.027715	0.038282931	0.259834
3.037031	0.035904406	0.260172
3.046347	0.033903424	0.260489
3.055663	0.03205346	0.260788333
3.064979	0.03118511	0.261071333
3.074295	0.03084532	0.261346667
3.083611	0.030392268	0.261619
3.092927	0.031751425	0.261887333
3.102243	0.031222864	0.262167667
3.111559	0.030467777	0.262443333
3.120875	0.029863707	0.262712333
3.130191	0.027107638	0.262976
3.139507	0.025937252	0.263215333
3.148823	0.025672972	0.263444333
3.158139	0.025710726	0.263671
3.167455	0.026277042	0.263898
3.176771	0.027220901	0.26413
3.186087	0.028542304	0.264370333
3.195403	0.030279005	0.264622333
3.204719	0.032279986	0.264889667
3.214035	0.032544267	0.265174667
3.223352	0.035262582	0.265462
3.232668	0.033374863	0.265773333
3.241984	0.0293729	0.266068
3.2513	0.027032129	0.266327333
3.260616	0.02514441	0.266566
3.269932	0.023520973	0.266788
3.279248	0.022048552	0.266995667
3.288564	0.021633254	0.267190333
3.29788	0.021519991	0.267381333
3.307196	0.020085325	0.267571333
3.316512	0.019972062	0.267748667
3.325828	0.021935289	0.267925
3.335144	0.026428059	0.268118667
3.34446	0.030430022	0.268352
3.353776	0.031222864	0.268620667
3.363092	0.029297391	0.268896333
3.372408	0.024540341	0.269155
3.381724	0.023143429	0.269371667
3.39104	0.023256692	0.269576
3.400356	0.024313814	0.269781333
3.409672	0.024313814	0.269996
3.418988	0.023143429	0.270210667
3.428304	0.023407709	0.270415
3.437621	0.020160834	0.270621667
3.446937	0.016460905	0.270799667
3.456253	0.012911995	0.270945
3.465569	0.011703855	0.271059
3.474885	0.010646732	0.271162333
3.484201	0.009740627	0.271256333
3.493517	0.008910031	0.271342333
3.502833	0.008683505	0.271421
3.512149	0.010495715	0.271497667
3.521465	0.012911995	0.271590333
3.530781	0.013327293	0.271704333
3.540097	0.013063012	0.271822
3.549413	0.013629328	0.271937333
3.558729	0.012911995	0.272057667
3.568045	0.012685468	0.272171667
3.577361	0.013780345	0.272283667
3.586677	0.011741609	0.272405333
3.595993	0.010759995	0.272509
3.605309	0.011175294	0.272604
3.614625	0.011703855	0.272702667
3.623941	0.012345679	0.272806
3.633257	0.013100766	0.272915
3.642574	0.013704836	0.273030667
3.65189	0.013931363	0.273151667
3.661206	0.014535432	0.273274667
3.670522	0.015781327	0.273403
3.679838	0.016951712	0.273542333
3.689154	0.018008835	0.273692
3.69847	0.018726168	0.273851
3.707786	0.019367992	0.274016333
3.717102	0.019858799	0.274187333
3.726418	0.021066938	0.274362667
3.735734	0.020953675	0.274548667
3.74505	0.019254729	0.274733667
3.754366	0.017782308	0.274903667
3.763682	0.016800695	0.275060667
3.772998	0.016574168	0.275209
3.782314	0.016121116	0.275355333
3.79163	0.015819081	0.275497667
3.800946	0.015819081	0.275637333
3.810262	0.015668064	0.275777
3.819578	0.015139502	0.275915333
3.828894	0.014535432	0.276049
3.83821	0.013251784	0.276177333
3.847526	0.012232416	0.276294333
3.856843	0.011477329	0.276402333
3.866159	0.010873259	0.276503667
3.875475	0.011817118	0.276599667
3.884791	0.012043644	0.276704
3.894107	0.011892627	0.276810333
3.903423	0.009363084	0.276915333
3.912739	0.006946804	0.276998
3.922055	0.003813191	0.277059333
3.931371	0.00147242	0.277093
3.940687	0.001661192	0.277106
3.950003	0.00181221	0.277120667
3.959319	0.001849964	0.277136667
3.968635	0.001963227	0.277153
3.977951	0.002189753	0.277170333
3.987267	0.002454034	0.277189667
3.996583	0.002756069	0.277211333
4.005899	0.00328463	0.277235667
4.015215	0.004643788	0.277264667
4.024531	0.039377808	0.277305667
4.033847	0.05961415	0.277653333
4.043163	0.055612187	0.278179667
4.052479	0.05123268	0.278670667
4.061795	0.042813456	0.279123
4.071112	0.050515347	0.279501
4.080428	0.063012044	0.279947
4.089744	0.041605316	0.280503333
4.09906	0.007966172	0.280870667
4.108376	0.016121116	0.280941
4.117692	0.102125571	0.281083333
4.127008	0.089817646	0.281985
4.136324	0.073809793	0.282778
4.14564	0.059802922	0.283429667
4.154956	0.058934572	0.283957667
4.164272	0.066862989	0.284478
4.173588	0.078302564	0.285068333
4.182904	0.068977234	0.285759667
4.19222	0.062483482	0.286368667
4.201536	0.062861026	0.286920333
4.210852	0.054706082	0.287475333
4.220168	0.043039982	0.287958333
4.229484	0.031260618	0.288338333
4.2388	0.027636199	0.288614333
4.248116	0.01615887	0.288858333
4.257432	0.015856835	0.289001
4.266748	0.005663156	0.289141
4.276065	0.000151017	0.289191
4.285381	0.002114245	0.289192333
4.294697	0.006002945	0.289211
4.304013	0.011628346	0.289264
4.313329	0.012534451	0.289366667
4.322645	0.015668064	0.289477333
4.331961	0.027598445	0.289615667
4.341277	0.038773738	0.289859333
4.350593	0.047004191	0.290201667
4.359909	0.048967418	0.290616667
4.369225	0.044965455	0.291049
4.378541	0.037867633	0.291446
4.387857	0.035111564	0.291780333
4.397173	0.032959565	0.292090333
4.406489	0.030316759	0.292381333
4.415805	0.025219919	0.292649
4.425121	0.022426096	0.292871667
4.434437	0.0215955	0.293069667
4.443753	0.01917922	0.293260333
4.453069	0.017404765	0.293429667
4.462385	0.01649866	0.293583333
4.471701	0.01649866	0.293729
4.481017	0.015592555	0.293874667
4.490334	0.016385397	0.294012333
4.49965	0.017820063	0.294157
4.508966	0.016007853	0.294314333
4.518282	0.011703855	0.294455667
4.527598	0.009929399	0.294559
4.536914	0.009438593	0.294646667
4.54623	0.009174312	0.29473
4.555546	0.00898554	0.294811
4.564862	0.008872277	0.294890333
4.574178	0.008721259	0.294968667
4.583494	0.008721259	0.295045667
4.59281	0.008570242	0.295122667
4.602126	0.008494733	0.295198333
4.611442	0.008607996	0.295273333
4.620758	0.008532488	0.295349333
4.630074	0.008456979	0.295424667
4.63939	0.008456979	0.295499333
4.648706	0.008494733	0.295574
4.658022	0.008494733	0.295649
4.667338	0.008494733	0.295724
4.676654	0.008532488	0.295799
4.68597	0.008419225	0.295874333
4.695287	0.008532488	0.295948667
4.704603	0.008532488	0.296024
4.713919	0.008419225	0.296099333
4.723235	0.008456979	0.296173667
4.732551	0.008456979	0.296248333
4.741867	0.00838147	0.296323
4.751183	0.008305961	0.296397
4.760499	0.00838147	0.296470333
4.769815	0.00838147	0.296544333
4.779131	0.008305961	0.296618333
4.788447	0.008230453	0.296691667
4.797763	0.008268207	0.296764333
4.807079	0.008343716	0.296837333
4.816395	0.00838147	0.296911
4.825711	0.00838147	0.296985
4.835027	0.008570242	0.297059
4.844343	0.008645751	0.297134667
4.853659	0.008494733	0.297211
4.862975	0.008494733	0.297286
4.872291	0.008419225	0.297361
4.881607	0.00838147	0.297435333
4.890923	0.008419225	0.297509333
4.900239	0.008494733	0.297583667
4.909556	0.008759014	0.297658667
4.918872	0.008910031	0.297736
4.928188	0.009098803	0.297814667
4.937504	0.009438593	0.297895
4.94682	0.009702873	0.297978333
4.956136	0.010042662	0.298064
4.965452	0.010571224	0.298152667
4.974768	0.01140182	0.298246
4.984084	0.012760977	0.298346667
4.9934	0.011703855	0.298459333
5.002716	0.010722241	0.298562667
5.012032	0.009967154	0.298657333
5.021348	0.00838147	0.298745333
5.030664	0.005134594	0.298819333
5.03998	0.003133613	0.298864667
5.049296	0.002151999	0.298892333
5.058612	0.002378525	0.298911333
5.067928	0.004455016	0.298932333
5.077244	0.004606033	0.298971667
5.08656	0.004794805	0.299012333
5.095876	0.005436629	0.299054667
5.105192	0.006531506	0.299102667
5.114509	0.008079435	0.299160333
5.123825	0.009438593	0.299231667
5.133141	0.011326311	0.299315
5.142457	0.013025258	0.299415
5.151773	0.014875222	0.29953
5.161089	0.017178238	0.299661333
5.170405	0.020009816	0.299813
5.179721	0.024729112	0.299989667
5.189037	0.033790161	0.300208
5.198353	0.036206441	0.300506333
5.207669	0.031562653	0.300826
5.216985	0.031109601	0.301104667
5.226301	0.032204478	0.301379333
5.235617	0.034696266	0.301663667
5.244933	0.037829879	0.30197
5.254249	0.037263563	0.302304
5.263565	0.033450372	0.302633
5.272881	0.030203496	0.302928333
5.282197	0.02729641	0.303195
5.291513	0.024842376	0.303436
5.300829	0.023332201	0.303655333
5.310145	0.022954657	0.303861333
5.319461	0.022577113	0.304064
5.328778	0.02280364	0.304263333
5.338094	0.024917884	0.304464667
5.34741	0.025672972	0.304684667
5.356726	0.026239287	0.304911333
5.366042	0.025182165	0.305143
5.375358	0.02514441	0.305365333
5.384674	0.025295428	0.305587333
5.39399	0.025861743	0.305810667
5.403306	0.026465813	0.306039
5.412622	0.02695662	0.306272667
5.421938	0.027938234	0.306510667
5.431254	0.028995356	0.306757333
5.44057	0.032279986	0.307013333
5.449886	0.030392268	0.307298333
5.459202	0.029146374	0.307566667
5.468518	0.02816476	0.307824
5.477834	0.033639144	0.308072667
5.48715	0.0332616	0.308369667
5.496466	0.034583003	0.308663333
5.505782	0.035866652	0.308968667
5.515098	0.035111564	0.309285333
5.524414	0.035187073	0.309595333
5.533731	0.035715634	0.309906
5.543047	0.035375845	0.310221333
5.552363	0.034771775	0.310533667
5.561679	0.035791143	0.310840667
5.570995	0.035904406	0.311156667
5.580311	0.035375845	0.311473667
5.589627	0.035187073	0.311786
5.598943	0.035602371	0.312096667
5.608259	0.038660475	0.312411
5.617575	0.039755352	0.312752333
5.626891	0.040057387	0.313103333
5.636207	0.033601389	0.313457
5.645523	0.030543285	0.313753667
5.654839	0.029939215	0.314023333
5.664155	0.028995356	0.314287667
5.673471	0.027069883	0.314543667
5.682787	0.026050515	0.314782667
5.692103	0.02306792	0.315012667
5.701419	0.022501605	0.315216333
5.710735	0.022728131	0.315415
5.720051	0.023445464	0.315615667
5.729367	0.024049534	0.315822667
5.738683	0.046664401	0.316035
5.748	0.114773285	0.316447
5.757316	0.152489901	0.317460333
5.766632	0.115452864	0.318806667
5.775948	0.108128516	0.319826
5.785264	0.114999811	0.320780667
5.79458	0.106807113	0.321796
5.803896	0.058519274	0.322739
5.813212	0.044550157	0.323255667
5.822528	0.021633254	0.323649
5.831844	0.019594518	0.32384
5.84116	0.04432363	0.324013
5.850476	0.044399139	0.324404333
5.859792	0.039340054	0.324796333
5.869108	0.031487145	0.325143667
5.878424	0.024049534	0.325421667
5.88774	0.017253747	0.325634
5.897056	0.015743572	0.325786333
5.906372	0.015668064	0.325925333
5.915688	0.01589459	0.326063667
5.925004	0.016913958	0.326204
5.93432	0.019141466	0.326353333
5.943636	0.019028203	0.326522333
5.952953	0.018273115	0.326690333
5.962269	0.01797108	0.326851667
5.971585	0.018650659	0.327010333
5.980901	0.01978329	0.327175
5.990217	0.021066938	0.327349667
5.999533	0.021482237	0.327535667
6.008849	0.022577113	0.327725333
6.018165	0.023294446	0.327924667
6.027481	0.023407709	0.328130333
6.036797	0.023785253	0.328337
6.046113	0.025937252	0.328547
6.055429	0.018046589	0.328776
6.064745	0.014950731	0.328935333
6.074061	0.016007853	0.329067333
6.083377	0.017631291	0.329208667
6.092693	0.019103711	0.329364333
6.102009	0.02038736	0.329533
6.111325	0.023898516	0.329713
6.120641	0.020236342	0.329924
6.129957	0.018084343	0.330102667
6.139273	0.013667082	0.330262333
6.148589	0.011779363	0.330383
6.157905	0.011250802	0.330487
6.167222	0.011099785	0.330586333
6.176538	0.011099785	0.330684333
6.185854	0.011892627	0.330782333
6.19517	0.011817118	0.330887333
6.204486	0.009287575	0.330991667
6.213802	0.005210103	0.331073667
6.223118	0.003209121	0.331119667
6.232434	0.002454034	0.331148
6.24175	0.003209121	0.331169667
6.251066	0.014195643	0.331198
6.260382	0.034658512	0.331323333
6.269698	0.042360403	0.331629333
6.279014	0.036130932	0.332003333
6.28833	0.030014724	0.332322333
6.297646	0.025559709	0.332587333
6.306962	0.021671008	0.332813
6.316278	0.019254729	0.333004333
6.325594	0.020047571	0.333174333
6.33491	0.016951712	0.333351333
6.344226	0.017291501	0.333501
6.353542	0.018348624	0.333653667
6.362858	0.020500623	0.333815667
6.372175	0.022690376	0.333996667
6.381491	0.022010798	0.334197
6.390807	0.020311851	0.334391333
6.400123	0.021519991	0.334570667
6.409439	0.024615849	0.334760667
6.418755	0.029750444	0.334978
6.428071	0.031751425	0.335240667
6.437387	0.031940197	0.335521
6.446703	0.034016687	0.335803
6.456019	0.028844339	0.336103333
6.465335	0.018348624	0.336358
6.474651	0.014006871	0.33652
6.483967	0.010684487	0.336643667
6.493283	0.007966172	0.336738
6.502599	0.005549892	0.336808333
6.511915	0.003058104	0.336857333
6.521231	0.000113263	0.336884333
6.530547	0	0.336885333
6.539863	0	0.336885333
6.549179	0	0.336885333
6.558495	0	0.336885333
6.567811	0.000339789	0.336885333
6.577127	0.000981614	0.336888333
6.586444	0.001925473	0.336897
6.59576	0.003246876	0.336914
6.605076	0.005323366	0.336942667
6.614392	0.010155926	0.336989667
6.623708	0.014837467	0.337079333
6.633024	0.012836486	0.337210333
6.64234	0.010571224	0.337323667
6.651656	0.009061049	0.337417
6.660972	0.008230453	0.337497
6.670288	0.007550874	0.337569667
6.679604	0.00690905	0.337636333
6.68892	0.00656926	0.337697333
6.698236	0.006455997	0.337755333
6.707552	0.006153962	0.337812333
6.716868	0.005851927	0.337866667
6.726184	0.005663156	0.337918333
6.7355	0.005587647	0.337968333
6.744816	0.005512138	0.338017667
6.754132	0.005663156	0.338066333
6.763448	0.005625401	0.338116333
6.772764	0.005436629	0.338166
6.78208	0.005512138	0.338214
6.791397	0.005549892	0.338262667
6.800713	0.004530524	0.338311667
6.810029	0.004001963	0.338351667
6.819345	0.003586665	0.338387
6.828661	0.003699928	0.338418667
6.837977	0.004039718	0.338451333
6.847293	0.004643788	0.338487
6.856609	0.004606033	0.338528
6.865925	0.004001963	0.338568667
6.875241	0.003813191	0.338604
6.884557	0.003737683	0.338637667
6.893873	0.003699928	0.338670667
6.903189	0.003699928	0.338703333
6.912505	0.003813191	0.338736
6.921821	0.003775437	0.338769667
6.931137	0.003775437	0.338803
6.940453	0.00362442	0.338836333
6.949769	0.003586665	0.338868333
6.959085	0.003397893	0.3389
6.968401	0.003511156	0.33893
6.977717	0.003586665	0.338961
6.987033	0.003058104	0.338992667
6.996349	0.003058104	0.339019667
7.005666	0.003209121	0.339046667
7.014982	0.003435648	0.339075
7.024298	0.00362442	0.339105333
7.033614	0.003850946	0.339137333
7.04293	0.004228489	0.339171333
7.052246	0.004530524	0.339208667
7.061562	0.005436629	0.339248667
7.070878	0.006455997	0.339296667
7.080194	0.006984558	0.339353667
7.08951	0.00717333	0.339415333
7.098826	0.007550874	0.339478667
7.108142	0.007815155	0.339545333
7.117458	0.008230453	0.339614333
7.126774	0.008834523	0.339687
7.13609	0.008683505	0.339765
7.145406	0.00811719	0.339841667
7.154722	0.006380489	0.339913333
7.164038	0.005549892	0.339969667
7.173354	0.005172349	0.340018667
7.18267	0.004794805	0.340064333
7.191986	0.004266244	0.340106667
7.201302	0.004115226	0.340144333
7.210619	0.003964209	0.340180667
7.219935	0.003850946	0.340215667
7.229251	0.003548911	0.340249667
7.238567	0.002944841	0.340281
7.247883	0.002642806	0.340307
7.257199	0.002378525	0.340330333
7.266515	0.001849964	0.340351333
7.275831	0.001359157	0.340367667
7.285147	0.000755087	0.340379667
7.294463	0.000226526	0.340386333
7.303779	0	0.340388333
7.313095	0	0.340388333
7.322411	0	0.340388333
7.331727	7.55087E-05	0.340388333
7.341043	0.000302035	0.340389
7.350359	0.000490807	0.340391667
7.359675	0.000981614	0.340396
7.368991	0.000868351	0.340404667
7.378307	0.001057122	0.340412333
7.387623	0.001283649	0.340421667
7.396939	0.001434666	0.340433
7.406255	0.001661192	0.340445667
7.415571	0.001849964	0.340460333
7.424888	0.002038736	0.340476667
7.434204	0.002340771	0.340494667
7.44352	0.002529543	0.340515333
7.452836	0.002642806	0.340537667
7.462152	0.002718315	0.340561
7.471468	0.002907086	0.340585
7.480784	0.003095858	0.340610667
7.4901	0.003209121	0.340638
7.499416	0.003473402	0.340666333
7.508732	0.003662174	0.340697
7.518048	0.003850946	0.340729333
7.527364	0.004228489	0.340763333
7.53668	0.004530524	0.340800667
7.545996	0.004908068	0.340840667
7.555312	0.005361121	0.340884
7.564628	0.005625401	0.340931333
7.573944	0.006116208	0.340981
7.58326	0.006607015	0.341035
7.592576	0.007135576	0.341093333
7.601892	0.007701891	0.341156333
7.611208	0.008456979	0.341224333
7.620524	0.009400838	0.341299
7.62984	0.010684487	0.341382
7.639157	0.012383433	0.341476333
7.648473	0.015252766	0.341585667
7.657789	0.017329256	0.341720333
7.667105	0.018348624	0.341873333
7.676421	0.020123079	0.342035333
7.685737	0.021897535	0.342213
7.695053	0.020462869	0.342406333
7.704369	0.015026239	0.342587
7.713685	0.012572205	0.342719667
7.723001	0.01106203	0.342830667
7.732317	0.009438593	0.342928333
7.741633	0.008456979	0.343011667
7.750949	0.007852909	0.343086333
7.760265	0.007399857	0.343155667
7.769581	0.006871295	0.343221
7.778897	0.006078454	0.343281667
7.788213	0.005285612	0.343335333
7.797529	0.004681542	0.343382
7.806845	0.004530524	0.343423333
7.816161	0.00449277	0.343463333
7.825477	3.77544E-05	0.343503
7.834793	0	0.343503333
7.84411	0	0.343503333
7.853426	0	0.343503333
7.862742	0	0.343503333
7.872058	0	0.343503333
7.881374	0	0.343503333
7.89069	0	0.343503333
7.900006	0	0.343503333
7.909322	0	0.343503333
7.918638	0	0.343503333
7.927954	0	0.343503333
7.93727	0	0.343503333
7.946586	0	0.343503333
7.955902	0	0.343503333
7.965218	0	0.343503333
7.974534	0	0.343503333
7.98385	0	0.343503333
7.993166	0	0.343503333
8.002482	0	0.343503333
8.011798	0.000755087	0.343503333
8.021114	0.00449277	0.34351
8.03043	0.008910031	0.343549667
8.039746	0.013138521	0.343628333
8.049062	0.01797108	0.343744333
8.058379	0.026314796	0.343903
8.067695	0.04734398	0.344135333
8.077011	0.039340054	0.344553333
8.086327	0.045229735	0.344900667
8.095643	0.041454298	0.3453
8.104959	0.04198286	0.345666
8.114275	0.051194926	0.346036667
8.123591	0.06773134	0.346488667
8.132907	0.051194926	0.347086667
8.142223	0	0.347538667
8.151539	0.000528561	0.347538667
8.160855	0.011250802	0.347543333
8.170171	0.059161098	0.347642667
8.179487	0.150677691	0.348165
8.188803	0.018197606	0.349495333
8.198119	0	0.349656
8.207435	0	0.349656
8.216751	0	0.349656
8.226067	0	0.349656
8.235383	0	0.349656
8.244699	0	0.349656
8.254015	0	0.349656
8.263332	0	0.349656
8.272648	0	0.349656
8.281964	0	0.349656
8.29128	0	0.349656
8.300596	0	0.349656
8.309912	0	0.349656
8.319228	0	0.349656
8.328544	0	0.349656
8.33786	0	0.349656
8.347176	0	0.349656
8.356492	0	0.349656
8.365808	0	0.349656
8.375124	0	0.349656
8.38444	0	0.349656
8.393756	0	0.349656
8.403072	0	0.349656
8.412388	0	0.349656
8.421704	0	0.349656
8.43102	0	0.349656
8.440336	0	0.349656
8.449652	0	0.349656
8.458968	0	0.349656
8.468284	0	0.349656
8.477601	0	0.349656
8.486917	0	0.349656
8.496233	0	0.349656
8.505549	0	0.349656
8.514865	0	0.349656
8.524181	0	0.349656
8.533497	0	0.349656
8.542813	0	0.349656
8.552129	0	0.349656
8.561445	0	0.349656
8.570761	0	0.349656
8.580077	0	0.349656
8.589393	0	0.349656
8.598709	0	0.349656
8.608025	0	0.349656
8.617341	0	0.349656
8.626657	0	0.349656
8.635973	0	0.349656
8.645289	0	0.349656
8.654605	0	0.349656
8.663921	0	0.349656
8.673237	0	0.349656
8.682554	0	0.349656
8.69187	0	0.349656
8.701186	0	0.349656
8.710502	0	0.349656
8.719818	0	0.349656
8.729134	0	0.349656
8.73845	0	0.349656
8.747766	0	0.349656
8.757082	0	0.349656
8.766398	0	0.349656
8.775714	0	0.349656
8.78503	0	0.349656
8.794346	0	0.349656
8.803662	0	0.349656
8.812978	0	0.349656
8.822294	0	0.349656
8.83161	0	0.349656
8.840926	0	0.349656
8.850242	0	0.349656
8.859558	0	0.349656
8.868874	0	0.349656
8.87819	0	0.349656
8.887506	0	0.349656
8.896823	0	0.349656
8.906139	0	0.349656
8.915455	0	0.349656
8.924771	0	0.349656
8.934087	0	0.349656
8.943403	0	0.349656
8.952719	0	0.349656
8.962035	0	0.349656
8.971351	0	0.349656
8.980667	0	0.349656
8.989983	0	0.349656
8.999299	0	0.349656
9.008615	0	0.349656
9.017931	0	0.349656
9.027247	0	0.349656
9.036563	0	0.349656
9.045879	0	0.349656
9.055195	0	0.349656
9.064511	0	0.349656
9.073827	0	0.349656
9.083143	0	0.349656
9.092459	0	0.349656
9.101776	0	0.349656
9.111092	0	0.349656
9.120408	0	0.349656
9.129724	0	0.349656
9.13904	0	0.349656
9.148356	0	0.349656
9.157672	0	0.349656
9.166988	0	0.349656
9.176304	0	0.349656
9.18562	0	0.349656
9.194936	0	0.349656
9.204252	0	0.349656
9.213568	0	0.349656
9.222884	0	0.349656
9.2322	0	0.349656
9.241516	0	0.349656
9.250832	0	0.349656
9.260148	0	0.349656
9.269464	0	0.349656
9.27878	0	0.349656
9.288096	0	0.349656
9.297412	0	0.349656
9.306728	0	0.349656
9.316045	0	0.349656
9.325361	0	0.349656
9.334677	0	0.349656
9.343993	0	0.349656
9.353309	0	0.349656
9.362625	0	0.349656
9.371941	0	0.349656
9.381257	0	0.349656
9.390573	0	0.349656
9.399889	0.097444029	0.349656
9.409205	0.322988636	0.350516333
9.418521	0.110809076	0.353368
9.427837	0.015441537	0.354346333
9.437153	0.074866916	0.354482667
9.446469	0.207724544	0.355143667
9.455785	0.215577453	0.356977667
9.465101	0.138558538	0.358881
9.474417	0.327368143	0.360104333
9.483733	0.169743648	0.362994667
9.493049	0.258957224	0.364493333
9.502365	0.190697323	0.366779667
9.511681	0.017555782	0.368463333
9.520998	0	0.368618333
9.530314	0	0.368618333
9.53963	0	0.368618333
9.548946	0	0.368618333
9.558262	0	0.368618333
9.567578	0	0.368618333
9.576894	0	0.368618333
9.58621	0	0.368618333
9.595526	0	0.368618333
9.604842	0	0.368618333
9.614158	0	0.368618333
9.623474	0	0.368618333
9.63279	0	0.368618333
9.642106	0	0.368618333
9.651422	0	0.368618333
9.660738	0	0.368618333
9.670054	0	0.368618333
9.67937	0	0.368618333
9.688686	0	0.368618333
9.698002	0	0.368618333
9.707318	0	0.368618333
9.716634	0	0.368618333
9.72595	0	0.368618333
9.735267	0	0.368618333
9.744583	0	0.368618333
9.753899	0	0.368618333
9.763215	0	0.368618333
9.772531	0	0.368618333
9.781847	0	0.368618333
9.791163	0	0.368618333
9.800479	0	0.368618333
9.809795	0	0.368618333
9.819111	0	0.368618333
9.828427	0	0.368618333
9.837743	0	0.368618333
9.847059	0	0.368618333
9.856375	0	0.368618333
9.865691	0	0.368618333
9.875007	0	0.368618333
9.884323	0	0.368618333
9.893639	0	0.368618333
9.902955	0	0.368618333
9.912271	0	0.368618333
9.921587	0	0.368618333
9.930903	0	0.368618333
9.94022	0	0.368618333
9.949536	0	0.368618333
9.958852	0	0.368618333
9.968168	0	0.368618333
9.977484	0	0.368618333
9.9868	0	0.368618333
9.996116	0	0.368618333
10.005432	0	0.368618333
10.014748	0	0.368618333
10.024064	0	0.368618333
10.03338	0	0.368618333
10.042696	0	0.368618333
10.052012	0	0.368618333
10.061328	0	0.368618333
10.070644	0	0.368618333
10.07996	0	0.368618333
10.089276	0	0.368618333
10.098592	0	0.368618333
10.107908	0	0.368618333
10.117224	0	0.368618333
10.12654	0	0.368618333
10.135856	0	0.368618333
10.145172	0	0.368618333
10.154489	0	0.368618333
10.163805	0	0.368618333
10.173121	0	0.368618333
10.182437	0	0.368618333
10.191753	0	0.368618333
10.201069	0	0.368618333
10.210385	0	0.368618333
10.219701	0	0.368618333
10.229017	0	0.368618333
10.238333	0	0.368618333
10.247649	0	0.368618333
10.256965	0	0.368618333
10.266281	0	0.368618333
10.275597	0	0.368618333
10.284913	0	0.368618333
10.294229	0	0.368618333
10.303545	0	0.368618333
10.312861	0	0.368618333
10.322177	0	0.368618333
10.331493	0	0.368618333
10.340809	0	0.368618333
10.350125	0	0.368618333
10.359442	0	0.368618333
10.368758	0	0.368618333
10.378074	0	0.368618333
10.38739	0	0.368618333
10.396706	0	0.368618333
10.406022	0	0.368618333
10.415338	0	0.368618333
10.424654	0	0.368618333
10.43397	0	0.368618333
10.443286	0	0.368618333
10.452602	0	0.368618333
10.461918	0	0.368618333
10.471234	0	0.368618333
10.48055	0	0.368618333
10.489866	0	0.368618333
10.499182	0	0.368618333
10.508498	0	0.368618333
10.517814	0	0.368618333
10.52713	0	0.368618333
10.536446	0	0.368618333
10.545762	0	0.368618333
10.555078	0	0.368618333
10.564394	0	0.368618333
10.573711	0	0.368618333
10.583027	0.017857817	0.368618333
10.592343	0.065201797	0.368776
10.601659	0.078944388	0.369351667
10.610975	0.09891645	0.370048667
10.620291	0.128629139	0.370922
10.629607	0.164382527	0.372057667
10.638923	0.14954506	0.373509
10.648239	0.136821837	0.374829333
10.657555	0.123872088	0.376037333
10.666871	0.105145921	0.377131
10.676187	0.063049798	0.378059333
10.685503	0.042020614	0.378616
10.694819	0.015781327	0.378987
10.704135	0	0.379126333
10.713451	0.019632272	0.379126333
10.722767	0.090383962	0.379299667
10.732083	0.167251859	0.380097667
10.741399	0.283610828	0.381574333
10.750715	0.203873598	0.384078333
10.760031	0.121229282	0.385878333
10.769347	0.084305508	0.386948667
10.778663	0.086646279	0.387693
10.78798	0.29218107	0.388458
10.797296	0.440442481	0.391037667
10.806612	0.346471854	0.394926333
10.815928	0.644278325	0.397985333
10.825244	0.424887681	0.403673667
10.83456	0	0.407425
10.843876	0	0.407425
10.853192	0	0.407425
10.862508	0	0.407425
10.871824	0	0.407425
10.88114	0	0.407425
10.890456	0	0.407425
10.899772	0	0.407425
10.909088	0	0.407425
10.918404	0	0.407425
10.92772	0	0.407425
10.937036	0	0.407425
10.946352	0	0.407425
10.955668	0	0.407425
10.964984	0	0.407425
10.9743	0	0.407425
10.983616	0	0.407425
10.992933	0	0.407425
11.002249	0	0.407425
11.011565	0	0.407425
11.020881	0	0.407425
11.030197	0	0.407425
11.039513	0	0.407425
11.048829	0	0.407425
11.058145	0	0.407425
11.067461	0	0.407425
11.076777	0	0.407425
11.086093	0	0.407425
11.095409	0	0.407425
11.104725	0	0.407425
11.114041	0	0.407425
11.123357	0	0.407425
11.132673	0	0.407425
11.141989	0	0.407425
11.151305	0	0.407425
11.160621	0	0.407425
11.169937	0	0.407425
11.179253	0	0.407425
11.188569	0	0.407425
11.197885	0	0.407425
11.207202	0	0.407425
11.216518	0	0.407425
11.225834	0	0.407425
11.23515	0	0.407425
11.244466	0	0.407425
11.253782	0	0.407425
11.263098	0	0.407425
11.272414	0	0.407425
11.28173	0	0.407425
11.291046	0	0.407425
11.300362	0	0.407425
11.309678	0	0.407425
11.318994	0	0.407425
11.32831	0	0.407425
11.337626	0	0.407425
11.346942	0	0.407425
11.356258	0	0.407425
11.365574	0	0.407425
11.37489	0	0.407425
11.384206	0	0.407425
11.393522	0	0.407425
11.402838	0	0.407425
11.412155	0	0.407425
11.421471	0	0.407425
11.430787	0	0.407425
11.440103	0	0.407425
11.449419	0	0.407425
11.458735	0	0.407425
11.468051	0	0.407425
11.477367	0	0.407425
11.486683	0	0.407425
11.495999	0	0.407425
11.505315	0	0.407425
11.514631	0	0.407425
11.523947	0	0.407425
11.533263	0	0.407425
11.542579	0	0.407425
11.551895	0	0.407425
11.561211	0	0.407425
11.570527	0.000377544	0.407425
11.579843	0.171895647	0.407428333
11.589159	0.124929211	0.408946
11.598475	0.057009099	0.410049
11.607791	0.019745536	0.410552333
11.617107	0	0.410726667
11.626424	0.024313814	0.410726667
11.63574	0.286178125	0.410941333
11.645056	0.097481784	0.413468
11.654372	0.171895647	0.414328667
11.663688	0.186506588	0.415846333
11.673004	0.220598784	0.417493
11.68232	0.030543285	0.419440667
11.691636	0	0.419710333
11.700952	0	0.419710333
11.710268	0	0.419710333
11.719584	0	0.419710333
11.7289	0	0.419710333
11.738216	0	0.419710333
11.747532	0	0.419710333
11.756848	0	0.419710333
11.766164	0	0.419710333
11.77548	0	0.419710333
11.784796	0	0.419710333
11.794112	0	0.419710333
11.803428	0	0.419710333
11.812744	0	0.419710333
11.82206	0	0.419710333
11.831377	0	0.419710333
11.840693	0	0.419710333
11.850009	0	0.419710333
11.859325	0	0.419710333
11.868641	0	0.419710333
11.877957	0	0.419710333
11.887273	0	0.419710333
11.896589	0	0.419710333
11.905905	0	0.419710333
11.915221	0	0.419710333
11.924537	0	0.419710333
11.933853	0	0.419710333
11.943169	0	0.419710333
11.952485	0	0.419710333
11.961801	0	0.419710333
11.971117	0	0.419710333
11.980433	0	0.419710333
11.989749	0	0.419710333
11.999065	0	0.419710333
12.008381	0	0.419710333
12.017697	0	0.419710333
12.027013	0	0.419710333
12.036329	0	0.419710333
12.045646	0	0.419710333
12.054962	0	0.419710333
12.064278	0	0.419710333
12.073594	0	0.419710333
12.08291	0	0.419710333
12.092226	0	0.419710333
12.101542	0	0.419710333
12.110858	0	0.419710333
12.120174	0	0.419710333
12.12949	0	0.419710333
12.138806	0	0.419710333
12.148122	0	0.419710333
12.157438	0	0.419710333
12.166754	0	0.419710333
12.17607	0	0.419710333
12.185386	0	0.419710333
12.194702	0	0.419710333
12.204018	0	0.419710333
12.213334	0	0.419710333
12.22265	0	0.419710333
12.231966	0	0.419710333
12.241282	0	0.419710333
12.250599	0	0.419710333
12.259915	0	0.419710333
12.269231	0	0.419710333
12.278547	0	0.419710333
12.287863	0	0.419710333
12.297179	0	0.419710333
12.306495	0	0.419710333
12.315811	0	0.419710333
12.325127	0	0.419710333
12.334443	0	0.419710333
12.343759	0	0.419710333
12.353075	0	0.419710333
12.362391	0	0.419710333
12.371707	0	0.419710333
12.381023	0	0.419710333
12.390339	0	0.419710333
12.399655	0	0.419710333
12.408971	0	0.419710333
12.418287	0	0.419710333
12.427603	0	0.419710333
12.436919	0	0.419710333
12.446235	0	0.419710333
12.455551	0	0.419710333
12.464868	0	0.419710333
12.474184	0	0.419710333
12.4835	0	0.419710333
12.492816	0	0.419710333
12.502132	0	0.419710333
12.511448	0	0.419710333
12.520764	0	0.419710333
12.53008	0	0.419710333
12.539396	0	0.419710333
12.548712	0	0.419710333
12.558028	0	0.419710333
12.567344	0	0.419710333
12.57666	0	0.419710333
12.585976	0	0.419710333
12.595292	0	0.419710333
12.604608	0	0.419710333
12.613924	0	0.419710333
12.62324	0	0.419710333
12.632556	0	0.419710333
12.641872	0	0.419710333
12.651188	0	0.419710333
12.660504	0	0.419710333
12.669821	0	0.419710333
12.679137	0	0.419710333
12.688453	0	0.419710333
12.697769	0	0.419710333
12.707085	0	0.419710333
12.716401	0	0.419710333
12.725717	0	0.419710333
12.735033	0	0.419710333
12.744349	0	0.419710333
12.753665	0	0.419710333
12.762981	0	0.419710333
12.772297	0	0.419710333
12.781613	0	0.419710333
12.790929	0	0.419710333
12.800245	0	0.419710333
12.809561	0	0.419710333
12.818877	0	0.419710333
12.828193	0	0.419710333
12.837509	0	0.419710333
12.846825	0	0.419710333
12.856141	0	0.419710333
12.865457	0	0.419710333
12.874773	0	0.419710333
12.88409	0	0.419710333
12.893406	0	0.419710333
12.902722	0	0.419710333
12.912038	0	0.419710333
12.921354	0	0.419710333
12.93067	0	0.419710333
12.939986	0	0.419710333
12.949302	0	0.419710333
12.958618	0	0.419710333
12.967934	0	0.419710333
12.97725	0	0.419710333
12.986566	0	0.419710333
12.995882	0	0.419710333
13.005198	0	0.419710333
13.014514	0	0.419710333
13.02383	0	0.419710333
13.033146	0	0.419710333
13.042462	0	0.419710333
13.051778	0	0.419710333
13.061094	0	0.419710333
13.07041	0	0.419710333
13.079726	0	0.419710333
13.089043	0	0.419710333
13.098359	0	0.419710333
13.107675	0	0.419710333
13.116991	0	0.419710333
13.126307	0	0.419710333
13.135623	0	0.419710333
13.144939	0	0.419710333
13.154255	0	0.419710333
13.163571	0	0.419710333
13.172887	0	0.419710333
13.182203	0	0.419710333
13.191519	0	0.419710333
13.200835	0	0.419710333
13.210151	0	0.419710333
13.219467	0	0.419710333
13.228783	0	0.419710333
13.238099	0	0.419710333
13.247415	0	0.419710333
13.256731	0	0.419710333
13.266047	0.014006871	0.419710333
13.275363	0.157775513	0.419834
13.284679	0.235813795	0.421227
13.293995	0.137878959	0.423309
13.303312	0.082153509	0.424526333
13.312628	0.132064786	0.425251667
13.321944	0.146751236	0.426417667
13.33126	0.08181372	0.427713333
13.340576	0.032884056	0.428435667
13.349892	0	0.428726
13.359208	0	0.428726
13.368524	0	0.428726
13.37784	0	0.428726
13.387156	0	0.428726
13.396472	0.027938234	0.428726
13.405788	0.084192245	0.428972667
13.415104	0.154453128	0.429716
13.42442	0.124400649	0.431079667
13.433736	0.075093442	0.432178
13.443052	0.043530789	0.432841
13.452368	0.022161815	0.433225333
13.461684	0.102352097	0.433421
13.471	0.124702684	0.434324667
13.480316	0.120965002	0.435425667
13.489632	0.058103976	0.436493667
13.498948	0.0449277	0.437006667
13.508265	0.036697248	0.437403333
13.517581	0.012723223	0.437727333
13.526897	0	0.437839667
13.536213	0	0.437839667
13.545529	0	0.437839667
13.554845	0	0.437839667
13.564161	0	0.437839667
13.573477	0	0.437839667
13.582793	0	0.437839667
13.592109	0	0.437839667
13.601425	0	0.437839667
13.610741	0	0.437839667
13.620057	0	0.437839667
13.629373	0	0.437839667
13.638689	0	0.437839667
13.648005	0	0.437839667
13.657321	0	0.437839667
13.666637	0	0.437839667
13.675953	0	0.437839667
13.685269	0	0.437839667
13.694585	0	0.437839667
13.703901	0	0.437839667
13.713217	0	0.437839667
13.722534	0	0.437839667
13.73185	0	0.437839667
13.741166	0	0.437839667
13.750482	0	0.437839667
13.759798	0	0.437839667
13.769114	0	0.437839667
13.77843	0	0.437839667
13.787746	0	0.437839667
13.797062	0	0.437839667
13.806378	0	0.437839667
13.815694	0	0.437839667
13.82501	0	0.437839667
13.834326	0	0.437839667
13.843642	0	0.437839667
13.852958	0	0.437839667
13.862274	0	0.437839667
13.87159	0	0.437839667
13.880906	0	0.437839667
13.890222	0	0.437839667
13.899538	0	0.437839667
13.908854	0	0.437839667
13.91817	0	0.437839667
13.927487	0	0.437839667
13.936803	0	0.437839667
13.946119	0	0.437839667
13.955435	0	0.437839667
13.964751	0	0.437839667
13.974067	0	0.437839667
13.983383	0	0.437839667
13.992699	0	0.437839667
14.002015	0	0.437839667
14.011331	0	0.437839667
14.020647	0	0.437839667
14.029963	0	0.437839667
14.039279	0	0.437839667
14.048595	0	0.437839667
14.057911	0	0.437839667
14.067227	0	0.437839667
14.076543	0	0.437839667
14.085859	0	0.437839667
14.095175	0	0.437839667
14.104491	0	0.437839667
14.113807	0	0.437839667
14.123123	0	0.437839667
14.132439	0	0.437839667
14.141756	0	0.437839667
14.151072	0	0.437839667
14.160388	0	0.437839667
14.169704	0	0.437839667
14.17902	0	0.437839667
14.188336	0	0.437839667
14.197652	0	0.437839667
14.206968	0	0.437839667
14.216284	0	0.437839667
14.2256	0	0.437839667
14.234916	0	0.437839667
14.244232	0	0.437839667
14.253548	0	0.437839667
14.262864	0	0.437839667
14.27218	0	0.437839667
14.281496	0	0.437839667
14.290812	0	0.437839667
14.300128	0	0.437839667
14.309444	0	0.437839667
14.31876	0	0.437839667
14.328076	0	0.437839667
14.337392	0	0.437839667
14.346708	0	0.437839667
14.356025	0	0.437839667
14.365341	0	0.437839667
14.374657	0	0.437839667
14.383973	0	0.437839667
14.393289	0	0.437839667
14.402605	0	0.437839667
14.411921	0	0.437839667
14.421237	0	0.437839667
14.430553	0	0.437839667
14.439869	0	0.437839667
14.449185	0	0.437839667
14.458501	0	0.437839667
14.467817	0	0.437839667
14.477133	0	0.437839667
14.486449	0	0.437839667
14.495765	0	0.437839667
14.505081	0	0.437839667
14.514397	0	0.437839667
14.523713	0	0.437839667
14.533029	0	0.437839667
14.542345	0	0.437839667
14.551661	0	0.437839667
14.560978	0	0.437839667
14.570294	0	0.437839667
14.57961	0	0.437839667
14.588926	0	0.437839667
14.598242	0	0.437839667
14.607558	0	0.437839667
14.616874	0	0.437839667
14.62619	0	0.437839667
14.635506	0	0.437839667
14.644822	0	0.437839667
14.654138	0	0.437839667
14.663454	0	0.437839667
14.67277	0	0.437839667
14.682086	0	0.437839667
14.691402	0	0.437839667
14.700718	0	0.437839667
14.710034	0	0.437839667
14.71935	0	0.437839667
14.728666	0	0.437839667
14.737982	0	0.437839667
14.747298	0	0.437839667
14.756614	0	0.437839667
14.76593	0	0.437839667
14.775247	0	0.437839667
14.784563	0	0.437839667
14.793879	0	0.437839667
14.803195	0	0.437839667
14.812511	0	0.437839667
14.821827	0	0.437839667
14.831143	0	0.437839667
14.840459	0	0.437839667
14.849775	0	0.437839667
14.859091	0	0.437839667
14.868407	0	0.437839667
14.877723	0	0.437839667
14.887039	0	0.437839667
14.896355	0	0.437839667
14.905671	0	0.437839667
14.914987	0	0.437839667
14.924303	0	0.437839667
14.933619	0	0.437839667
14.942935	0	0.437839667
14.952251	0	0.437839667
14.961567	0	0.437839667
14.970883	0	0.437839667
14.9802	0	0.437839667
14.989516	0	0.437839667
14.998832	0	0.437839667
15.008148	0	0.437839667
15.017464	0	0.437839667
15.02678	0	0.437839667
15.036096	0	0.437839667
15.045412	0	0.437839667
15.054728	0	0.437839667
15.064044	0	0.437839667
15.07336	0	0.437839667
15.082676	0	0.437839667
15.091992	0	0.437839667
15.101308	0	0.437839667
15.110624	0	0.437839667
15.11994	0	0.437839667
15.129256	0	0.437839667
15.138572	0	0.437839667
15.147888	0	0.437839667
15.157204	0	0.437839667
15.16652	0	0.437839667
15.175836	0	0.437839667
15.185152	0	0.437839667
15.194469	0	0.437839667
15.203785	0	0.437839667
15.213101	0	0.437839667
15.222417	0	0.437839667
15.231733	0	0.437839667
15.241049	0	0.437839667
15.250365	0	0.437839667
15.259681	0	0.437839667
15.268997	0	0.437839667
15.278313	0	0.437839667
15.287629	0	0.437839667
15.296945	0	0.437839667
15.306261	0	0.437839667
15.315577	0	0.437839667
15.324893	0	0.437839667
15.334209	0	0.437839667
15.343525	0	0.437839667
15.352841	0	0.437839667
15.362157	0	0.437839667
15.371473	0	0.437839667
15.380789	0	0.437839667
15.390105	0	0.437839667
15.399422	0	0.437839667
15.408738	0	0.437839667
15.418054	0	0.437839667
15.42737	0	0.437839667
15.436686	0	0.437839667
15.446002	0	0.437839667
15.455318	0	0.437839667
15.464634	0	0.437839667
15.47395	0	0.437839667
15.483266	0	0.437839667
15.492582	0	0.437839667
15.501898	0	0.437839667
15.511214	0	0.437839667
15.52053	0	0.437839667
15.529846	0	0.437839667
15.539162	0	0.437839667
15.548478	0	0.437839667
15.557794	0	0.437839667
15.56711	0	0.437839667
15.576426	0	0.437839667
15.585742	0	0.437839667
15.595058	0	0.437839667
15.604374	0	0.437839667
15.613691	0	0.437839667
15.623007	0	0.437839667
15.632323	0	0.437839667
15.641639	0	0.437839667
15.650955	0	0.437839667
15.660271	0	0.437839667
15.669587	0	0.437839667
15.678903	0	0.437839667
15.688219	0	0.437839667
15.697535	0	0.437839667
15.706851	0	0.437839667
15.716167	0	0.437839667
15.725483	0	0.437839667
15.734799	0	0.437839667
15.744115	0	0.437839667
15.753431	0	0.437839667
15.762747	0	0.437839667
15.772063	0	0.437839667
15.781379	0	0.437839667
15.790695	0.023369955	0.437839667
15.800011	0.380866085	0.438046
15.809327	0.241741232	0.441408667
15.818644	0.245667686	0.443543
15.82796	0.073583267	0.445712
15.837276	0.067693586	0.446361667
15.846592	0.086533016	0.446959333
15.855908	0.157284706	0.447723333
15.865224	0.127911806	0.449112
15.87454	0.023218938	0.450241333
15.883856	0.092347189	0.450446333
15.893172	0.303620644	0.451261667
15.902488	0.058330502	0.453942333
15.911804	0	0.454457333
15.92112	0	0.454457333
15.930436	0	0.454457333
15.939752	0	0.454457333
15.949068	0	0.454457333
15.958384	0	0.454457333
15.9677	0	0.454457333
15.977016	0	0.454457333
15.986332	0	0.454457333
15.995648	0	0.454457333
16.004964	0	0.454457333
16.01428	0	0.454457333
16.023596	0	0.454457333
16.032913	0	0.454457333
16.042229	0	0.454457333
16.051545	0	0.454457333
16.060861	0	0.454457333
16.070177	0	0.454457333
16.079493	0	0.454457333
16.088809	0	0.454457333
16.098125	0	0.454457333
16.107441	0	0.454457333
16.116757	0	0.454457333
16.126073	0	0.454457333
16.135389	0	0.454457333
16.144705	0	0.454457333
16.154021	0	0.454457333
16.163337	0	0.454457333
16.172653	0	0.454457333
16.181969	0	0.454457333
16.191285	0	0.454457333
16.200601	0	0.454457333
16.209917	0	0.454457333
16.219233	0	0.454457333
16.228549	0	0.454457333
16.237866	0	0.454457333
16.247182	0	0.454457333
16.256498	0	0.454457333
16.265814	0	0.454457333
16.27513	0	0.454457333
16.284446	0	0.454457333
16.293762	0	0.454457333
16.303078	0	0.454457333
16.312394	0	0.454457333
16.32171	0	0.454457333
16.331026	0	0.454457333
16.340342	0	0.454457333
16.349658	0	0.454457333
16.358974	0	0.454457333
16.36829	0	0.454457333
16.377606	0	0.454457333
16.386922	0	0.454457333
16.396238	0	0.454457333
16.405554	0	0.454457333
16.41487	0	0.454457333
16.424186	0	0.454457333
16.433502	0	0.454457333
16.442818	0	0.454457333
16.452135	0	0.454457333
16.461451	0	0.454457333
16.470767	0	0.454457333
16.480083	0	0.454457333
16.489399	0	0.454457333
16.498715	0	0.454457333
16.508031	0	0.454457333
16.517347	0	0.454457333
16.526663	0	0.454457333
16.535979	0	0.454457333
16.545295	0	0.454457333
16.554611	0	0.454457333
16.563927	0	0.454457333
16.573243	0	0.454457333
16.582559	0	0.454457333
16.591875	0	0.454457333
16.601191	0	0.454457333
16.610507	0	0.454457333
16.619823	0	0.454457333
16.629139	0	0.454457333
16.638455	0	0.454457333
16.647771	0	0.454457333
16.657088	0	0.454457333
16.666404	0	0.454457333
16.67572	0	0.454457333
16.685036	0	0.454457333
16.694352	0	0.454457333
16.703668	0	0.454457333
16.712984	0	0.454457333
16.7223	0	0.454457333
16.731616	0	0.454457333
16.740932	0	0.454457333
16.750248	0	0.454457333
16.759564	0	0.454457333
16.76888	0	0.454457333
16.778196	0	0.454457333
16.787512	0	0.454457333
16.796828	0	0.454457333
16.806144	0	0.454457333
16.81546	0	0.454457333
16.824776	0	0.454457333
16.834092	0	0.454457333
16.843408	0	0.454457333
16.852724	0	0.454457333
16.86204	0	0.454457333
16.871357	0	0.454457333
16.880673	0	0.454457333
16.889989	0	0.454457333
16.899305	0	0.454457333
16.908621	0	0.454457333
16.917937	0	0.454457333
16.927253	0	0.454457333
16.936569	0	0.454457333
16.945885	0	0.454457333
16.955201	0	0.454457333
16.964517	0	0.454457333
16.973833	0	0.454457333
16.983149	0	0.454457333
16.992465	0	0.454457333
17.001781	0	0.454457333
17.011097	0	0.454457333
17.020413	0	0.454457333
17.029729	0	0.454457333
17.039045	0	0.454457333
17.048361	0	0.454457333
17.057677	0	0.454457333
17.066993	0	0.454457333
17.07631	0	0.454457333
17.085626	0	0.454457333
17.094942	0	0.454457333
17.104258	0	0.454457333
17.113574	0	0.454457333
17.12289	0	0.454457333
17.132206	0	0.454457333
17.141522	0	0.454457333
17.150838	0	0.454457333
17.160154	0	0.454457333
17.16947	0	0.454457333
17.178786	0	0.454457333
17.188102	0	0.454457333
17.197418	0	0.454457333
17.206734	0	0.454457333
17.21605	0	0.454457333
17.225366	0	0.454457333
17.234682	0	0.454457333
17.243998	0	0.454457333
17.253314	0	0.454457333
17.26263	0	0.454457333
17.271946	0	0.454457333
17.281262	0	0.454457333
17.290579	0	0.454457333
17.299895	0	0.454457333
17.309211	0	0.454457333
17.318527	0	0.454457333
17.327843	0	0.454457333
17.337159	0	0.454457333
17.346475	0	0.454457333
17.355791	0	0.454457333
17.365107	0	0.454457333
17.374423	0	0.454457333
17.383739	0	0.454457333
17.393055	0	0.454457333
17.402371	0	0.454457333
17.411687	0	0.454457333
17.421003	0	0.454457333
17.430319	0	0.454457333
17.439635	0	0.454457333
17.448951	0	0.454457333
17.458267	0	0.454457333
17.467583	0	0.454457333
17.476899	0	0.454457333
17.486215	0	0.454457333
17.495532	0	0.454457333
17.504848	0	0.454457333
17.514164	0	0.454457333
17.52348	0	0.454457333
17.532796	0	0.454457333
17.542112	0	0.454457333
17.551428	0	0.454457333
17.560744	0	0.454457333
17.57006	0	0.454457333
17.579376	0	0.454457333
17.588692	0	0.454457333
17.598008	0	0.454457333
17.607324	0	0.454457333
17.61664	0	0.454457333
17.625956	0	0.454457333
17.635272	0	0.454457333
17.644588	0	0.454457333
17.653904	0	0.454457333
17.66322	0	0.454457333
17.672536	0	0.454457333
17.681852	0	0.454457333
17.691168	0	0.454457333
17.700484	0	0.454457333
17.709801	0	0.454457333
17.719117	0	0.454457333
17.728433	0	0.454457333
17.737749	0	0.454457333
17.747065	0	0.454457333
17.756381	0	0.454457333
17.765697	0	0.454457333
17.775013	0	0.454457333
17.784329	0	0.454457333
17.793645	0	0.454457333
17.802961	0	0.454457333
17.812277	0	0.454457333
17.821593	0	0.454457333
17.830909	0	0.454457333
17.840225	0	0.454457333
17.849541	0	0.454457333
17.858857	0	0.454457333
17.868173	0	0.454457333
17.877489	0	0.454457333
17.886805	0	0.454457333
17.896121	0	0.454457333
17.905437	0	0.454457333
17.914753	0	0.454457333
17.92407	0	0.454457333
17.933386	0	0.454457333
17.942702	0	0.454457333
17.952018	0	0.454457333
17.961334	0	0.454457333
17.97065	0	0.454457333
17.979966	0	0.454457333
17.989282	0	0.454457333
17.998598	0	0.454457333
18.007914	0	0.454457333
18.01723	0	0.454457333
18.026546	0	0.454457333
18.035862	0	0.454457333
18.045178	0	0.454457333
18.054494	0	0.454457333
18.06381	0	0.454457333
18.073126	0	0.454457333
18.082442	0	0.454457333
18.091758	0	0.454457333
18.101074	0	0.454457333
18.11039	0	0.454457333
18.119706	0	0.454457333
18.129023	0	0.454457333
18.138339	0	0.454457333
18.147655	0	0.454457333
18.156971	0	0.454457333
18.166287	0	0.454457333
18.175603	0	0.454457333
18.184919	0	0.454457333
18.194235	0	0.454457333
18.203551	0	0.454457333
18.212867	0	0.454457333
18.222183	0	0.454457333
18.231499	0.019972062	0.454457333
18.240815	0.224865028	0.454633667
18.250131	0.443840375	0.456619
18.259447	0.277117076	0.460537667
18.268763	0	0.462984333
18.278079	0	0.462984333
18.287395	0.607354551	0.462984333
18.296711	0.513685959	0.468346667
18.306027	0.097595047	0.472882
18.315343	0	0.473743667
18.324659	0	0.473743667
18.333975	0	0.473743667
18.343292	0	0.473743667
18.352608	0	0.473743667
18.361924	0	0.473743667
18.37124	0	0.473743667
18.380556	0	0.473743667
18.389872	0	0.473743667
18.399188	0	0.473743667
18.408504	0	0.473743667
18.41782	0	0.473743667
18.427136	0	0.473743667
18.436452	0	0.473743667
18.445768	0	0.473743667
18.455084	0	0.473743667
18.4644	0	0.473743667
18.473716	0	0.473743667
18.483032	0	0.473743667
18.492348	0	0.473743667
18.501664	0	0.473743667
18.51098	0	0.473743667
18.520296	0	0.473743667
18.529612	0	0.473743667
18.538928	0	0.473743667
18.548245	0	0.473743667
18.557561	0	0.473743667
18.566877	0	0.473743667
18.576193	0	0.473743667
18.585509	0	0.473743667
18.594825	0	0.473743667
18.604141	0	0.473743667
18.613457	0	0.473743667
18.622773	0	0.473743667
18.632089	0	0.473743667
18.641405	0	0.473743667
18.650721	0	0.473743667
18.660037	0	0.473743667
18.669353	0	0.473743667
18.678669	0	0.473743667
18.687985	0	0.473743667
18.697301	0	0.473743667
18.706617	0	0.473743667
18.715933	0	0.473743667
18.725249	0	0.473743667
18.734565	0	0.473743667
18.743881	0	0.473743667
18.753197	0	0.473743667
18.762514	0	0.473743667
18.77183	0	0.473743667
18.781146	0	0.473743667
18.790462	0	0.473743667
18.799778	0	0.473743667
18.809094	0	0.473743667
18.81841	0	0.473743667
18.827726	0	0.473743667
18.837042	0	0.473743667
18.846358	0	0.473743667
18.855674	0	0.473743667
18.86499	0	0.473743667
18.874306	0	0.473743667
18.883622	0	0.473743667
18.892938	0	0.473743667
18.902254	0	0.473743667
18.91157	0	0.473743667
18.920886	0	0.473743667
18.930202	0	0.473743667
18.939518	0	0.473743667
18.948834	0	0.473743667
18.95815	0	0.473743667
18.967467	0	0.473743667
18.976783	0	0.473743667
18.986099	0	0.473743667
18.995415	0	0.473743667
19.004731	0	0.473743667
19.014047	0	0.473743667
19.023363	0	0.473743667
19.032679	0	0.473743667
19.041995	0	0.473743667
19.051311	0	0.473743667
19.060627	0	0.473743667
19.069943	0	0.473743667
19.079259	0	0.473743667
19.088575	0	0.473743667
19.097891	0	0.473743667
19.107207	0	0.473743667
19.116523	0	0.473743667
19.125839	0	0.473743667
19.135155	0	0.473743667
19.144471	0	0.473743667
19.153787	0	0.473743667
19.163103	0	0.473743667
19.172419	0	0.473743667
19.181736	0	0.473743667
19.191052	0	0.473743667
19.200368	0	0.473743667
19.209684	0	0.473743667
19.219	0	0.473743667
19.228316	0	0.473743667
19.237632	0	0.473743667
19.246948	0	0.473743667
19.256264	0	0.473743667
19.26558	0	0.473743667
19.274896	0	0.473743667
19.284212	0	0.473743667
19.293528	0	0.473743667
19.302844	0	0.473743667
19.31216	0	0.473743667
19.321476	0	0.473743667
19.330792	0	0.473743667
19.340108	0	0.473743667
19.349424	0	0.473743667
19.35874	0	0.473743667
19.368056	0	0.473743667
19.377372	0	0.473743667
19.386689	0	0.473743667
19.396005	0	0.473743667
19.405321	0	0.473743667
19.414637	0	0.473743667
19.423953	0	0.473743667
19.433269	0	0.473743667
19.442585	0	0.473743667
19.451901	0	0.473743667
19.461217	0	0.473743667
19.470533	0	0.473743667
19.479849	0	0.473743667
19.489165	0	0.473743667
19.498481	0	0.473743667
19.507797	0	0.473743667
19.517113	0	0.473743667
19.526429	0	0.473743667
19.535745	0	0.473743667
19.545061	0	0.473743667
19.554377	0	0.473743667
19.563693	0	0.473743667
19.573009	0	0.473743667
19.582325	0	0.473743667
19.591641	0	0.473743667
19.600958	0	0.473743667
19.610274	0	0.473743667
19.61959	0	0.473743667
19.628906	0	0.473743667
19.638222	0	0.473743667
19.647538	0	0.473743667
19.656854	0	0.473743667
19.66617	0	0.473743667
19.675486	0	0.473743667
19.684802	0	0.473743667
19.694118	0	0.473743667
19.703434	0	0.473743667
19.71275	0	0.473743667
19.722066	0	0.473743667
19.731382	0	0.473743667
19.740698	0	0.473743667
19.750014	0	0.473743667
19.75933	0	0.473743667
19.768646	0	0.473743667
19.777962	0	0.473743667
19.787278	0	0.473743667
19.796594	0	0.473743667
19.805911	0	0.473743667
19.815227	0	0.473743667
19.824543	0	0.473743667
19.833859	0	0.473743667
19.843175	0	0.473743667
19.852491	0	0.473743667
19.861807	0	0.473743667
19.871123	0	0.473743667
19.880439	0	0.473743667
19.889755	0	0.473743667
19.899071	0	0.473743667
19.908387	0	0.473743667
19.917703	0	0.473743667
19.927019	0	0.473743667
19.936335	0	0.473743667
19.945651	0	0.473743667
19.954967	0	0.473743667
19.964283	0	0.473743667
19.973599	0	0.473743667
19.982915	0	0.473743667
19.992231	0	0.473743667
20.001547	0	0.473743667
20.010863	0	0.473743667
20.02018	0	0.473743667
20.029496	0	0.473743667
20.038812	0	0.473743667
20.048128	0	0.473743667
20.057444	0	0.473743667
20.06676	0	0.473743667
20.076076	0	0.473743667
20.085392	0	0.473743667
20.094708	0	0.473743667
20.104024	0	0.473743667
20.11334	0	0.473743667
20.122656	0	0.473743667
20.131972	0	0.473743667
20.141288	0	0.473743667
20.150604	0	0.473743667
20.15992	0	0.473743667
20.169236	0	0.473743667
20.178552	0	0.473743667
20.187868	0	0.473743667
20.197184	0	0.473743667
20.2065	0	0.473743667
20.215816	0	0.473743667
20.225133	0	0.473743667
20.234449	0	0.473743667
20.243765	0	0.473743667
20.253081	0	0.473743667
20.262397	0	0.473743667
20.271713	0	0.473743667
20.281029	0	0.473743667
20.290345	0	0.473743667
20.299661	0	0.473743667
20.308977	0	0.473743667
20.318293	0	0.473743667
20.327609	0	0.473743667
20.336925	0	0.473743667
20.346241	0	0.473743667
20.355557	0	0.473743667
20.364873	0	0.473743667
20.374189	0	0.473743667
20.383505	0	0.473743667
20.392821	0	0.473743667
20.402137	0	0.473743667
20.411453	0	0.473743667
20.420769	0	0.473743667
20.430085	0	0.473743667
20.439402	0	0.473743667
20.448718	0	0.473743667
20.458034	0	0.473743667
20.46735	0	0.473743667
20.476666	0	0.473743667
20.485982	0	0.473743667
20.495298	0	0.473743667
20.504614	0	0.473743667
20.51393	0	0.473743667
20.523246	0	0.473743667
20.532562	0	0.473743667
20.541878	0	0.473743667
20.551194	0	0.473743667
20.56051	0	0.473743667
20.569826	0	0.473743667
20.579142	0	0.473743667
20.588458	0	0.473743667
20.597774	0	0.473743667
20.60709	0	0.473743667
20.616406	0	0.473743667
20.625722	0	0.473743667
20.635038	0	0.473743667
20.644355	0	0.473743667
20.653671	0	0.473743667
20.662987	0	0.473743667
20.672303	0	0.473743667
20.681619	0	0.473743667
20.690935	0	0.473743667
20.700251	0	0.473743667
20.709567	0	0.473743667
20.718883	0	0.473743667
20.728199	0	0.473743667
20.737515	0	0.473743667
20.746831	0	0.473743667
20.756147	0	0.473743667
20.765463	0	0.473743667
20.774779	0	0.473743667
20.784095	0	0.473743667
20.793411	0	0.473743667
20.802727	0	0.473743667
20.812043	0	0.473743667
20.821359	0	0.473743667
20.830675	0	0.473743667
20.839991	0	0.473743667
20.849307	0	0.473743667
20.858624	0	0.473743667
20.86794	0	0.473743667
20.877256	0	0.473743667
20.886572	0	0.473743667
20.895888	0	0.473743667
20.905204	0	0.473743667
20.91452	0	0.473743667
20.923836	0	0.473743667
20.933152	0	0.473743667
20.942468	0	0.473743667
20.951784	0	0.473743667
20.9611	0	0.473743667
20.970416	0	0.473743667
20.979732	0	0.473743667
20.989048	0	0.473743667
20.998364	0	0.473743667
21.00768	0	0.473743667
21.016996	0	0.473743667
21.026312	0	0.473743667
21.035628	0	0.473743667
21.044944	0	0.473743667
21.05426	0	0.473743667
21.063576	0	0.473743667
21.072893	0	0.473743667
21.082209	0	0.473743667
21.091525	0	0.473743667
21.100841	0	0.473743667
21.110157	0	0.473743667
21.119473	0	0.473743667
21.128789	0	0.473743667
21.138105	0	0.473743667
21.147421	0	0.473743667
21.156737	0	0.473743667
21.166053	0	0.473743667
21.175369	0	0.473743667
21.184685	0.110733567	0.473743667
21.194001	0.404802356	0.474721333
21.203317	0.104353079	0.478295333
21.212633	0.1408238	0.479216667
21.221949	0.151583796	0.48046
21.231265	0.156642881	0.481798333
21.240581	0.14565636	0.483181333
21.249897	0.142938045	0.484467333
21.259213	0.135424925	0.485729333
21.268529	0.019367992	0.486925
21.277846	0.296485068	0.487096
21.287162	0.562615623	0.489713667
21.296478	0.259108242	0.494681
21.305794	0.247366633	0.496968667
21.31511	0.171706875	0.499152667
21.324426	0.133952505	0.500668667
21.333742	0.181183222	0.501851333
21.343058	0.364518443	0.503451
21.352374	0.418544947	0.506669333
21.36169	0.151092989	0.510364667
21.371006	0.450145354	0.511698667
21.380322	0.147506324	0.515673
21.389638	0	0.516975333
21.398954	0	0.516975333
21.40827	0	0.516975333
21.417586	0	0.516975333
21.426902	0	0.516975333
21.436218	0	0.516975333
21.445534	0	0.516975333
21.45485	0	0.516975333
21.464166	0	0.516975333
21.473482	0	0.516975333
21.482798	0	0.516975333
21.492115	0	0.516975333
21.501431	0	0.516975333
21.510747	0	0.516975333
21.520063	0	0.516975333
21.529379	0	0.516975333
21.538695	0	0.516975333
21.548011	0	0.516975333
21.557327	0	0.516975333
21.566643	0	0.516975333
21.575959	0	0.516975333
21.585275	0	0.516975333
21.594591	0	0.516975333
21.603907	0	0.516975333
21.613223	0	0.516975333
21.622539	0	0.516975333
21.631855	0	0.516975333
21.641171	0	0.516975333
21.650487	0	0.516975333
21.659803	0	0.516975333
21.669119	0	0.516975333
21.678435	0	0.516975333
21.687751	0	0.516975333
21.697068	0	0.516975333
21.706384	0	0.516975333
21.7157	0	0.516975333
21.725016	0.034885038	0.516975333
21.734332	0.401857515	0.517283333
21.743648	0.041529807	0.520831333
21.752964	0.435194624	0.521198
21.76228	0	0.525040333
21.771596	0	0.525040333
21.780912	0	0.525040333
21.790228	0	0.525040333
21.799544	0	0.525040333
21.80886	0	0.525040333
21.818176	0	0.525040333
21.827492	0	0.525040333
21.836808	0	0.525040333
21.846124	0	0.525040333
21.85544	0	0.525040333
21.864756	0	0.525040333
21.874072	0	0.525040333
21.883388	0	0.525040333
21.892704	0	0.525040333
21.90202	0	0.525040333
21.911337	0	0.525040333
21.920653	0	0.525040333
21.929969	0	0.525040333
21.939285	0	0.525040333
21.948601	0	0.525040333
21.957917	0	0.525040333
21.967233	0	0.525040333
21.976549	0	0.525040333
21.985865	0	0.525040333
21.995181	0	0.525040333
22.004497	0	0.525040333
22.013813	0	0.525040333
22.023129	0	0.525040333
22.032445	0	0.525040333
22.041761	0	0.525040333
22.051077	0	0.525040333
22.060393	0	0.525040333
22.069709	0	0.525040333
22.079025	0	0.525040333
22.088341	0	0.525040333
22.097657	0	0.525040333
22.106973	0	0.525040333
22.11629	0	0.525040333
22.125606	0	0.525040333
22.134922	0	0.525040333
22.144238	0	0.525040333
22.153554	0	0.525040333
22.16287	0	0.525040333
22.172186	0	0.525040333
22.181502	0	0.525040333
22.190818	0	0.525040333
22.200134	0	0.525040333
22.20945	0	0.525040333
22.218766	0	0.525040333
22.228082	0	0.525040333
22.237398	0	0.525040333
22.246714	0	0.525040333
22.25603	0	0.525040333
22.265346	0	0.525040333
22.274662	0	0.525040333
22.283978	0	0.525040333
22.293294	0	0.525040333
22.30261	0	0.525040333
22.311926	0	0.525040333
22.321242	0	0.525040333
22.330559	0	0.525040333
22.339875	0	0.525040333
22.349191	0	0.525040333
22.358507	0	0.525040333
22.367823	0	0.525040333
22.377139	0	0.525040333
22.386455	0	0.525040333
22.395771	0	0.525040333
22.405087	0	0.525040333
22.414403	0	0.525040333
22.423719	0	0.525040333
22.433035	0	0.525040333
22.442351	0	0.525040333
22.451667	7.55087E-05	0.525040333
22.460983	0.248083966	0.525041
22.470299	0.129195454	0.527231333
22.479615	0.045494016	0.528372
22.488931	0	0.528773667
22.498247	0.049722505	0.528773667
22.507563	0.108128516	0.529212667
22.516879	0.030807566	0.530167333
22.526195	0.019972062	0.530439333
22.535512	0.115490618	0.530615667
22.544828	0.050666365	0.531635333
22.554144	0.030618794	0.532082667
22.56346	0.012685468	0.532353
22.572776	0	0.532465
22.582092	0	0.532465
22.591408	0	0.532465
22.600724	0	0.532465
22.61004	0	0.532465
22.619356	0	0.532465
22.628672	0	0.532465
22.637988	0	0.532465
22.647304	0	0.532465
22.65662	0	0.532465
22.665936	0	0.532465
22.675252	0	0.532465
22.684568	0	0.532465
22.693884	0	0.532465
22.7032	0	0.532465
22.712516	0	0.532465
22.721832	0	0.532465
22.731148	0	0.532465
22.740464	0	0.532465
22.749781	0	0.532465
22.759097	0	0.532465
22.768413	0	0.532465
22.777729	0	0.532465
22.787045	0	0.532465
22.796361	0	0.532465
22.805677	0	0.532465
22.814993	0	0.532465
22.824309	0	0.532465
22.833625	0	0.532465
22.842941	0	0.532465
22.852257	0	0.532465
22.861573	0	0.532465
22.870889	0	0.532465
22.880205	0	0.532465
22.889521	0	0.532465
22.898837	0	0.532465
22.908153	0	0.532465
22.917469	0	0.532465
22.926785	0	0.532465
22.936101	0	0.532465
22.945417	0	0.532465
22.954734	0	0.532465
22.96405	0	0.532465
22.973366	0	0.532465
22.982682	0	0.532465
22.991998	0	0.532465
23.001314	0	0.532465
23.01063	0	0.532465
23.019946	0	0.532465
23.029262	0	0.532465
23.038578	0	0.532465
23.047894	0	0.532465
23.05721	0	0.532465
23.066526	0	0.532465
23.075842	0	0.532465
23.085158	0	0.532465
23.094474	0	0.532465
23.10379	0	0.532465
23.113106	0	0.532465
23.122422	0	0.532465
23.131738	0	0.532465
23.141054	0	0.532465
23.15037	0	0.532465
23.159686	0	0.532465
23.169003	0	0.532465
23.178319	0	0.532465
23.187635	0	0.532465
23.196951	0	0.532465
23.206267	0	0.532465
23.215583	0	0.532465
23.224899	0	0.532465
23.234215	0	0.532465
23.243531	0	0.532465
23.252847	0	0.532465
23.262163	0	0.532465
23.271479	0	0.532465
23.280795	0	0.532465
23.290111	0	0.532465
23.299427	0	0.532465
23.308743	0	0.532465
23.318059	0	0.532465
23.327375	0	0.532465
23.336691	0	0.532465
23.346007	0	0.532465
23.355323	0	0.532465
23.364639	0	0.532465
23.373956	0	0.532465
23.383272	0	0.532465
23.392588	0	0.532465
23.401904	0	0.532465
23.41122	0	0.532465
23.420536	0	0.532465
23.429852	0	0.532465
23.439168	0	0.532465
23.448484	0	0.532465
23.4578	0	0.532465
23.467116	0	0.532465
23.476432	0	0.532465
23.485748	0	0.532465
23.495064	0	0.532465
23.50438	0	0.532465
23.513696	0	0.532465
23.523012	0	0.532465
23.532328	0	0.532465
23.541644	0	0.532465
23.55096	0	0.532465
23.560276	0	0.532465
23.569592	0	0.532465
23.578908	0	0.532465
23.588225	0	0.532465
23.597541	0	0.532465
23.606857	0	0.532465
23.616173	0	0.532465
23.625489	0	0.532465
23.634805	0	0.532465
23.644121	0	0.532465
23.653437	0	0.532465
23.662753	0	0.532465
23.672069	0	0.532465
23.681385	0	0.532465
23.690701	0	0.532465
23.700017	0	0.532465
23.709333	0	0.532465
23.718649	0	0.532465
23.727965	0	0.532465
23.737281	0	0.532465
23.746597	0	0.532465
23.755913	0	0.532465
23.765229	0	0.532465
23.774545	0	0.532465
23.783861	0	0.532465
23.793178	0	0.532465
23.802494	0	0.532465
23.81181	0	0.532465
23.821126	0	0.532465
23.830442	0	0.532465
23.839758	0	0.532465
23.849074	0	0.532465
23.85839	0	0.532465
23.867706	0	0.532465
23.877022	0	0.532465
23.886338	0	0.532465
23.895654	0	0.532465
23.90497	0.049307207	0.532465
23.914286	0.103371465	0.532900333
23.923602	0.107146902	0.533813
23.932918	0.140446257	0.534759
23.942234	0.009665119	0.535999
23.95155	0	0.536084333
23.960866	0	0.536084333
23.970182	0	0.536084333
23.979498	0	0.536084333
23.988814	0	0.536084333
23.99813	0	0.536084333
24.007447	0	0.536084333
24.016763	0	0.536084333
24.026079	0	0.536084333
24.035395	0	0.536084333
24.044711	0	0.536084333
24.054027	0	0.536084333
24.063343	0	0.536084333
24.072659	0	0.536084333
24.081975	0	0.536084333
24.091291	0	0.536084333
24.100607	0	0.536084333
24.109923	0.003548911	0.536084333
24.119239	0.020689395	0.536115667
24.128555	0.067278287	0.536298333
24.137871	0.113036584	0.536892333
24.147187	0.001283649	0.537890333
24.156503	0	0.537901667
24.165819	0	0.537901667
24.175135	0	0.537901667
24.184451	0	0.537901667
24.193767	0	0.537901667
24.203083	0	0.537901667
24.2124	0	0.537901667
24.221716	0	0.537901667
24.231032	0	0.537901667
24.240348	0	0.537901667
24.249664	0	0.537901667
24.25898	0	0.537901667
24.268296	0.003322385	0.537901667
24.277612	0.009325329	0.537931
24.286928	0.015403783	0.538013333
24.296244	0.025786235	0.538149333
24.30556	0.054064258	0.538377
24.314876	0.070260883	0.538854333
24.324192	0.029259637	0.539474667
24.333508	0	0.539733
24.342824	0	0.539733
24.35214	0	0.539733
24.361456	0	0.539733
24.370772	0	0.539733
24.380088	0	0.539733
24.389404	0	0.539733
24.39872	0	0.539733
24.408036	0	0.539733
24.417352	0	0.539733
24.426669	0	0.539733
24.435985	0	0.539733
24.445301	0	0.539733
24.454617	0	0.539733
24.463933	0	0.539733
24.473249	0	0.539733
24.482565	0	0.539733
24.491881	0	0.539733
24.501197	0	0.539733
24.510513	0	0.539733
24.519829	0	0.539733
24.529145	0	0.539733
24.538461	0	0.539733
24.547777	0	0.539733
24.557093	0	0.539733
24.566409	0	0.539733
24.575725	0	0.539733
24.585041	0	0.539733
24.594357	0	0.539733
24.603673	0	0.539733
24.612989	0	0.539733
24.622305	0	0.539733
24.631621	0	0.539733
24.640938	0	0.539733
24.650254	0	0.539733
24.65957	0	0.539733
24.668886	0	0.539733
24.678202	0	0.539733
24.687518	0	0.539733
24.696834	0	0.539733
24.70615	0	0.539733
24.715466	0	0.539733
24.724782	0	0.539733
24.734098	0	0.539733
24.743414	0	0.539733
24.75273	0	0.539733
24.762046	0	0.539733
24.771362	0	0.539733
24.780678	0	0.539733
24.789994	0	0.539733
24.79931	0	0.539733
24.808626	0	0.539733
24.817942	0	0.539733
24.827258	0	0.539733
24.836574	0	0.539733
24.845891	0	0.539733
24.855207	0	0.539733
24.864523	0	0.539733
24.873839	0	0.539733
24.883155	0	0.539733
24.892471	0	0.539733
24.901787	0	0.539733
24.911103	0	0.539733
24.920419	0	0.539733
24.929735	0	0.539733
24.939051	0	0.539733
24.948367	0	0.539733
24.957683	0	0.539733
24.966999	0	0.539733
24.976315	0	0.539733
24.985631	0	0.539733
24.994947	0	0.539733
25.004263	0	0.539733
25.013579	0	0.539733
25.022895	0	0.539733
25.032211	0	0.539733
25.041527	0	0.539733
25.050843	0	0.539733
25.06016	0	0.539733
25.069476	0	0.539733
25.078792	0	0.539733
25.088108	0	0.539733
25.097424	0	0.539733
25.10674	0	0.539733
25.116056	0	0.539733
25.125372	0	0.539733
25.134688	0	0.539733
25.144004	0	0.539733
25.15332	0	0.539733
25.162636	0	0.539733
25.171952	0	0.539733
25.181268	0	0.539733
25.190584	0	0.539733
25.1999	0	0.539733
25.209216	0	0.539733
25.218532	0	0.539733
25.227848	0	0.539733
25.237164	0	0.539733
25.24648	0	0.539733
25.255796	0	0.539733
25.265113	0	0.539733
25.274429	0	0.539733
25.283745	0	0.539733
25.293061	0	0.539733
25.302377	0	0.539733
25.311693	0	0.539733
25.321009	0	0.539733
25.330325	0	0.539733
25.339641	0	0.539733
25.348957	0	0.539733
25.358273	0	0.539733
25.367589	0	0.539733
25.376905	0	0.539733
25.386221	0	0.539733
25.395537	0	0.539733
25.404853	0	0.539733
25.414169	0	0.539733
25.423485	0	0.539733
25.432801	0	0.539733
25.442117	0	0.539733
25.451433	0	0.539733
25.460749	0	0.539733
25.470065	0	0.539733
25.479382	0	0.539733
25.488698	0	0.539733
25.498014	0	0.539733
25.50733	0	0.539733
25.516646	0	0.539733
25.525962	0	0.539733
25.535278	0	0.539733
25.544594	0	0.539733
25.55391	0	0.539733
25.563226	0	0.539733
25.572542	0	0.539733
25.581858	0	0.539733
25.591174	0	0.539733
25.60049	0	0.539733
25.609806	0	0.539733
25.619122	0	0.539733
25.628438	0	0.539733
25.637754	0	0.539733
25.64707	0	0.539733
25.656386	0	0.539733
25.665702	0	0.539733
25.675018	0	0.539733
25.684335	0	0.539733
25.693651	0	0.539733
25.702967	0	0.539733
25.712283	0	0.539733
25.721599	0	0.539733
25.730915	0	0.539733
25.740231	0	0.539733
25.749547	0	0.539733
25.758863	0	0.539733
25.768179	0	0.539733
25.777495	0	0.539733
25.786811	0	0.539733
25.796127	0	0.539733
25.805443	0	0.539733
25.814759	0	0.539733
25.824075	0	0.539733
25.833391	0	0.539733
25.842707	0	0.539733
25.852023	0	0.539733
25.861339	0	0.539733
25.870655	0	0.539733
25.879971	0	0.539733
25.889287	0	0.539733
25.898604	0	0.539733
25.90792	0	0.539733
25.917236	0	0.539733
25.926552	0	0.539733
25.935868	0	0.539733
25.945184	0	0.539733
25.9545	0	0.539733
25.963816	0	0.539733
25.973132	0	0.539733
25.982448	0	0.539733
25.991764	0	0.539733
26.00108	0	0.539733
26.010396	0	0.539733
26.019712	0	0.539733
26.029028	0	0.539733
26.038344	0	0.539733
26.04766	0	0.539733
26.056976	0	0.539733
26.066292	0	0.539733
26.075608	0	0.539733
26.084924	0	0.539733
26.09424	0	0.539733
26.103557	0	0.539733
26.112873	0	0.539733
26.122189	0	0.539733
26.131505	0	0.539733
26.140821	0	0.539733
26.150137	0	0.539733
26.159453	0	0.539733
26.168769	0	0.539733
26.178085	0	0.539733
26.187401	0	0.539733
26.196717	0	0.539733
26.206033	0	0.539733
26.215349	0	0.539733
26.224665	0	0.539733
26.233981	0	0.539733
26.243297	0	0.539733
26.252613	0	0.539733
26.261929	0	0.539733
26.271245	0	0.539733
26.280561	0	0.539733
26.289877	0	0.539733
26.299193	0	0.539733
26.308509	0	0.539733
26.317826	0	0.539733
26.327142	0	0.539733
26.336458	0	0.539733
26.345774	0	0.539733
26.35509	0	0.539733
26.364406	0	0.539733
26.373722	0	0.539733
26.383038	0	0.539733
26.392354	0	0.539733
26.40167	0	0.539733
26.410986	0	0.539733
26.420302	0	0.539733
26.429618	0	0.539733
26.438934	0	0.539733
26.44825	0	0.539733
26.457566	0	0.539733
26.466882	0	0.539733
26.476198	0	0.539733
26.485514	0	0.539733
26.49483	0	0.539733
26.504146	0	0.539733
26.513462	0	0.539733
26.522779	0	0.539733
26.532095	0	0.539733
26.541411	0	0.539733
26.550727	0	0.539733
26.560043	0	0.539733
26.569359	0	0.539733
26.578675	0	0.539733
26.587991	0	0.539733
26.597307	0	0.539733
26.606623	0	0.539733
26.615939	0	0.539733
26.625255	0	0.539733
26.634571	0	0.539733
26.643887	0	0.539733
26.653203	0	0.539733
26.662519	0	0.539733
26.671835	0	0.539733
26.681151	0	0.539733
26.690467	0	0.539733
26.699783	0	0.539733
26.709099	0	0.539733
26.718415	0	0.539733
26.727731	0	0.539733
26.737048	0	0.539733
26.746364	0	0.539733
26.75568	0	0.539733
26.764996	0	0.539733
26.774312	0	0.539733
26.783628	0	0.539733
26.792944	0	0.539733
26.80226	0	0.539733
26.811576	0	0.539733
26.820892	0	0.539733
26.830208	0	0.539733
26.839524	0	0.539733
26.84884	0	0.539733
26.858156	0	0.539733
26.867472	0	0.539733
26.876788	0	0.539733
26.886104	0	0.539733
26.89542	0	0.539733
26.904736	0	0.539733
26.914052	0	0.539733
26.923368	0	0.539733
26.932684	0	0.539733
26.942001	0	0.539733
26.951317	0	0.539733
26.960633	0	0.539733
26.969949	0	0.539733
26.979265	0	0.539733
26.988581	0	0.539733
26.997897	0	0.539733
27.007213	0	0.539733
27.016529	0	0.539733
27.025845	0	0.539733
27.035161	0	0.539733
27.044477	0	0.539733
27.053793	0	0.539733
27.063109	0	0.539733
27.072425	0	0.539733
27.081741	0	0.539733
27.091057	0	0.539733
27.100373	0	0.539733
27.109689	0	0.539733
27.119005	0	0.539733
27.128321	0	0.539733
27.137637	0	0.539733
27.146953	0	0.539733
27.15627	0	0.539733
27.165586	0	0.539733
27.174902	0	0.539733
27.184218	0	0.539733
27.193534	0	0.539733
27.20285	0	0.539733
27.212166	0	0.539733
27.221482	0	0.539733
27.230798	0	0.539733
27.240114	0	0.539733
27.24943	0	0.539733
27.258746	0	0.539733
27.268062	0	0.539733
27.277378	0	0.539733
27.286694	0	0.539733
27.29601	0	0.539733
27.305326	0	0.539733
27.314642	0	0.539733
27.323958	0	0.539733
27.333274	0	0.539733
27.34259	0	0.539733
27.351906	0	0.539733
27.361223	0	0.539733
27.370539	0	0.539733
27.379855	0	0.539733
27.389171	0	0.539733
27.398487	0	0.539733
27.407803	0	0.539733
27.417119	0	0.539733
27.426435	0.071129233	0.539733
27.435751	0.061954921	0.540361
27.445067	0.014610941	0.540908
27.454383	0.018008835	0.541037
27.463699	0.120889493	0.541196
27.473015	0.075810775	0.542263333
27.482331	0.057273379	0.542932667
27.491647	0.065730358	0.543438333
27.500963	0.057499906	0.544018667
27.510279	0.020878167	0.544526333
27.519595	0.011024276	0.544710667
27.528911	0.002303017	0.544808
27.538227	0	0.544828333
27.547543	0	0.544828333
27.556859	0	0.544828333
27.566175	0	0.544828333
27.575492	0	0.544828333
27.584808	0	0.544828333
27.594124	0	0.544828333
27.60344	0	0.544828333
27.612756	0	0.544828333
27.622072	0	0.544828333
27.631388	0	0.544828333
27.640704	0	0.544828333
27.65002	0	0.544828333
27.659336	0	0.544828333
27.668652	0	0.544828333
27.677968	0	0.544828333
27.687284	0	0.544828333
27.6966	0	0.544828333
27.705916	0	0.544828333
27.715232	0	0.544828333
27.724548	0	0.544828333
27.733864	0	0.544828333
27.74318	0	0.544828333
27.752496	0	0.544828333
27.761812	0	0.544828333
27.771128	0	0.544828333
27.780444	0	0.544828333
27.789761	0	0.544828333
27.799077	0	0.544828333
27.808393	0	0.544828333
27.817709	0	0.544828333
27.827025	0	0.544828333
27.836341	0	0.544828333
27.845657	0	0.544828333
27.854973	0	0.544828333
27.864289	0	0.544828333
27.873605	0	0.544828333
27.882921	0	0.544828333
27.892237	0	0.544828333
27.901553	0	0.544828333
27.910869	0	0.544828333
27.920185	0	0.544828333
27.929501	0	0.544828333
27.938817	0	0.544828333
27.948133	0	0.544828333
27.957449	0	0.544828333
27.966765	0	0.544828333
27.976081	0	0.544828333
27.985397	0	0.544828333
27.994714	0	0.544828333
28.00403	0	0.544828333
28.013346	0	0.544828333
28.022662	0	0.544828333
28.031978	0	0.544828333
28.041294	0	0.544828333
28.05061	0	0.544828333
28.059926	0	0.544828333
28.069242	0	0.544828333
28.078558	0	0.544828333
28.087874	0	0.544828333
28.09719	0	0.544828333
28.106506	0	0.544828333
28.115822	0	0.544828333
28.125138	0	0.544828333
28.134454	0	0.544828333
28.14377	0	0.544828333
28.153086	0	0.544828333
28.162402	0	0.544828333
28.171718	0	0.544828333
28.181034	0	0.544828333
28.19035	0	0.544828333
28.199666	0	0.544828333
28.208983	0	0.544828333
28.218299	0	0.544828333
28.227615	0	0.544828333
28.236931	0	0.544828333
28.246247	0	0.544828333
28.255563	0	0.544828333
28.264879	0	0.544828333
28.274195	0	0.544828333
28.283511	0	0.544828333
28.292827	0	0.544828333
28.302143	0	0.544828333
28.311459	0	0.544828333
28.320775	0	0.544828333
28.330091	0	0.544828333
28.339407	0	0.544828333
28.348723	0	0.544828333
28.358039	0	0.544828333
28.367355	0	0.544828333
28.376671	0	0.544828333
28.385987	0	0.544828333
28.395303	0	0.544828333
28.404619	0	0.544828333
28.413936	0	0.544828333
28.423252	0	0.544828333
28.432568	0	0.544828333
28.441884	0	0.544828333
28.4512	0	0.544828333
28.460516	0	0.544828333
28.469832	0	0.544828333
28.479148	0	0.544828333
28.488464	0	0.544828333
28.49778	0	0.544828333
28.507096	0	0.544828333
28.516412	0	0.544828333
28.525728	0.014384415	0.544828333
28.535044	0.089855401	0.544955333
28.54436	0.021293465	0.545748667
28.553676	0.067014007	0.545936667
28.562992	0.064333447	0.546528333
28.572308	0.109902971	0.547096333
28.581624	0.000906105	0.548066667
28.59094	0	0.548074667
28.600256	0.002831578	0.548074667
28.609572	0.013742591	0.548099667
28.618888	0.065126288	0.548221
28.628205	0.039868615	0.548796
28.637521	0	0.549148
28.646837	0	0.549148
28.656153	0	0.549148
28.665469	0	0.549148
28.674785	0	0.549148
28.684101	0	0.549148
28.693417	0	0.549148
28.702733	0	0.549148
28.712049	0	0.549148
28.721365	0	0.549148
28.730681	0	0.549148
28.739997	0	0.549148
28.749313	0	0.549148
28.758629	0	0.549148
28.767945	0	0.549148
28.777261	0	0.549148
28.786577	0	0.549148
28.795893	0	0.549148
28.805209	0	0.549148
28.814525	0	0.549148
28.823841	0	0.549148
28.833158	0	0.549148
28.842474	0	0.549148
28.85179	0	0.549148
28.861106	0	0.549148
28.870422	0	0.549148
28.879738	0	0.549148
28.889054	0	0.549148
28.89837	0	0.549148
28.907686	0	0.549148
28.917002	0	0.549148
28.926318	0	0.549148
28.935634	0	0.549148
28.94495	0	0.549148
28.954266	0	0.549148
28.963582	0	0.549148
28.972898	0	0.549148
28.982214	0	0.549148
28.99153	0	0.549148
29.000846	0	0.549148
29.010162	0	0.549148
29.019478	0	0.549148
29.028794	0	0.549148
29.03811	0	0.549148
29.047427	0	0.549148
29.056743	0	0.549148
29.066059	0	0.549148
29.075375	0	0.549148
29.084691	0	0.549148
29.094007	0	0.549148
29.103323	0	0.549148
29.112639	0	0.549148
29.121955	0	0.549148
29.131271	0	0.549148
29.140587	0	0.549148
29.149903	0	0.549148
29.159219	0	0.549148
29.168535	0	0.549148
29.177851	0	0.549148
29.187167	0	0.549148
29.196483	0	0.549148
29.205799	0	0.549148
29.215115	0	0.549148
29.224431	0	0.549148
29.233747	0	0.549148
29.243063	0	0.549148
29.25238	0	0.549148
29.261696	0	0.549148
29.271012	0	0.549148
29.280328	0	0.549148
29.289644	0	0.549148
29.29896	0	0.549148
29.308276	0	0.549148
29.317592	0	0.549148
29.326908	0	0.549148
29.336224	0	0.549148
29.34554	0	0.549148
29.354856	0	0.549148
29.364172	0	0.549148
29.373488	0	0.549148
29.382804	0	0.549148
29.39212	0	0.549148
29.401436	0	0.549148
29.410752	0	0.549148
29.420068	0	0.549148
29.429384	0	0.549148
29.4387	0	0.549148
29.448016	0.043266508	0.549148
29.457332	0.034243214	0.54953
29.466649	0.045305244	0.549832333
29.475965	0.061464114	0.550232333
29.485281	0.004606033	0.550775
29.494597	0.000906105	0.550815667
29.503913	0.005398875	0.550823667
29.513229	0.012081398	0.550871333
29.522545	0.02997697	0.550978
29.531861	0.036659493	0.551242667
29.541177	0.013251784	0.551566333
29.550493	0	0.551683333
29.559809	0.001057122	0.551683333
29.569125	0.006607015	0.551692667
29.578441	0.018197606	0.551751
29.587757	0.066107902	0.551911667
29.597073	0.010608978	0.552495333
29.606389	0	0.552589
29.615705	0	0.552589
29.625021	0	0.552589
29.634337	0	0.552589
29.643653	0	0.552589
29.652969	0	0.552589
29.662285	0	0.552589
29.671602	0	0.552589
29.680918	0	0.552589
29.690234	0	0.552589
29.69955	0	0.552589
29.708866	0	0.552589
29.718182	0	0.552589
29.727498	0	0.552589
29.736814	0.071544531	0.552589
29.74613	0.141692151	0.553220667
29.755446	0.16449579	0.554471667
29.764762	0.1917922	0.555924
29.774078	0.112092725	0.557617333
29.783394	0.013818099	0.558607
29.79271	0	0.558729
29.802026	0	0.558729
29.811342	0	0.558729
29.820658	0	0.558729
29.829974	0.03265753	0.558729
29.83929	0.110658059	0.559017333
29.848606	0.148412429	0.559994333
29.857922	0.148752218	0.561304667
29.867238	0.129270963	0.562618
29.876554	0.069883339	0.563759333
29.885871	0	0.564376333
29.895187	0	0.564376333
29.904503	0	0.564376333
29.913819	0	0.564376333
29.923135	0	0.564376333
29.932451	0	0.564376333
29.941767	0	0.564376333
29.951083	0	0.564376333
29.960399	0	0.564376333
29.969715	0	0.564376333
29.979031	0	0.564376333
29.988347	0	0.564376333
29.997663	0	0.564376333
30.006979	0	0.564376333
30.016295	0	0.564376333
30.025611	0	0.564376333
30.034927	0	0.564376333
30.044243	0	0.564376333
30.053559	0	0.564376333
30.062875	0	0.564376333
30.072191	0	0.564376333
30.081507	0	0.564376333
30.090824	0	0.564376333
30.10014	0	0.564376333
30.109456	0	0.564376333
30.118772	0	0.564376333
30.128088	0	0.564376333
30.137404	0	0.564376333
30.14672	0	0.564376333
30.156036	0	0.564376333
30.165352	0	0.564376333
30.174668	0	0.564376333
30.183984	0	0.564376333
30.1933	0	0.564376333
30.202616	0	0.564376333
30.211932	0	0.564376333
30.221248	0	0.564376333
30.230564	0	0.564376333
30.23988	0	0.564376333
30.249196	0	0.564376333
30.258512	0	0.564376333
30.267828	0	0.564376333
30.277144	0	0.564376333
30.28646	0	0.564376333
30.295776	0	0.564376333
30.305093	0	0.564376333
30.314409	0	0.564376333
30.323725	0	0.564376333
30.333041	0	0.564376333
30.342357	0	0.564376333
30.351673	0	0.564376333
30.360989	0	0.564376333
30.370305	0	0.564376333
30.379621	0	0.564376333
30.388937	0	0.564376333
30.398253	0	0.564376333
30.407569	0	0.564376333
30.416885	0	0.564376333
30.426201	0	0.564376333
30.435517	0	0.564376333
30.444833	0	0.564376333
30.454149	0	0.564376333
30.463465	0	0.564376333
30.472781	0	0.564376333
30.482097	0	0.564376333
30.491413	0	0.564376333
30.500729	0	0.564376333
30.510046	0	0.564376333
30.519362	0	0.564376333
30.528678	0	0.564376333
30.537994	0	0.564376333
30.54731	0	0.564376333
30.556626	0	0.564376333
30.565942	0	0.564376333
30.575258	0	0.564376333
30.584574	0	0.564376333
30.59389	0	0.564376333
30.603206	0	0.564376333
30.612522	0	0.564376333
30.621838	0	0.564376333
30.631154	0	0.564376333
30.64047	0	0.564376333
30.649786	0	0.564376333
30.659102	0	0.564376333
30.668418	0	0.564376333
30.677734	0	0.564376333
30.68705	0	0.564376333
30.696366	0	0.564376333
30.705682	0	0.564376333
30.714998	0	0.564376333
30.724315	0	0.564376333
30.733631	0	0.564376333
30.742947	0	0.564376333
30.752263	0	0.564376333
30.761579	0.000377544	0.564376333
30.770895	0.570997093	0.564379667
30.780211	0.455317703	0.569421
30.789527	0.614565636	0.573441
30.798843	0.755955752	0.578867
30.808159	0.584664175	0.585541333
30.817475	0.210065315	0.590703333
30.826791	0.545248613	0.592558
30.836107	0.6868275	0.597372
30.845423	1	0.603436
30.854739	0.000151017	0.612265
30.864055	0	0.612266333
30.873371	0	0.612266333
30.882687	0	0.612266333
30.892003	0	0.612266333
30.901319	0	0.612266333
30.910635	0	0.612266333
30.919951	0	0.612266333
30.929268	0	0.612266333
30.938584	0	0.612266333
30.9479	0	0.612266333
30.957216	0	0.612266333
30.966532	0	0.612266333
30.975848	0	0.612266333
30.985164	0	0.612266333
30.99448	0	0.612266333
31.003796	0.003360139	0.612266333
31.013112	0.110016234	0.612296
31.022428	0.1801261	0.613267333
31.031744	0.144674746	0.614857667
31.04106	0.042888964	0.616135
31.050376	0.105334692	0.616513667
31.059692	0.316306112	0.617443667
31.069008	0.392758712	0.620236333
31.078324	0.573149092	0.623704
31.08764	0.565635972	0.628764333
31.096956	0.000943859	0.633758333
31.106272	0	0.633766667
31.115588	0	0.633766667
31.124904	0	0.633766667
31.13422	0	0.633766667
31.143537	0	0.633766667
31.152853	0	0.633766667
31.162169	0	0.633766667
31.171485	0	0.633766667
31.180801	0	0.633766667
31.190117	0	0.633766667
31.199433	0	0.633766667
31.208749	0	0.633766667
31.218065	0	0.633766667
31.227381	0	0.633766667
31.236697	0	0.633766667
31.246013	0	0.633766667
31.255329	0	0.633766667
31.264645	0	0.633766667
31.273961	0	0.633766667
31.283277	0	0.633766667
31.292593	0	0.633766667
31.301909	0	0.633766667
31.311225	0	0.633766667
31.320541	0	0.633766667
31.329857	0	0.633766667
31.339173	0	0.633766667
31.348489	0	0.633766667
31.357806	0	0.633766667
31.367122	0	0.633766667
31.376438	0.119190546	0.633766667
31.385754	0.464114471	0.634819
31.39507	0.322271303	0.638916667
31.404386	0.371503001	0.641762
31.413702	0.312266395	0.645042
31.423018	0.008456979	0.647799
31.432334	0.007664137	0.647873667
31.44165	0.024955639	0.647941333
31.450966	0.074413863	0.648161667
31.460282	0.191527919	0.648818667
31.469598	0.238909654	0.650509667
31.478914	0.309095028	0.652619
31.48823	0.279344584	0.655348
31.497546	0.354740061	0.657814333
31.506862	0.235738287	0.660946333
31.516178	0.035036055	0.663027667
31.525494	0	0.663337
31.53481	0	0.663337
31.544126	0	0.663337
31.553442	0	0.663337
31.562759	0	0.663337
31.572075	0	0.663337
31.581391	0	0.663337
31.590707	0	0.663337
31.600023	0	0.663337
31.609339	0	0.663337
31.618655	0	0.663337
31.627971	0	0.663337
31.637287	0	0.663337
31.646603	0	0.663337
31.655919	0	0.663337
31.665235	0	0.663337
31.674551	0	0.663337
31.683867	0	0.663337
31.693183	0	0.663337
31.702499	0	0.663337
31.711815	0	0.663337
31.721131	0	0.663337
31.730447	0	0.663337
31.739763	0	0.663337
31.749079	0	0.663337
31.758395	0	0.663337
31.767711	0	0.663337
31.777028	0	0.663337
31.786344	0	0.663337
31.79566	0	0.663337
31.804976	0	0.663337
31.814292	0	0.663337
31.823608	0	0.663337
31.832924	0	0.663337
31.84224	0	0.663337
31.851556	0	0.663337
31.860872	0	0.663337
31.870188	0	0.663337
31.879504	0	0.663337
31.88882	0	0.663337
31.898136	0	0.663337
31.907452	0	0.663337
31.916768	0	0.663337
31.926084	0	0.663337
31.9354	0	0.663337
31.944716	0	0.663337
31.954032	0	0.663337
31.963348	0	0.663337
31.972664	0	0.663337
31.981981	0	0.663337
31.991297	0	0.663337
32.000613	0	0.663337
32.009929	0	0.663337
32.019245	0	0.663337
32.028561	0	0.663337
32.037877	0	0.663337
32.047193	0	0.663337
32.056509	0	0.663337
32.065825	0	0.663337
32.075141	0	0.663337
32.084457	0	0.663337
32.093773	0	0.663337
32.103089	0	0.663337
32.112405	0	0.663337
32.121721	0	0.663337
32.131037	0	0.663337
32.140353	0	0.663337
32.149669	0	0.663337
32.158985	0	0.663337
32.168301	0	0.663337
32.177617	0	0.663337
32.186933	0	0.663337
32.19625	0	0.663337
32.205566	0	0.663337
32.214882	0	0.663337
32.224198	0	0.663337
32.233514	0	0.663337
32.24283	0	0.663337
32.252146	0	0.663337
32.261462	0	0.663337
32.270778	0	0.663337
32.280094	0	0.663337
32.28941	0	0.663337
32.298726	0	0.663337
32.308042	0	0.663337
32.317358	0	0.663337
32.326674	0	0.663337
32.33599	0	0.663337
32.345306	0	0.663337
32.354622	0	0.663337
32.363938	0	0.663337
32.373254	0	0.663337
32.38257	0	0.663337
32.391886	0	0.663337
32.401203	0	0.663337
32.410519	0	0.663337
32.419835	0	0.663337
32.429151	0	0.663337
32.438467	0	0.663337
32.447783	0	0.663337
32.457099	0	0.663337
32.466415	0	0.663337
32.475731	0	0.663337
32.485047	0	0.663337
32.494363	0	0.663337
32.503679	0	0.663337
32.512995	0	0.663337
32.522311	0	0.663337
32.531627	0	0.663337
32.540943	0	0.663337
32.550259	0	0.663337
32.559575	0	0.663337
32.568891	0	0.663337
32.578207	0	0.663337
32.587523	0	0.663337
32.596839	0	0.663337
32.606155	0	0.663337
32.615472	0	0.663337
32.624788	0	0.663337
32.634104	0	0.663337
32.64342	0	0.663337
32.652736	0	0.663337
32.662052	0	0.663337
32.671368	0	0.663337
32.680684	0	0.663337
32.69	0	0.663337
32.699316	0	0.663337
32.708632	0	0.663337
32.717948	0	0.663337
32.727264	0	0.663337
32.73658	0	0.663337
32.745896	0	0.663337
32.755212	0	0.663337
32.764528	0	0.663337
32.773844	0	0.663337
32.78316	0	0.663337
32.792476	0	0.663337
32.801792	0	0.663337
32.811108	0	0.663337
32.820425	0	0.663337
32.829741	0.023369955	0.663337
32.839057	0.154377619	0.663543333
32.848373	0.138332012	0.664906333
32.857689	0.123343527	0.666127667
32.867005	0.052893872	0.667216667
32.876321	0.005587647	0.667683667
32.885637	0.167591649	0.667733
32.894953	0.199343074	0.669212667
32.904269	0.216559067	0.670972667
32.913585	0.003850946	0.672884667
32.922901	0	0.672918667
32.932217	0	0.672918667
32.941533	0	0.672918667
32.950849	0	0.672918667
32.960165	0	0.672918667
32.969481	0	0.672918667
32.978797	0	0.672918667
32.988113	0	0.672918667
32.997429	0.080114773	0.672918667
33.006745	0.169139578	0.673626
33.016061	0.095745082	0.675119333
33.025377	0.130177068	0.675964667
33.034694	0.168913052	0.677114
33.04401	0.153849058	0.678605333
33.053326	0.043681806	0.679963667
33.062642	0	0.680349333
33.071958	0	0.680349333
33.081274	0	0.680349333
33.09059	0	0.680349333
33.099906	0	0.680349333
33.109222	0	0.680349333
33.118538	0	0.680349333
33.127854	0	0.680349333
33.13717	0	0.680349333
33.146486	0	0.680349333
33.155802	0	0.680349333
33.165118	0	0.680349333
33.174434	0.139728924	0.680349333
33.18375	0.343036206	0.681583
33.193066	0.155963303	0.684611667
33.202382	0.120927247	0.685988667
33.211698	0.569788953	0.687056333
33.221014	0.09770831	0.692087
33.23033	0.063276324	0.692949667
33.239647	0.194359497	0.693508333
33.248963	0.265262204	0.695224333
33.258279	0.265564239	0.697566333
33.267595	0.373503983	0.699911
33.276911	0.24155246	0.703208667
33.286227	0.020462869	0.705341333
33.295543	0	0.705522
33.304859	0	0.705522
33.314175	0	0.705522
33.323491	0	0.705522
33.332807	0	0.705522
33.342123	0	0.705522
33.351439	0	0.705522
33.360755	0	0.705522
33.370071	0	0.705522
33.379387	0	0.705522
33.388703	0	0.705522
33.398019	0	0.705522
33.407335	0	0.705522
33.416651	0	0.705522
33.425967	0	0.705522
33.435283	0	0.705522
33.444599	0	0.705522
33.453916	0	0.705522
33.463232	0	0.705522
33.472548	0	0.705522
33.481864	0	0.705522
33.49118	0	0.705522
33.500496	0	0.705522
33.509812	0	0.705522
33.519128	0	0.705522
33.528444	0	0.705522
33.53776	0	0.705522
33.547076	0	0.705522
33.556392	0	0.705522
33.565708	0	0.705522
33.575024	0	0.705522
33.58434	0	0.705522
33.593656	0	0.705522
33.602972	0	0.705522
33.612288	0	0.705522
33.621604	0	0.705522
33.63092	0	0.705522
33.640236	0	0.705522
33.649552	0	0.705522
33.658869	0	0.705522
33.668185	0	0.705522
33.677501	0	0.705522
33.686817	0	0.705522
33.696133	0	0.705522
33.705449	0	0.705522
33.714765	0	0.705522
33.724081	0	0.705522
33.733397	0	0.705522
33.742713	0	0.705522
33.752029	0	0.705522
33.761345	0	0.705522
33.770661	0	0.705522
33.779977	0	0.705522
33.789293	0	0.705522
33.798609	0	0.705522
33.807925	0	0.705522
33.817241	0	0.705522
33.826557	0	0.705522
33.835873	0	0.705522
33.845189	0	0.705522
33.854505	0	0.705522
33.863821	0	0.705522
33.873138	0	0.705522
33.882454	0	0.705522
33.89177	0	0.705522
33.901086	0	0.705522
33.910402	0	0.705522
33.919718	0	0.705522
33.929034	0	0.705522
33.93835	0	0.705522
33.947666	0	0.705522
33.956982	0	0.705522
33.966298	0	0.705522
33.975614	0	0.705522
33.98493	0	0.705522
33.994246	0	0.705522
34.003562	0	0.705522
34.012878	0	0.705522
34.022194	0	0.705522
34.03151	0	0.705522
34.040826	0	0.705522
34.050142	0	0.705522
34.059458	0	0.705522
34.068774	0	0.705522
34.078091	0	0.705522
34.087407	0	0.705522
34.096723	0	0.705522
34.106039	0	0.705522
34.115355	0	0.705522
34.124671	0	0.705522
34.133987	0	0.705522
34.143303	0	0.705522
34.152619	0	0.705522
34.161935	0	0.705522
34.171251	0	0.705522
34.180567	0	0.705522
34.189883	0	0.705522
34.199199	0	0.705522
34.208515	0	0.705522
34.217831	0	0.705522
34.227147	0	0.705522
34.236463	0	0.705522
34.245779	0	0.705522
34.255095	0	0.705522
34.264411	0	0.705522
34.273727	0	0.705522
34.283043	0	0.705522
34.29236	0	0.705522
34.301676	0	0.705522
34.310992	0	0.705522
34.320308	0	0.705522
34.329624	0	0.705522
34.33894	0	0.705522
34.348256	0	0.705522
34.357572	0	0.705522
34.366888	0	0.705522
34.376204	0	0.705522
34.38552	0	0.705522
34.394836	0	0.705522
34.404152	0	0.705522
34.413468	0	0.705522
34.422784	0	0.705522
34.4321	0	0.705522
34.441416	0	0.705522
34.450732	0	0.705522
34.460048	0	0.705522
34.469364	0	0.705522
34.47868	0	0.705522
34.487996	0	0.705522
34.497312	0	0.705522
34.506629	0	0.705522
34.515945	0	0.705522
34.525261	0	0.705522
34.534577	0	0.705522
34.543893	0	0.705522
34.553209	0	0.705522
34.562525	0	0.705522
34.571841	0	0.705522
34.581157	0	0.705522
34.590473	0	0.705522
34.599789	0	0.705522
34.609105	0	0.705522
34.618421	0	0.705522
34.627737	0	0.705522
34.637053	0	0.705522
34.646369	0	0.705522
34.655685	0	0.705522
34.665001	0	0.705522
34.674317	0	0.705522
34.683633	0	0.705522
34.692949	0	0.705522
34.702265	0	0.705522
34.711582	0	0.705522
34.720898	0	0.705522
34.730214	0	0.705522
34.73953	0	0.705522
34.748846	0	0.705522
34.758162	0	0.705522
34.767478	0	0.705522
34.776794	0	0.705522
34.78611	0	0.705522
34.795426	0	0.705522
34.804742	0	0.705522
34.814058	0	0.705522
34.823374	0	0.705522
34.83269	0	0.705522
34.842006	0	0.705522
34.851322	0	0.705522
34.860638	0	0.705522
34.869954	0	0.705522
34.87927	0	0.705522
34.888586	0	0.705522
34.897902	0	0.705522
34.907218	0	0.705522
34.916534	0	0.705522
34.925851	0	0.705522
34.935167	0	0.705522
34.944483	0	0.705522
34.953799	0	0.705522
34.963115	0	0.705522
34.972431	0	0.705522
34.981747	0	0.705522
34.991063	0	0.705522
35.000379	0	0.705522
35.009695	0	0.705522
35.019011	0	0.705522
35.028327	0	0.705522
35.037643	0	0.705522
35.046959	0	0.705522
35.056275	0	0.705522
35.065591	0	0.705522
35.074907	0	0.705522
35.084223	0	0.705522
35.093539	0	0.705522
35.102855	0	0.705522
35.112171	0	0.705522
35.121487	0	0.705522
35.130804	0	0.705522
35.14012	0	0.705522
35.149436	0	0.705522
35.158752	0	0.705522
35.168068	0	0.705522
35.177384	0	0.705522
35.1867	0	0.705522
35.196016	0	0.705522
35.205332	0	0.705522
35.214648	0	0.705522
35.223964	0	0.705522
35.23328	0	0.705522
35.242596	0	0.705522
35.251912	0.005398875	0.705522
35.261228	0.113225356	0.705569667
35.270544	0.230905727	0.706569333
35.27986	0.156001057	0.708608
35.289176	0.124476158	0.709985333
35.298492	0.102389852	0.711084333
35.307808	0.101899045	0.711988333
35.317124	0.106052026	0.712888
35.32644	0.105523464	0.713824333
35.335756	0.108241779	0.714756
35.345073	0.141616642	0.715711667
35.354389	0.187072904	0.716962
35.363705	0.120323177	0.718613667
35.373021	0.044399139	0.719676
35.382337	0.004417261	0.720068
35.391653	0	0.720107
35.400969	0	0.720107
35.410285	0	0.720107
35.419601	0	0.720107
35.428917	0.02099143	0.720107
35.438233	0.085815683	0.720292333
35.447549	0.121531317	0.72105
35.456865	0.20138181	0.722123
35.466181	0.412013441	0.723901
35.475497	0.355155359	0.727538667
35.484813	0.103031676	0.730674333
35.494129	0.504209612	0.731584
35.503445	0.485332427	0.736035667
35.512761	0.164873334	0.740320667
35.522077	0	0.741776333
35.531393	0	0.741776333
35.540709	0	0.741776333
35.550026	0	0.741776333
35.559342	0	0.741776333
35.568658	0	0.741776333
35.577974	0	0.741776333
35.58729	0	0.741776333
35.596606	0	0.741776333
35.605922	0	0.741776333
35.615238	0	0.741776333
35.624554	0	0.741776333
35.63387	0	0.741776333
35.643186	0	0.741776333
35.652502	0	0.741776333
35.661818	0	0.741776333
35.671134	0	0.741776333
35.68045	0	0.741776333
35.689766	0	0.741776333
35.699082	0	0.741776333
35.708398	0	0.741776333
35.717714	0	0.741776333
35.72703	0	0.741776333
35.736346	0	0.741776333
35.745662	0	0.741776333
35.754978	0	0.741776333
35.764295	0	0.741776333
35.773611	0	0.741776333
35.782927	0	0.741776333
35.792243	0	0.741776333
35.801559	0	0.741776333
35.810875	0	0.741776333
35.820191	0	0.741776333
35.829507	0	0.741776333
35.838823	0	0.741776333
35.848139	0	0.741776333
35.857455	0	0.741776333
35.866771	0	0.741776333
35.876087	0	0.741776333
35.885403	0	0.741776333
35.894719	0	0.741776333
35.904035	0	0.741776333
35.913351	0	0.741776333
35.922667	0.00302035	0.741776333
35.931983	0.06471099	0.741803
35.941299	0.079548458	0.742374333
35.950615	0.092082909	0.743076667
35.959931	0.117642617	0.743889667
35.969248	0.164004984	0.744928333
35.978564	0.140295239	0.746376333
35.98788	0.099973572	0.747615
35.997196	0.076301582	0.748497667
36.006512	0.088685015	0.749171333
36.015828	0.102842904	0.749954333
36.025144	0.151508287	0.750862333
36.03446	0.17529354	0.7522
36.043776	0.068146638	0.753747667
36.053092	0	0.754349333
36.062408	0	0.754349333
36.071724	0	0.754349333
36.08104	0	0.754349333
36.090356	0	0.754349333
36.099672	0	0.754349333
36.108988	0	0.754349333
36.118304	0	0.754349333
36.12762	0	0.754349333
36.136936	0	0.754349333
36.146252	0	0.754349333
36.155568	0	0.754349333
36.164884	0	0.754349333
36.1742	0	0.754349333
36.183517	0	0.754349333
36.192833	0	0.754349333
36.202149	0	0.754349333
36.211465	0	0.754349333
36.220781	0	0.754349333
36.230097	0	0.754349333
36.239413	0	0.754349333
36.248729	0	0.754349333
36.258045	0	0.754349333
36.267361	0	0.754349333
36.276677	0	0.754349333
36.285993	0	0.754349333
36.295309	0	0.754349333
36.304625	0	0.754349333
36.313941	0	0.754349333
36.323257	0	0.754349333
36.332573	0	0.754349333
36.341889	0	0.754349333
36.351205	0	0.754349333
36.360521	0	0.754349333
36.369837	0	0.754349333
36.379153	0	0.754349333
36.38847	0	0.754349333
36.397786	0	0.754349333
36.407102	0	0.754349333
36.416418	0	0.754349333
36.425734	0	0.754349333
36.43505	0	0.754349333
36.444366	0	0.754349333
36.453682	0	0.754349333
36.462998	0	0.754349333
36.472314	0	0.754349333
36.48163	0	0.754349333
36.490946	0	0.754349333
36.500262	0	0.754349333
36.509578	0	0.754349333
36.518894	0	0.754349333
36.52821	0	0.754349333
36.537526	0	0.754349333
36.546842	0	0.754349333
36.556158	0	0.754349333
36.565474	0	0.754349333
36.57479	0	0.754349333
36.584106	0	0.754349333
36.593422	0	0.754349333
36.602739	0	0.754349333
36.612055	0	0.754349333
36.621371	0	0.754349333
36.630687	0	0.754349333
36.640003	0	0.754349333
36.649319	0	0.754349333
36.658635	0	0.754349333
36.667951	0	0.754349333
36.677267	0	0.754349333
36.686583	0	0.754349333
36.695899	0	0.754349333
36.705215	0	0.754349333
36.714531	0	0.754349333
36.723847	0	0.754349333
36.733163	0	0.754349333
36.742479	0	0.754349333
36.751795	0	0.754349333
36.761111	0	0.754349333
36.770427	0	0.754349333
36.779743	0	0.754349333
36.789059	0	0.754349333
36.798375	0	0.754349333
36.807692	0	0.754349333
36.817008	0	0.754349333
36.826324	0	0.754349333
36.83564	0	0.754349333
36.844956	0	0.754349333
36.854272	0	0.754349333
36.863588	0	0.754349333
36.872904	0	0.754349333
36.88222	0	0.754349333
36.891536	0	0.754349333
36.900852	0	0.754349333
36.910168	0	0.754349333
36.919484	0	0.754349333
36.9288	0	0.754349333
36.938116	0	0.754349333
36.947432	0	0.754349333
36.956748	0	0.754349333
36.966064	0	0.754349333
36.97538	0	0.754349333
36.984696	0	0.754349333
36.994012	0	0.754349333
37.003328	0	0.754349333
37.012644	0	0.754349333
37.021961	0	0.754349333
37.031277	0	0.754349333
37.040593	0	0.754349333
37.049909	0	0.754349333
37.059225	0	0.754349333
37.068541	0	0.754349333
37.077857	0	0.754349333
37.087173	0	0.754349333
37.096489	0	0.754349333
37.105805	0	0.754349333
37.115121	0	0.754349333
37.124437	0	0.754349333
37.133753	0	0.754349333
37.143069	0	0.754349333
37.152385	0	0.754349333
37.161701	0	0.754349333
37.171017	0	0.754349333
37.180333	0	0.754349333
37.189649	0	0.754349333
37.198965	0	0.754349333
37.208281	0	0.754349333
37.217597	0	0.754349333
37.226914	0	0.754349333
37.23623	0	0.754349333
37.245546	0	0.754349333
37.254862	0	0.754349333
37.264178	0	0.754349333
37.273494	0	0.754349333
37.28281	0	0.754349333
37.292126	0	0.754349333
37.301442	0	0.754349333
37.310758	0	0.754349333
37.320074	0	0.754349333
37.32939	0	0.754349333
37.338706	0	0.754349333
37.348022	0	0.754349333
37.357338	0	0.754349333
37.366654	0	0.754349333
37.37597	0	0.754349333
37.385286	0	0.754349333
37.394602	0	0.754349333
37.403918	0	0.754349333
37.413234	0	0.754349333
37.42255	0	0.754349333
37.431866	0	0.754349333
37.441183	0	0.754349333
37.450499	0	0.754349333
37.459815	0	0.754349333
37.469131	0	0.754349333
37.478447	0	0.754349333
37.487763	0	0.754349333
37.497079	0	0.754349333
37.506395	0	0.754349333
37.515711	0	0.754349333
37.525027	0	0.754349333
37.534343	0	0.754349333
37.543659	0	0.754349333
37.552975	0	0.754349333
37.562291	0	0.754349333
37.571607	0	0.754349333
37.580923	0	0.754349333
37.590239	0	0.754349333
37.599555	0	0.754349333
37.608871	0	0.754349333
37.618187	0	0.754349333
37.627503	0	0.754349333
37.636819	0	0.754349333
37.646136	0	0.754349333
37.655452	0	0.754349333
37.664768	0	0.754349333
37.674084	0	0.754349333
37.6834	0	0.754349333
37.692716	0	0.754349333
37.702032	0	0.754349333
37.711348	0	0.754349333
37.720664	0	0.754349333
37.72998	0	0.754349333
37.739296	0	0.754349333
37.748612	0	0.754349333
37.757928	0	0.754349333
37.767244	0	0.754349333
37.77656	0	0.754349333
37.785876	0	0.754349333
37.795192	0	0.754349333
37.804508	0	0.754349333
37.813824	0	0.754349333
37.82314	0	0.754349333
37.832456	0	0.754349333
37.841772	0	0.754349333
37.851088	0	0.754349333
37.860405	0	0.754349333
37.869721	0	0.754349333
37.879037	0	0.754349333
37.888353	0	0.754349333
37.897669	0	0.754349333
37.906985	0	0.754349333
37.916301	0	0.754349333
37.925617	0	0.754349333
37.934933	0	0.754349333
37.944249	0	0.754349333
37.953565	0	0.754349333
37.962881	0	0.754349333
37.972197	0	0.754349333
37.981513	0	0.754349333
37.990829	0	0.754349333
38.000145	0	0.754349333
38.009461	0	0.754349333
38.018777	0	0.754349333
38.028093	0	0.754349333
38.037409	0	0.754349333
38.046725	0	0.754349333
38.056041	0	0.754349333
38.065357	0	0.754349333
38.074674	0	0.754349333
38.08399	0	0.754349333
38.093306	0	0.754349333
38.102622	0	0.754349333
38.111938	0	0.754349333
38.121254	0	0.754349333
38.13057	0	0.754349333
38.139886	0	0.754349333
38.149202	0	0.754349333
38.158518	0	0.754349333
38.167834	0	0.754349333
38.17715	0	0.754349333
38.186466	0	0.754349333
38.195782	0	0.754349333
38.205098	0	0.754349333
38.214414	0	0.754349333
38.22373	0	0.754349333
38.233046	0	0.754349333
38.242362	0	0.754349333
38.251678	0	0.754349333
38.260994	0	0.754349333
38.27031	0	0.754349333
38.279627	0	0.754349333
38.288943	0	0.754349333
38.298259	0	0.754349333
38.307575	0	0.754349333
38.316891	0	0.754349333
38.326207	0	0.754349333
38.335523	0	0.754349333
38.344839	0	0.754349333
38.354155	0	0.754349333
38.363471	0	0.754349333
38.372787	0	0.754349333
38.382103	0	0.754349333
38.391419	0	0.754349333
38.400735	0	0.754349333
38.410051	0	0.754349333
38.419367	0	0.754349333
38.428683	0	0.754349333
38.437999	0	0.754349333
38.447315	0	0.754349333
38.456631	0	0.754349333
38.465947	0	0.754349333
38.475263	0	0.754349333
38.484579	0	0.754349333
38.493896	0	0.754349333
38.503212	0	0.754349333
38.512528	0	0.754349333
38.521844	0	0.754349333
38.53116	0	0.754349333
38.540476	0	0.754349333
38.549792	0	0.754349333
38.559108	0	0.754349333
38.568424	0	0.754349333
38.57774	0	0.754349333
38.587056	0	0.754349333
38.596372	0	0.754349333
38.605688	0	0.754349333
38.615004	0	0.754349333
38.62432	0	0.754349333
38.633636	0	0.754349333
38.642952	0	0.754349333
38.652268	0	0.754349333
38.661584	0	0.754349333
38.6709	0	0.754349333
38.680216	0	0.754349333
38.689532	0.041227772	0.754349333
38.698849	0.113225356	0.754713333
38.708165	0.099973572	0.755713
38.717481	0.019670027	0.756595667
38.726797	0.078038283	0.756769333
38.736113	0.098765432	0.757458333
38.745429	0.124929211	0.758330333
38.754745	0.043002228	0.759433333
38.764061	0	0.759813
38.773377	0	0.759813
38.782693	0	0.759813
38.792009	0	0.759813
38.801325	0	0.759813
38.810641	0	0.759813
38.819957	0	0.759813
38.829273	0	0.759813
38.838589	0	0.759813
38.847905	0	0.759813
38.857221	0	0.759813
38.866537	0	0.759813
38.875853	0	0.759813
38.885169	0	0.759813
38.894485	0	0.759813
38.903801	0	0.759813
38.913118	0	0.759813
38.922434	0	0.759813
38.93175	0	0.759813
38.941066	0.497602598	0.759813
38.950382	0.217918224	0.764206333
38.959698	0.241401442	0.766130333
38.969014	0.435005852	0.768261667
38.97833	0.032544267	0.772102333
38.987646	0	0.772389667
38.996962	0	0.772389667
39.006278	0	0.772389667
39.015594	0	0.772389667
39.02491	0	0.772389667
39.034226	0	0.772389667
39.043542	0	0.772389667
39.052858	0	0.772389667
39.062174	0	0.772389667
39.07149	0	0.772389667
39.080806	0	0.772389667
39.090122	0	0.772389667
39.099438	0	0.772389667
39.108754	0	0.772389667
39.118071	0	0.772389667
39.127387	0	0.772389667
39.136703	0	0.772389667
39.146019	0	0.772389667
39.155335	0	0.772389667
39.164651	0	0.772389667
39.173967	0	0.772389667
39.183283	0	0.772389667
39.192599	0	0.772389667
39.201915	0	0.772389667
39.211231	0	0.772389667
39.220547	0	0.772389667
39.229863	0	0.772389667
39.239179	0	0.772389667
39.248495	0	0.772389667
39.257811	0	0.772389667
39.267127	0	0.772389667
39.276443	0	0.772389667
39.285759	0	0.772389667
39.295075	0	0.772389667
39.304391	0	0.772389667
39.313707	0	0.772389667
39.323023	0	0.772389667
39.33234	0	0.772389667
39.341656	0	0.772389667
39.350972	0	0.772389667
39.360288	0	0.772389667
39.369604	0	0.772389667
39.37892	0	0.772389667
39.388236	0	0.772389667
39.397552	0	0.772389667
39.406868	0	0.772389667
39.416184	0	0.772389667
39.4255	0	0.772389667
39.434816	0	0.772389667
39.444132	0	0.772389667
39.453448	0	0.772389667
39.462764	0	0.772389667
39.47208	0	0.772389667
39.481396	0	0.772389667
39.490712	0	0.772389667
39.500028	0	0.772389667
39.509344	0	0.772389667
39.51866	0	0.772389667
39.527976	0	0.772389667
39.537293	0	0.772389667
39.546609	0	0.772389667
39.555925	0	0.772389667
39.565241	0	0.772389667
39.574557	0	0.772389667
39.583873	0	0.772389667
39.593189	0	0.772389667
39.602505	0	0.772389667
39.611821	0	0.772389667
39.621137	0	0.772389667
39.630453	0	0.772389667
39.639769	0	0.772389667
39.649085	0	0.772389667
39.658401	0	0.772389667
39.667717	0	0.772389667
39.677033	0	0.772389667
39.686349	0	0.772389667
39.695665	0.039264545	0.772389667
39.704981	0.081738211	0.772736333
39.714297	0.088345226	0.773458
39.723613	0.013138521	0.774238
39.732929	0	0.774354
39.742245	0	0.774354
39.751562	0	0.774354
39.760878	0	0.774354
39.770194	0	0.774354
39.77951	0	0.774354
39.788826	0	0.774354
39.798142	0	0.774354
39.807458	0	0.774354
39.816774	0	0.774354
39.82609	0	0.774354
39.835406	0	0.774354
39.844722	0	0.774354
39.854038	0	0.774354
39.863354	0	0.774354
39.87267	0	0.774354
39.881986	0	0.774354
39.891302	0	0.774354
39.900618	0	0.774354
39.909934	0	0.774354
39.91925	0	0.774354
39.928566	0	0.774354
39.937882	0	0.774354
39.947198	0	0.774354
39.956515	0	0.774354
39.965831	0	0.774354
39.975147	0	0.774354
39.984463	0	0.774354
39.993779	0	0.774354
40.003095	0	0.774354
40.012411	0	0.774354
40.021727	0	0.774354
40.031043	0	0.774354
40.040359	0	0.774354
40.049675	0	0.774354
40.058991	0	0.774354
40.068307	0	0.774354
40.077623	0	0.774354
40.086939	0	0.774354
40.096255	0	0.774354
40.105571	0	0.774354
40.114887	0	0.774354
40.124203	0	0.774354
40.133519	0	0.774354
40.142835	0	0.774354
40.152151	0	0.774354
40.161467	0	0.774354
40.170784	0	0.774354
40.1801	0	0.774354
40.189416	0	0.774354
40.198732	0	0.774354
40.208048	0	0.774354
40.217364	0	0.774354
40.22668	0	0.774354
40.235996	0	0.774354
40.245312	0	0.774354
40.254628	0	0.774354
40.263944	0	0.774354
40.27326	0	0.774354
40.282576	0	0.774354
40.291892	0	0.774354
40.301208	0	0.774354
40.310524	0	0.774354
40.31984	0	0.774354
40.329156	0	0.774354
40.338472	0	0.774354
40.347788	0	0.774354
40.357104	0	0.774354
40.36642	0	0.774354
40.375737	0	0.774354
40.385053	0	0.774354
40.394369	0	0.774354
40.403685	0	0.774354
40.413001	0	0.774354
40.422317	0	0.774354
40.431633	0	0.774354
40.440949	0	0.774354
40.450265	0	0.774354
40.459581	0	0.774354
40.468897	0	0.774354
40.478213	0	0.774354
40.487529	0	0.774354
40.496845	0	0.774354
40.506161	0	0.774354
40.515477	0	0.774354
40.524793	0	0.774354
40.534109	0	0.774354
40.543425	0	0.774354
40.552741	0	0.774354
40.562057	0	0.774354
40.571373	0	0.774354
40.580689	0	0.774354
40.590006	0	0.774354
40.599322	0	0.774354
40.608638	0	0.774354
40.617954	0	0.774354
40.62727	0	0.774354
40.636586	0	0.774354
40.645902	0	0.774354
40.655218	0	0.774354
40.664534	0	0.774354
40.67385	0	0.774354
40.683166	0	0.774354
40.692482	0	0.774354
40.701798	0	0.774354
40.711114	0	0.774354
40.72043	0	0.774354
40.729746	0	0.774354
40.739062	0	0.774354
40.748378	0	0.774354
40.757694	0	0.774354
40.76701	0	0.774354
40.776326	0	0.774354
40.785642	0	0.774354
40.794959	0	0.774354
40.804275	0	0.774354
40.813591	0	0.774354
40.822907	0	0.774354
40.832223	0	0.774354
40.841539	0	0.774354
40.850855	0	0.774354
40.860171	0	0.774354
40.869487	0	0.774354
40.878803	0	0.774354
40.888119	0	0.774354
40.897435	0	0.774354
40.906751	0	0.774354
40.916067	0	0.774354
40.925383	0	0.774354
40.934699	0	0.774354
40.944015	0	0.774354
40.953331	0	0.774354
40.962647	0	0.774354
40.971963	0	0.774354
40.981279	0	0.774354
40.990595	0.050855136	0.774354
40.999911	0.059047835	0.774803
41.009228	0.01589459	0.775324333
41.018544	0.017857817	0.775464667
41.02786	0.044587911	0.775622333
41.037176	0.0781893	0.776016
41.046492	0.010986522	0.776706333
41.055808	0.006871295	0.776803333
41.065124	0.010269189	0.776864
41.07444	0.014120134	0.776954667
41.083756	0.022539359	0.777079333
41.093072	0.0371503	0.777278333
41.102388	0.028429041	0.777606333
41.111704	0.00596519	0.777857333
41.12102	0	0.77791
41.130336	0.001321403	0.77791
41.139652	0.003775437	0.777921667
41.148968	0.014120134	0.777955
41.158284	0.038433949	0.778079667
41.1676	0.052101031	0.778419
41.176916	0.030958583	0.778879
41.186232	0	0.779152333
41.195548	0	0.779152333
41.204864	0	0.779152333
41.214181	0	0.779152333
41.223497	0	0.779152333
41.232813	0	0.779152333
41.242129	0	0.779152333
41.251445	0	0.779152333
41.260761	0	0.779152333
41.270077	0	0.779152333
41.279393	0	0.779152333
41.288709	0	0.779152333
41.298025	0	0.779152333
41.307341	0	0.779152333
41.316657	0	0.779152333
41.325973	0	0.779152333
41.335289	0	0.779152333
41.344605	0	0.779152333
41.353921	0	0.779152333
41.363237	0	0.779152333
41.372553	0	0.779152333
41.381869	0	0.779152333
41.391185	0	0.779152333
41.400501	0	0.779152333
41.409817	0	0.779152333
41.419133	0	0.779152333
41.42845	0	0.779152333
41.437766	0	0.779152333
41.447082	0	0.779152333
41.456398	0	0.779152333
41.465714	0	0.779152333
41.47503	0	0.779152333
41.484346	0	0.779152333
41.493662	0	0.779152333
41.502978	0	0.779152333
41.512294	0	0.779152333
41.52161	0	0.779152333
41.530926	0	0.779152333
41.540242	0	0.779152333
41.549558	0	0.779152333
41.558874	0	0.779152333
41.56819	0	0.779152333
41.577506	0	0.779152333
41.586822	0	0.779152333
41.596138	0	0.779152333
41.605454	0	0.779152333
41.61477	0	0.779152333
41.624086	0	0.779152333
41.633402	0	0.779152333
41.642719	0	0.779152333
41.652035	0	0.779152333
41.661351	0	0.779152333
41.670667	0	0.779152333
41.679983	0	0.779152333
41.689299	0	0.779152333
41.698615	0	0.779152333
41.707931	0	0.779152333
41.717247	0	0.779152333
41.726563	0	0.779152333
41.735879	0	0.779152333
41.745195	0	0.779152333
41.754511	0	0.779152333
41.763827	0	0.779152333
41.773143	0	0.779152333
41.782459	0	0.779152333
41.791775	0	0.779152333
41.801091	0	0.779152333
41.810407	0	0.779152333
41.819723	0	0.779152333
41.829039	0	0.779152333
41.838355	0	0.779152333
41.847672	0	0.779152333
41.856988	0	0.779152333
41.866304	0	0.779152333
41.87562	0	0.779152333
41.884936	0	0.779152333
41.894252	0	0.779152333
41.903568	0	0.779152333
41.912884	0	0.779152333
41.9222	0	0.779152333
41.931516	0	0.779152333
41.940832	0	0.779152333
41.950148	0	0.779152333
41.959464	0	0.779152333
41.96878	0	0.779152333
41.978096	0	0.779152333
41.987412	0	0.779152333
41.996728	0	0.779152333
42.006044	0	0.779152333
42.01536	0	0.779152333
42.024676	0	0.779152333
42.033992	0	0.779152333
42.043308	0	0.779152333
42.052624	0	0.779152333
42.061941	0	0.779152333
42.071257	0	0.779152333
42.080573	0	0.779152333
42.089889	0	0.779152333
42.099205	0	0.779152333
42.108521	0	0.779152333
42.117837	0	0.779152333
42.127153	0	0.779152333
42.136469	0	0.779152333
42.145785	0	0.779152333
42.155101	0	0.779152333
42.164417	0	0.779152333
42.173733	0	0.779152333
42.183049	0	0.779152333
42.192365	0	0.779152333
42.201681	0	0.779152333
42.210997	0	0.779152333
42.220313	0	0.779152333
42.229629	0	0.779152333
42.238945	0	0.779152333
42.248261	0	0.779152333
42.257577	0	0.779152333
42.266894	0	0.779152333
42.27621	0	0.779152333
42.285526	0	0.779152333
42.294842	0	0.779152333
42.304158	0	0.779152333
42.313474	0	0.779152333
42.32279	0	0.779152333
42.332106	0	0.779152333
42.341422	0.001774455	0.779152333
42.350738	0.090497225	0.779168
42.360054	0.10877034	0.779967
42.36937	0.088760524	0.780927333
42.378686	0.071129233	0.781711
42.388002	0.013251784	0.782339
42.397318	0	0.782456
42.406634	0.031109601	0.782456
42.41595	0.096726696	0.782730667
42.425266	0.062483482	0.783584667
42.434582	0.029523917	0.784136333
42.443898	0.000339789	0.784397
42.453214	0	0.7844
42.46253	0.003926454	0.7844
42.471846	0.097821573	0.784434667
42.481163	0.037943142	0.785298333
42.490479	0.024389323	0.785633333
42.499795	0.018650659	0.785848667
42.509111	0.00328463	0.786013333
42.518427	0	0.786042333
42.527743	0	0.786042333
42.537059	0	0.786042333
42.546375	0	0.786042333
42.555691	0	0.786042333
42.565007	0	0.786042333
42.574323	0	0.786042333
42.583639	0	0.786042333
42.592955	0	0.786042333
42.602271	0	0.786042333
42.611587	0	0.786042333
42.620903	0	0.786042333
42.630219	0	0.786042333
42.639535	0	0.786042333
42.648851	0	0.786042333
42.658167	0	0.786042333
42.667483	0	0.786042333
42.676799	0	0.786042333
42.686116	0	0.786042333
42.695432	0	0.786042333
42.704748	0	0.786042333
42.714064	0	0.786042333
42.72338	0	0.786042333
42.732696	0	0.786042333
42.742012	0	0.786042333
42.751328	0	0.786042333
42.760644	0	0.786042333
42.76996	0	0.786042333
42.779276	0	0.786042333
42.788592	0	0.786042333
42.797908	0	0.786042333
42.807224	0	0.786042333
42.81654	0	0.786042333
42.825856	0	0.786042333
42.835172	0	0.786042333
42.844488	0	0.786042333
42.853804	0	0.786042333
42.86312	0	0.786042333
42.872436	0	0.786042333
42.881752	0	0.786042333
42.891068	0	0.786042333
42.900385	0	0.786042333
42.909701	0	0.786042333
42.919017	0	0.786042333
42.928333	0	0.786042333
42.937649	0	0.786042333
42.946965	0	0.786042333
42.956281	0	0.786042333
42.965597	0	0.786042333
42.974913	0	0.786042333
42.984229	0	0.786042333
42.993545	0	0.786042333
43.002861	0	0.786042333
43.012177	0	0.786042333
43.021493	0	0.786042333
43.030809	0	0.786042333
43.040125	0	0.786042333
43.049441	0	0.786042333
43.058757	0	0.786042333
43.068073	0	0.786042333
43.077389	0	0.786042333
43.086705	0	0.786042333
43.096021	0	0.786042333
43.105338	0	0.786042333
43.114654	0	0.786042333
43.12397	0.004455016	0.786042333
43.133286	0.019367992	0.786081667
43.142602	0.026616831	0.786252667
43.151918	0.025710726	0.786487667
43.161234	0.028655567	0.786714667
43.17055	0.027032129	0.786967667
43.179866	0.016121116	0.787206333
43.189182	0.003662174	0.787348667
43.198498	0.000717333	0.787381
43.207814	0	0.787387333
43.21713	0.000490807	0.787387333
43.226446	0.007701891	0.787391667
43.235762	0.009967154	0.787459667
43.245078	0.015441537	0.787547667
43.254394	0.029561672	0.787684
43.26371	0.015630309	0.787945
43.273026	0.008721259	0.788083
43.282342	0.015252766	0.78816
43.291658	0.01676294	0.788294667
43.300974	0.011552837	0.788442667
43.31029	0.003435648	0.788544667
43.319607	0	0.788575
43.328923	0	0.788575
43.338239	0	0.788575
43.347555	0	0.788575
43.356871	0	0.788575
43.366187	0	0.788575
43.375503	0	0.788575
43.384819	0	0.788575
43.394135	0	0.788575
43.403451	0	0.788575
43.412767	0	0.788575
43.422083	0	0.788575
43.431399	0	0.788575
43.440715	0	0.788575
43.450031	0	0.788575
43.459347	0	0.788575
43.468663	0	0.788575
43.477979	0	0.788575
43.487295	0	0.788575
43.496611	0	0.788575
43.505927	0	0.788575
43.515243	0	0.788575
43.52456	0	0.788575
43.533876	0	0.788575
43.543192	0	0.788575
43.552508	0	0.788575
43.561824	0	0.788575
43.57114	0	0.788575
43.580456	0	0.788575
43.589772	0	0.788575
43.599088	0	0.788575
43.608404	0	0.788575
43.61772	0	0.788575
43.627036	0	0.788575
43.636352	0	0.788575
43.645668	0	0.788575
43.654984	0	0.788575
43.6643	0	0.788575
43.673616	0	0.788575
43.682932	0	0.788575
43.692248	0	0.788575
43.701564	0	0.788575
43.71088	0	0.788575
43.720196	0	0.788575
43.729512	0	0.788575
43.738829	0	0.788575
43.748145	0	0.788575
43.757461	0	0.788575
43.766777	0	0.788575
43.776093	0	0.788575
43.785409	0	0.788575
43.794725	0	0.788575
43.804041	0	0.788575
43.813357	0	0.788575
43.822673	0	0.788575
43.831989	0	0.788575
43.841305	0	0.788575
43.850621	0	0.788575
43.859937	0	0.788575
43.869253	0	0.788575
43.878569	0	0.788575
43.887885	0	0.788575
43.897201	0	0.788575
43.906517	0	0.788575
43.915833	0	0.788575
43.925149	0	0.788575
43.934465	0	0.788575
43.943782	0	0.788575
43.953098	0	0.788575
43.962414	0	0.788575
43.97173	0	0.788575
43.981046	0	0.788575
43.990362	0	0.788575
43.999678	0	0.788575
44.008994	0	0.788575
44.01831	0	0.788575
44.027626	0	0.788575
44.036942	0	0.788575
44.046258	0	0.788575
44.055574	0	0.788575
44.06489	0	0.788575
44.074206	0	0.788575
44.083522	0	0.788575
44.092838	0	0.788575
44.102154	0	0.788575
44.11147	0	0.788575
44.120786	0	0.788575
44.130102	0	0.788575
44.139418	0	0.788575
44.148734	0	0.788575
44.158051	0	0.788575
44.167367	0	0.788575
44.176683	0	0.788575
44.185999	0	0.788575
44.195315	0	0.788575
44.204631	0	0.788575
44.213947	0	0.788575
44.223263	0	0.788575
44.232579	0	0.788575
44.241895	0	0.788575
44.251211	0	0.788575
44.260527	0	0.788575
44.269843	0	0.788575
44.279159	0	0.788575
44.288475	0	0.788575
44.297791	0	0.788575
44.307107	0	0.788575
44.316423	0	0.788575
44.325739	0	0.788575
44.335055	0	0.788575
44.344371	0	0.788575
44.353687	0	0.788575
44.363004	0	0.788575
44.37232	0	0.788575
44.381636	0	0.788575
44.390952	0	0.788575
44.400268	0	0.788575
44.409584	0	0.788575
44.4189	0	0.788575
44.428216	0	0.788575
44.437532	0	0.788575
44.446848	0	0.788575
44.456164	0	0.788575
44.46548	0	0.788575
44.474796	0	0.788575
44.484112	0	0.788575
44.493428	0	0.788575
44.502744	0	0.788575
44.51206	0	0.788575
44.521376	0	0.788575
44.530692	0	0.788575
44.540008	0	0.788575
44.549324	0	0.788575
44.55864	0	0.788575
44.567956	0	0.788575
44.577273	0	0.788575
44.586589	0	0.788575
44.595905	0	0.788575
44.605221	0	0.788575
44.614537	0	0.788575
44.623853	0	0.788575
44.633169	0	0.788575
44.642485	0	0.788575
44.651801	0	0.788575
44.661117	0	0.788575
44.670433	0	0.788575
44.679749	0	0.788575
44.689065	0	0.788575
44.698381	0	0.788575
44.707697	0	0.788575
44.717013	0	0.788575
44.726329	0	0.788575
44.735645	0	0.788575
44.744961	0	0.788575
44.754277	0	0.788575
44.763593	0	0.788575
44.772909	0	0.788575
44.782225	0	0.788575
44.791542	0	0.788575
44.800858	0	0.788575
44.810174	0	0.788575
44.81949	0	0.788575
44.828806	0	0.788575
44.838122	0	0.788575
44.847438	0	0.788575
44.856754	0	0.788575
44.86607	0	0.788575
44.875386	0	0.788575
44.884702	0	0.788575
44.894018	0	0.788575
44.903334	0	0.788575
44.91265	0	0.788575
44.921966	0	0.788575
44.931282	0	0.788575
44.940598	0	0.788575
44.949914	0	0.788575
44.95923	0	0.788575
44.968546	0	0.788575
44.977862	0	0.788575
44.987178	0	0.788575
44.996495	0	0.788575
45.005811	0	0.788575
45.015127	0	0.788575
45.024443	0	0.788575
45.033759	0	0.788575
45.043075	0	0.788575
45.052391	0	0.788575
45.061707	0	0.788575
45.071023	0	0.788575
45.080339	0	0.788575
45.089655	0	0.788575
45.098971	0	0.788575
45.108287	0	0.788575
45.117603	0	0.788575
45.126919	0	0.788575
45.136235	0	0.788575
45.145551	0	0.788575
45.154867	0	0.788575
45.164183	0	0.788575
45.173499	0	0.788575
45.182815	0	0.788575
45.192131	0	0.788575
45.201447	0	0.788575
45.210764	0	0.788575
45.22008	0	0.788575
45.229396	0	0.788575
45.238712	0	0.788575
45.248028	0	0.788575
45.257344	0	0.788575
45.26666	0	0.788575
45.275976	0	0.788575
45.285292	0	0.788575
45.294608	0	0.788575
45.303924	0	0.788575
45.31324	0	0.788575
45.322556	0	0.788575
45.331872	0	0.788575
45.341188	0	0.788575
45.350504	0	0.788575
45.35982	0	0.788575
45.369136	0	0.788575
45.378452	0	0.788575
45.387768	0	0.788575
45.397084	0	0.788575
45.4064	0	0.788575
45.415717	0	0.788575
45.425033	0	0.788575
45.434349	0	0.788575
45.443665	0	0.788575
45.452981	0	0.788575
45.462297	0	0.788575
45.471613	0	0.788575
45.480929	0	0.788575
45.490245	0	0.788575
45.499561	0	0.788575
45.508877	0	0.788575
45.518193	0	0.788575
45.527509	0	0.788575
45.536825	0	0.788575
45.546141	0	0.788575
45.555457	0	0.788575
45.564773	0	0.788575
45.574089	0	0.788575
45.583405	0	0.788575
45.592721	0	0.788575
45.602037	0	0.788575
45.611353	0	0.788575
45.620669	0	0.788575
45.629986	0.010911013	0.788575
45.639302	0.045494016	0.788671333
45.648618	0.060935553	0.789073
45.657934	0.057273379	0.789611
45.66725	0.043002228	0.790116667
45.676566	0.097897082	0.790496333
45.685882	0.09019519	0.791360667
45.695198	0.107788727	0.792157
45.704514	0.043304262	0.793108667
45.71383	0.005172349	0.793491
45.723146	0.023181183	0.793536667
45.732462	0.067278287	0.793741333
45.741778	0.08932684	0.794335333
45.751094	0.008872277	0.795124
45.76041	0	0.795202333
45.769726	0	0.795202333
45.779042	0	0.795202333
45.788358	0	0.795202333
45.797674	0	0.795202333
45.80699	0	0.795202333
45.816306	0	0.795202333
45.825622	0	0.795202333
45.834939	0	0.795202333
45.844255	0	0.795202333
45.853571	0	0.795202333
45.862887	0	0.795202333
45.872203	0	0.795202333
45.881519	0	0.795202333
45.890835	0	0.795202333
45.900151	0	0.795202333
45.909467	0	0.795202333
45.918783	0	0.795202333
45.928099	0	0.795202333
45.937415	0	0.795202333
45.946731	0	0.795202333
45.956047	0	0.795202333
45.965363	0	0.795202333
45.974679	0	0.795202333
45.983995	0	0.795202333
45.993311	0	0.795202333
46.002627	0	0.795202333
46.011943	0	0.795202333
46.021259	0	0.795202333
46.030575	0	0.795202333
46.039891	0	0.795202333
46.049208	0	0.795202333
46.058524	0	0.795202333
46.06784	0	0.795202333
46.077156	0	0.795202333
46.086472	0	0.795202333
46.095788	0	0.795202333
46.105104	0	0.795202333
46.11442	0	0.795202333
46.123736	0	0.795202333
46.133052	0	0.795202333
46.142368	0	0.795202333
46.151684	0	0.795202333
46.161	0	0.795202333
46.170316	0	0.795202333
46.179632	0	0.795202333
46.188948	0	0.795202333
46.198264	0	0.795202333
46.20758	0	0.795202333
46.216896	0	0.795202333
46.226212	0	0.795202333
46.235528	0	0.795202333
46.244844	0	0.795202333
46.254161	0	0.795202333
46.263477	0	0.795202333
46.272793	0	0.795202333
46.282109	0	0.795202333
46.291425	0	0.795202333
46.300741	0	0.795202333
46.310057	0	0.795202333
46.319373	0	0.795202333
46.328689	0	0.795202333
46.338005	0	0.795202333
46.347321	0	0.795202333
46.356637	0	0.795202333
46.365953	0	0.795202333
46.375269	0	0.795202333
46.384585	0	0.795202333
46.393901	0	0.795202333
46.403217	0	0.795202333
46.412533	0	0.795202333
46.421849	0	0.795202333
46.431165	0	0.795202333
46.440481	0	0.795202333
46.449797	0	0.795202333
46.459113	0	0.795202333
46.46843	0	0.795202333
46.477746	0	0.795202333
46.487062	0	0.795202333
46.496378	0	0.795202333
46.505694	0	0.795202333
46.51501	0	0.795202333
46.524326	0	0.795202333
46.533642	0	0.795202333
46.542958	0	0.795202333
46.552274	0	0.795202333
46.56159	0	0.795202333
46.570906	0	0.795202333
46.580222	0	0.795202333
46.589538	0	0.795202333
46.598854	0	0.795202333
46.60817	0	0.795202333
46.617486	0	0.795202333
46.626802	0	0.795202333
46.636118	0	0.795202333
46.645434	0	0.795202333
46.65475	0	0.795202333
46.664066	0	0.795202333
46.673383	0	0.795202333
46.682699	0	0.795202333
46.692015	0	0.795202333
46.701331	0	0.795202333
46.710647	0	0.795202333
46.719963	0	0.795202333
46.729279	0	0.795202333
46.738595	0	0.795202333
46.747911	0	0.795202333
46.757227	0	0.795202333
46.766543	0	0.795202333
46.775859	0	0.795202333
46.785175	0	0.795202333
46.794491	0	0.795202333
46.803807	0	0.795202333
46.813123	0	0.795202333
46.822439	0	0.795202333
46.831755	0	0.795202333
46.841071	0	0.795202333
46.850387	0	0.795202333
46.859703	0	0.795202333
46.869019	0	0.795202333
46.878335	0	0.795202333
46.887652	0	0.795202333
46.896968	0	0.795202333
46.906284	0.109223393	0.795202333
46.9156	0.169026315	0.796166667
46.924916	0.131196436	0.797659
46.934232	0.053988749	0.798817333
46.943548	0	0.799294
46.952864	0.032582021	0.799294
46.96218	0.163816212	0.799581667
46.971496	0.115868162	0.801028
46.980812	0.006531506	0.802051
46.990128	0	0.802108667
46.999444	0	0.802108667
47.00876	0	0.802108667
47.018076	0	0.802108667
47.027392	0	0.802108667
47.036708	0	0.802108667
47.046024	0	0.802108667
47.05534	0	0.802108667
47.064656	0	0.802108667
47.073972	0	0.802108667
47.083288	0	0.802108667
47.092605	0	0.802108667
47.101921	0	0.802108667
47.111237	0	0.802108667
47.120553	0	0.802108667
47.129869	0	0.802108667
47.139185	0	0.802108667
47.148501	0	0.802108667
47.157817	0	0.802108667
47.167133	0	0.802108667
47.176449	0	0.802108667
47.185765	0	0.802108667
47.195081	0	0.802108667
47.204397	0	0.802108667
47.213713	0	0.802108667
47.223029	0	0.802108667
47.232345	0	0.802108667
47.241661	0	0.802108667
47.250977	0	0.802108667
47.260293	0	0.802108667
47.269609	0	0.802108667
47.278925	0	0.802108667
47.288241	0	0.802108667
47.297557	0	0.802108667
47.306874	0	0.802108667
47.31619	0	0.802108667
47.325506	0	0.802108667
47.334822	0	0.802108667
47.344138	0	0.802108667
47.353454	0	0.802108667
47.36277	0	0.802108667
47.372086	0	0.802108667
47.381402	0	0.802108667
47.390718	0	0.802108667
47.400034	0	0.802108667
47.40935	0	0.802108667
47.418666	0	0.802108667
47.427982	0	0.802108667
47.437298	0	0.802108667
47.446614	0	0.802108667
47.45593	0	0.802108667
47.465246	0	0.802108667
47.474562	0	0.802108667
47.483878	0	0.802108667
47.493194	0	0.802108667
47.50251	0	0.802108667
47.511827	0	0.802108667
47.521143	0	0.802108667
47.530459	0	0.802108667
47.539775	0	0.802108667
47.549091	0	0.802108667
47.558407	0	0.802108667
47.567723	0	0.802108667
47.577039	0	0.802108667
47.586355	0	0.802108667
47.595671	0	0.802108667
47.604987	0	0.802108667
47.614303	0	0.802108667
47.623619	0	0.802108667
47.632935	0	0.802108667
47.642251	0	0.802108667
47.651567	0	0.802108667
47.660883	0	0.802108667
47.670199	0	0.802108667
47.679515	0	0.802108667
47.688831	0	0.802108667
47.698147	0	0.802108667
47.707463	0	0.802108667
47.716779	0	0.802108667
47.726096	0	0.802108667
47.735412	0	0.802108667
47.744728	0	0.802108667
47.754044	0	0.802108667
47.76336	0	0.802108667
47.772676	0	0.802108667
47.781992	0	0.802108667
47.791308	0	0.802108667
47.800624	0	0.802108667
47.80994	0	0.802108667
47.819256	0	0.802108667
47.828572	0	0.802108667
47.837888	0	0.802108667
47.847204	0	0.802108667
47.85652	0	0.802108667
47.865836	0	0.802108667
47.875152	0	0.802108667
47.884468	0	0.802108667
47.893784	0	0.802108667
47.9031	0	0.802108667
47.912416	0	0.802108667
47.921732	0	0.802108667
47.931049	0	0.802108667
47.940365	0	0.802108667
47.949681	0	0.802108667
47.958997	0	0.802108667
47.968313	0	0.802108667
47.977629	0	0.802108667
47.986945	0.162570318	0.802108667
47.996261	0.149847095	0.803544
48.005577	0.164420282	0.804867
48.014893	0.278778269	0.806318667
48.024209	0.01287424	0.80878
48.033525	0.292256579	0.808893667
48.042841	0	0.811474
48.052157	0	0.811474
48.061473	0	0.811474
48.070789	0	0.811474
48.080105	0	0.811474
48.089421	0	0.811474
48.098737	0	0.811474
48.108053	0	0.811474
48.117369	0	0.811474
48.126685	0	0.811474
48.136001	0	0.811474
48.145318	0	0.811474
48.154634	0	0.811474
48.16395	0	0.811474
48.173266	0	0.811474
48.182582	0	0.811474
48.191898	0	0.811474
48.201214	0	0.811474
48.21053	0	0.811474
48.219846	0	0.811474
48.229162	0	0.811474
48.238478	0	0.811474
48.247794	0	0.811474
48.25711	0	0.811474
48.266426	0	0.811474
48.275742	0	0.811474
48.285058	0	0.811474
48.294374	0	0.811474
48.30369	0	0.811474
48.313006	0	0.811474
48.322322	0	0.811474
48.331638	0	0.811474
48.340954	0	0.811474
48.35027	0	0.811474
48.359587	0	0.811474
48.368903	0	0.811474
48.378219	0	0.811474
48.387535	0	0.811474
48.396851	0	0.811474
48.406167	0	0.811474
48.415483	0	0.811474
48.424799	0	0.811474
48.434115	0	0.811474
48.443431	0	0.811474
48.452747	0	0.811474
48.462063	0	0.811474
48.471379	0	0.811474
48.480695	0	0.811474
48.490011	0	0.811474
48.499327	0	0.811474
48.508643	0	0.811474
48.517959	0	0.811474
48.527275	0	0.811474
48.536591	0	0.811474
48.545907	0	0.811474
48.555223	0	0.811474
48.56454	0	0.811474
48.573856	0	0.811474
48.583172	0	0.811474
48.592488	0	0.811474
48.601804	0	0.811474
48.61112	0	0.811474
48.620436	0	0.811474
48.629752	0	0.811474
48.639068	0	0.811474
48.648384	0	0.811474
48.6577	0	0.811474
48.667016	0	0.811474
48.676332	0	0.811474
48.685648	0	0.811474
48.694964	0	0.811474
48.70428	0	0.811474
48.713596	0	0.811474
48.722912	0	0.811474
48.732228	0	0.811474
48.741544	0	0.811474
48.75086	0	0.811474
48.760176	0	0.811474
48.769492	0	0.811474
48.778809	0	0.811474
48.788125	0	0.811474
48.797441	0	0.811474
48.806757	0	0.811474
48.816073	0	0.811474
48.825389	0	0.811474
48.834705	0	0.811474
48.844021	0	0.811474
48.853337	0	0.811474
48.862653	0	0.811474
48.871969	0	0.811474
48.881285	0	0.811474
48.890601	0	0.811474
48.899917	0	0.811474
48.909233	0	0.811474
48.918549	0	0.811474
48.927865	0	0.811474
48.937181	0	0.811474
48.946497	0	0.811474
48.955813	0	0.811474
48.965129	0	0.811474
48.974445	0	0.811474
48.983762	0	0.811474
48.993078	0	0.811474
49.002394	0	0.811474
49.01171	0	0.811474
49.021026	0	0.811474
49.030342	0	0.811474
49.039658	0	0.811474
49.048974	0	0.811474
49.05829	0	0.811474
49.067606	0	0.811474
49.076922	0	0.811474
49.086238	0	0.811474
49.095554	0	0.811474
49.10487	0	0.811474
49.114186	0	0.811474
49.123502	0	0.811474
49.132818	0	0.811474
49.142134	0	0.811474
49.15145	0	0.811474
49.160766	0	0.811474
49.170082	0	0.811474
49.179398	0	0.811474
49.188714	0	0.811474
49.198031	0	0.811474
49.207347	0	0.811474
49.216663	0	0.811474
49.225979	0	0.811474
49.235295	0	0.811474
49.244611	0	0.811474
49.253927	0	0.811474
49.263243	0	0.811474
49.272559	0	0.811474
49.281875	0	0.811474
49.291191	0	0.811474
49.300507	0	0.811474
49.309823	0	0.811474
49.319139	0	0.811474
49.328455	0	0.811474
49.337771	0	0.811474
49.347087	0	0.811474
49.356403	0	0.811474
49.365719	0	0.811474
49.375035	0	0.811474
49.384351	0	0.811474
49.393667	0	0.811474
49.402984	0	0.811474
49.4123	0	0.811474
49.421616	0	0.811474
49.430932	0	0.811474
49.440248	0	0.811474
49.449564	0	0.811474
49.45888	0	0.811474
49.468196	0	0.811474
49.477512	0	0.811474
49.486828	0	0.811474
49.496144	0	0.811474
49.50546	0	0.811474
49.514776	0	0.811474
49.524092	0	0.811474
49.533408	0	0.811474
49.542724	0	0.811474
49.55204	0	0.811474
49.561356	0	0.811474
49.570672	0	0.811474
49.579988	0	0.811474
49.589304	0	0.811474
49.59862	0	0.811474
49.607936	0	0.811474
49.617253	0	0.811474
49.626569	0	0.811474
49.635885	0	0.811474
49.645201	0	0.811474
49.654517	0	0.811474
49.663833	0	0.811474
49.673149	0	0.811474
49.682465	0	0.811474
49.691781	0	0.811474
49.701097	0	0.811474
49.710413	0	0.811474
49.719729	0	0.811474
49.729045	0	0.811474
49.738361	0	0.811474
49.747677	0	0.811474
49.756993	0	0.811474
49.766309	0	0.811474
49.775625	0	0.811474
49.784941	0	0.811474
49.794257	0	0.811474
49.803573	0	0.811474
49.812889	0	0.811474
49.822206	0	0.811474
49.831522	0	0.811474
49.840838	0	0.811474
49.850154	0	0.811474
49.85947	0	0.811474
49.868786	0	0.811474
49.878102	0	0.811474
49.887418	0	0.811474
49.896734	0	0.811474
49.90605	0	0.811474
49.915366	0	0.811474
49.924682	0	0.811474
49.933998	0	0.811474
49.943314	0	0.811474
49.95263	0	0.811474
49.961946	0	0.811474
49.971262	0	0.811474
49.980578	0	0.811474
49.989894	0	0.811474
49.99921	0	0.811474
50.008526	0	0.811474
50.017842	0	0.811474
50.027158	0	0.811474
50.036475	0	0.811474
50.045791	0	0.811474
50.055107	0	0.811474
50.064423	0	0.811474
50.073739	0	0.811474
50.083055	0	0.811474
50.092371	0	0.811474
50.101687	0	0.811474
50.111003	0	0.811474
50.120319	0	0.811474
50.129635	0	0.811474
50.138951	0	0.811474
50.148267	0	0.811474
50.157583	0	0.811474
50.166899	0	0.811474
50.176215	0	0.811474
50.185531	0	0.811474
50.194847	0	0.811474
50.204163	0	0.811474
50.213479	0	0.811474
50.222795	0	0.811474
50.232111	0	0.811474
50.241428	0	0.811474
50.250744	0	0.811474
50.26006	0	0.811474
50.269376	0	0.811474
50.278692	0	0.811474
50.288008	0	0.811474
50.297324	0	0.811474
50.30664	0	0.811474
50.315956	0	0.811474
50.325272	0	0.811474
50.334588	0	0.811474
50.343904	0	0.811474
50.35322	0	0.811474
50.362536	0	0.811474
50.371852	0	0.811474
50.381168	0	0.811474
50.390484	0	0.811474
50.3998	0	0.811474
50.409116	0	0.811474
50.418432	0	0.811474
50.427748	0	0.811474
50.437064	0	0.811474
50.44638	0	0.811474
50.455697	0	0.811474
50.465013	0	0.811474
50.474329	0	0.811474
50.483645	0	0.811474
50.492961	0	0.811474
50.502277	0	0.811474
50.511593	0	0.811474
50.520909	0	0.811474
50.530225	0	0.811474
50.539541	0	0.811474
50.548857	0	0.811474
50.558173	0	0.811474
50.567489	0	0.811474
50.576805	0	0.811474
50.586121	0	0.811474
50.595437	0	0.811474
50.604753	0	0.811474
50.614069	0	0.811474
50.623385	0	0.811474
50.632701	0	0.811474
50.642017	0	0.811474
50.651333	0	0.811474
50.66065	0	0.811474
50.669966	0	0.811474
50.679282	0	0.811474
50.688598	0	0.811474
50.697914	0	0.811474
50.70723	0	0.811474
50.716546	0	0.811474
50.725862	0	0.811474
50.735178	0	0.811474
50.744494	0	0.811474
50.75381	0	0.811474
50.763126	0	0.811474
50.772442	0	0.811474
50.781758	0	0.811474
50.791074	0	0.811474
50.80039	0	0.811474
50.809706	0	0.811474
50.819022	0	0.811474
50.828338	0	0.811474
50.837654	0	0.811474
50.84697	0	0.811474
50.856286	0	0.811474
50.865602	0	0.811474
50.874919	0	0.811474
50.884235	0	0.811474
50.893551	0	0.811474
50.902867	0	0.811474
50.912183	0	0.811474
50.921499	0	0.811474
50.930815	0	0.811474
50.940131	0	0.811474
50.949447	0	0.811474
50.958763	0	0.811474
50.968079	0	0.811474
50.977395	0	0.811474
50.986711	0	0.811474
50.996027	0	0.811474
51.005343	0	0.811474
51.014659	0	0.811474
51.023975	0	0.811474
51.033291	0	0.811474
51.042607	0	0.811474
51.051923	0	0.811474
51.061239	0	0.811474
51.070555	0	0.811474
51.079872	0	0.811474
51.089188	0	0.811474
51.098504	0	0.811474
51.10782	0	0.811474
51.117136	0	0.811474
51.126452	0	0.811474
51.135768	0	0.811474
51.145084	0	0.811474
51.1544	0	0.811474
51.163716	0	0.811474
51.173032	0	0.811474
51.182348	0	0.811474
51.191664	0	0.811474
51.20098	0	0.811474
51.210296	0	0.811474
51.219612	0	0.811474
51.228928	0	0.811474
51.238244	0	0.811474
51.24756	0	0.811474
51.256876	0	0.811474
51.266192	0	0.811474
51.275508	0	0.811474
51.284824	0	0.811474
51.294141	0	0.811474
51.303457	0	0.811474
51.312773	0	0.811474
51.322089	0	0.811474
51.331405	0	0.811474
51.340721	0	0.811474
51.350037	0	0.811474
51.359353	0	0.811474
51.368669	0	0.811474
51.377985	0	0.811474
51.387301	0	0.811474
51.396617	0	0.811474
51.405933	0	0.811474
51.415249	0	0.811474
51.424565	0	0.811474
51.433881	0	0.811474
51.443197	0	0.811474
51.452513	0	0.811474
51.461829	0	0.811474
51.471145	0	0.811474
51.480461	0	0.811474
51.489777	0	0.811474
51.499093	0	0.811474
51.50841	0	0.811474
51.517726	0	0.811474
51.527042	0	0.811474
51.536358	0	0.811474
51.545674	0	0.811474
51.55499	0	0.811474
51.564306	0	0.811474
51.573622	0	0.811474
51.582938	0	0.811474
51.592254	0	0.811474
51.60157	0	0.811474
51.610886	0	0.811474
51.620202	0	0.811474
51.629518	0	0.811474
51.638834	0	0.811474
51.64815	0	0.811474
51.657466	0	0.811474
51.666782	0	0.811474
51.676098	0	0.811474
51.685414	0	0.811474
51.69473	0	0.811474
51.704046	0	0.811474
51.713363	0	0.811474
51.722679	0	0.811474
51.731995	0	0.811474
51.741311	0	0.811474
51.750627	0	0.811474
51.759943	0	0.811474
51.769259	0	0.811474
51.778575	0	0.811474
51.787891	0	0.811474
51.797207	0	0.811474
51.806523	0	0.811474
51.815839	0	0.811474
51.825155	0	0.811474
51.834471	0	0.811474
51.843787	0	0.811474
51.853103	0	0.811474
51.862419	0	0.811474
51.871735	0	0.811474
51.881051	0	0.811474
51.890367	0	0.811474
51.899683	0	0.811474
51.908999	0	0.811474
51.918315	0	0.811474
51.927632	0	0.811474
51.936948	0	0.811474
51.946264	0	0.811474
51.95558	0	0.811474
51.964896	0	0.811474
51.974212	0	0.811474
51.983528	0	0.811474
51.992844	0	0.811474
52.00216	0	0.811474
52.011476	0	0.811474
52.020792	0	0.811474
52.030108	0	0.811474
52.039424	0	0.811474
52.04874	0	0.811474
52.058056	0	0.811474
52.067372	0	0.811474
52.076688	0	0.811474
52.086004	0	0.811474
52.09532	0	0.811474
52.104636	0	0.811474
52.113952	0	0.811474
52.123268	0	0.811474
52.132585	0	0.811474
52.141901	0	0.811474
52.151217	0	0.811474
52.160533	0	0.811474
52.169849	0	0.811474
52.179165	0	0.811474
52.188481	0	0.811474
52.197797	0	0.811474
52.207113	0	0.811474
52.216429	0	0.811474
52.225745	0	0.811474
52.235061	0	0.811474
52.244377	0	0.811474
52.253693	0	0.811474
52.263009	0	0.811474
52.272325	0	0.811474
52.281641	0	0.811474
52.290957	0	0.811474
52.300273	0	0.811474
52.309589	0	0.811474
52.318905	0	0.811474
52.328221	0	0.811474
52.337537	0	0.811474
52.346854	0	0.811474
52.35617	0	0.811474
52.365486	0	0.811474
52.374802	0	0.811474
52.384118	0	0.811474
52.393434	0	0.811474
52.40275	0	0.811474
52.412066	0	0.811474
52.421382	0	0.811474
52.430698	0	0.811474
52.440014	0	0.811474
52.44933	0	0.811474
52.458646	0	0.811474
52.467962	0	0.811474
52.477278	0	0.811474
52.486594	0	0.811474
52.49591	0	0.811474
52.505226	0	0.811474
52.514542	0	0.811474
52.523858	0	0.811474
52.533174	0	0.811474
52.54249	0	0.811474
52.551807	0	0.811474
52.561123	0	0.811474
52.570439	0	0.811474
52.579755	0	0.811474
52.589071	0	0.811474
52.598387	0	0.811474
52.607703	0	0.811474
52.617019	0	0.811474
52.626335	0	0.811474
52.635651	0	0.811474
52.644967	0	0.811474
52.654283	0	0.811474
52.663599	0	0.811474
52.672915	0	0.811474
52.682231	0	0.811474
52.691547	0	0.811474
52.700863	0	0.811474
52.710179	0	0.811474
52.719495	0	0.811474
52.728811	0	0.811474
52.738127	0	0.811474
52.747443	0	0.811474
52.756759	0	0.811474
52.766076	0	0.811474
52.775392	0	0.811474
52.784708	0	0.811474
52.794024	0	0.811474
52.80334	0	0.811474
52.812656	0	0.811474
52.821972	0	0.811474
52.831288	0	0.811474
52.840604	0	0.811474
52.84992	0	0.811474
52.859236	0	0.811474
52.868552	0	0.811474
52.877868	0	0.811474
52.887184	0	0.811474
52.8965	0	0.811474
52.905816	0	0.811474
52.915132	0	0.811474
52.924448	0	0.811474
52.933764	0	0.811474
52.94308	0	0.811474
52.952396	0	0.811474
52.961712	0	0.811474
52.971029	0	0.811474
52.980345	0	0.811474
52.989661	0	0.811474
52.998977	0	0.811474
53.008293	0	0.811474
53.017609	0	0.811474
53.026925	0	0.811474
53.036241	0	0.811474
53.045557	0	0.811474
53.054873	0	0.811474
53.064189	0	0.811474
53.073505	0	0.811474
53.082821	0	0.811474
53.092137	0	0.811474
53.101453	0	0.811474
53.110769	0	0.811474
53.120085	0	0.811474
53.129401	0	0.811474
53.138717	0	0.811474
53.148033	0	0.811474
53.157349	0	0.811474
53.166665	0	0.811474
53.175981	0	0.811474
53.185298	0	0.811474
53.194614	0	0.811474
53.20393	0	0.811474
53.213246	0	0.811474
53.222562	0	0.811474
53.231878	0	0.811474
53.241194	0	0.811474
53.25051	0	0.811474
53.259826	0	0.811474
53.269142	0	0.811474
53.278458	0	0.811474
53.287774	0	0.811474
53.29709	0	0.811474
53.306406	0	0.811474
53.315722	0	0.811474
53.325038	0	0.811474
53.334354	0	0.811474
53.34367	0	0.811474
53.352986	0	0.811474
53.362302	0	0.811474
53.371618	0	0.811474
53.380934	0	0.811474
53.390251	0	0.811474
53.399567	0	0.811474
53.408883	0	0.811474
53.418199	0	0.811474
53.427515	0	0.811474
53.436831	0	0.811474
53.446147	0	0.811474
53.455463	0	0.811474
53.464779	0	0.811474
53.474095	0	0.811474
53.483411	0	0.811474
53.492727	0	0.811474
53.502043	0	0.811474
53.511359	0	0.811474
53.520675	0	0.811474
53.529991	0	0.811474
53.539307	0	0.811474
53.548623	0	0.811474
53.557939	0	0.811474
53.567255	0	0.811474
53.576571	0	0.811474
53.585887	0	0.811474
53.595203	0	0.811474
53.60452	0	0.811474
53.613836	0	0.811474
53.623152	0	0.811474
53.632468	0	0.811474
53.641784	0	0.811474
53.6511	0	0.811474
53.660416	0	0.811474
53.669732	0	0.811474
53.679048	0	0.811474
53.688364	0	0.811474
53.69768	0	0.811474
53.706996	0	0.811474
53.716312	0	0.811474
53.725628	0	0.811474
53.734944	0	0.811474
53.74426	0	0.811474
53.753576	0	0.811474
53.762892	0	0.811474
53.772208	0	0.811474
53.781524	0	0.811474
53.79084	0	0.811474
53.800156	0	0.811474
53.809473	0	0.811474
53.818789	0	0.811474
53.828105	0	0.811474
53.837421	0	0.811474
53.846737	0	0.811474
53.856053	0	0.811474
53.865369	0	0.811474
53.874685	0	0.811474
53.884001	0	0.811474
53.893317	0	0.811474
53.902633	0	0.811474
53.911949	0	0.811474
53.921265	0	0.811474
53.930581	0	0.811474
53.939897	0	0.811474
53.949213	0	0.811474
53.958529	0	0.811474
53.967845	0	0.811474
53.977161	0	0.811474
53.986477	0	0.811474
53.995793	0	0.811474
54.005109	0	0.811474
54.014425	0	0.811474
54.023742	0	0.811474
54.033058	0	0.811474
54.042374	0	0.811474
54.05169	0	0.811474
54.061006	0	0.811474
54.070322	0	0.811474
54.079638	0	0.811474
54.088954	0	0.811474
54.09827	0	0.811474
54.107586	0	0.811474
54.116902	0	0.811474
54.126218	0	0.811474
54.135534	0	0.811474
54.14485	0	0.811474
54.154166	0	0.811474
54.163482	0	0.811474
54.172798	0	0.811474
54.182114	0	0.811474
54.19143	0	0.811474
54.200746	0	0.811474
54.210062	0	0.811474
54.219378	0	0.811474
54.228695	0	0.811474
54.238011	0	0.811474
54.247327	0	0.811474
54.256643	0	0.811474
54.265959	0	0.811474
54.275275	0	0.811474
54.284591	0	0.811474
54.293907	0	0.811474
54.303223	0	0.811474
54.312539	0	0.811474
54.321855	0	0.811474
54.331171	0	0.811474
54.340487	0	0.811474
54.349803	0	0.811474
54.359119	0	0.811474
54.368435	0	0.811474
54.377751	0	0.811474
54.387067	0	0.811474
54.396383	0	0.811474
54.405699	0	0.811474
54.415015	0	0.811474
54.424331	0	0.811474
54.433647	0	0.811474
54.442964	0	0.811474
54.45228	0	0.811474
54.461596	0	0.811474
54.470912	0	0.811474
54.480228	0	0.811474
54.489544	0	0.811474
54.49886	0	0.811474
54.508176	0	0.811474
54.517492	0	0.811474
54.526808	0	0.811474
54.536124	0	0.811474
54.54544	0	0.811474
54.554756	0	0.811474
54.564072	0	0.811474
54.573388	0	0.811474
54.582704	0	0.811474
54.59202	0	0.811474
54.601336	0	0.811474
54.610652	0	0.811474
54.619968	0	0.811474
54.629284	0	0.811474
54.6386	0	0.811474
54.647917	0	0.811474
54.657233	0	0.811474
54.666549	0	0.811474
54.675865	0	0.811474
54.685181	0	0.811474
54.694497	0	0.811474
54.703813	0	0.811474
54.713129	0	0.811474
54.722445	0	0.811474
54.731761	0	0.811474
54.741077	0	0.811474
54.750393	0	0.811474
54.759709	0	0.811474
54.769025	0	0.811474
54.778341	0	0.811474
54.787657	0	0.811474
54.796973	0	0.811474
54.806289	0	0.811474
54.815605	0	0.811474
54.824921	0	0.811474
54.834237	0	0.811474
54.843553	0	0.811474
54.852869	0	0.811474
54.862186	0	0.811474
54.871502	0	0.811474
54.880818	0	0.811474
54.890134	0	0.811474
54.89945	0	0.811474
54.908766	0	0.811474
54.918082	0	0.811474
54.927398	0	0.811474
54.936714	0	0.811474
54.94603	0	0.811474
54.955346	0	0.811474
54.964662	0	0.811474
54.973978	0	0.811474
54.983294	0	0.811474
54.99261	0	0.811474
55.001926	0	0.811474
55.011242	0	0.811474
55.020558	0	0.811474
55.029874	0	0.811474
55.03919	0	0.811474
55.048506	0	0.811474
55.057822	0	0.811474
55.067138	0	0.811474
55.076455	0	0.811474
55.085771	0	0.811474
55.095087	0	0.811474
55.104403	0	0.811474
55.113719	0	0.811474
55.123035	0	0.811474
55.132351	0	0.811474
55.141667	0	0.811474
55.150983	0	0.811474
55.160299	0	0.811474
55.169615	0	0.811474
55.178931	0	0.811474
55.188247	0	0.811474
55.197563	0	0.811474
55.206879	0	0.811474
55.216195	0	0.811474
55.225511	0	0.811474
55.234827	0	0.811474
55.244143	0	0.811474
55.253459	0	0.811474
55.262775	0	0.811474
55.272091	0	0.811474
55.281408	0	0.811474
55.290724	0	0.811474
55.30004	0	0.811474
55.309356	0	0.811474
55.318672	0	0.811474
55.327988	0	0.811474
55.337304	0	0.811474
55.34662	0	0.811474
55.355936	0	0.811474
55.365252	0	0.811474
55.374568	0	0.811474
55.383884	0	0.811474
55.3932	0	0.811474
55.402516	0	0.811474
55.411832	0	0.811474
55.421148	0	0.811474
55.430464	0	0.811474
55.43978	0	0.811474
55.449096	0	0.811474
55.458412	0	0.811474
55.467728	0	0.811474
55.477044	0	0.811474
55.48636	0	0.811474
55.495677	0	0.811474
55.504993	0	0.811474
55.514309	0	0.811474
55.523625	0	0.811474
55.532941	0	0.811474
55.542257	0	0.811474
55.551573	0	0.811474
55.560889	0	0.811474
55.570205	0	0.811474
55.579521	0	0.811474
55.588837	0	0.811474
55.598153	0	0.811474
55.607469	0	0.811474
55.616785	0	0.811474
55.626101	0	0.811474
55.635417	0	0.811474
55.644733	0	0.811474
55.654049	0	0.811474
55.663365	0	0.811474
55.672681	0	0.811474
55.681997	0	0.811474
55.691313	0	0.811474
55.70063	0	0.811474
55.709946	0	0.811474
55.719262	0	0.811474
55.728578	0	0.811474
55.737894	0	0.811474
55.74721	0	0.811474
55.756526	0	0.811474
55.765842	0	0.811474
55.775158	0	0.811474
55.784474	0	0.811474
55.79379	0	0.811474
55.803106	0	0.811474
55.812422	0	0.811474
55.821738	0	0.811474
55.831054	0	0.811474
55.84037	0	0.811474
55.849686	0	0.811474
55.859002	0	0.811474
55.868318	0	0.811474
55.877634	0	0.811474
55.88695	0	0.811474
55.896266	0	0.811474
55.905582	0	0.811474
55.914899	0	0.811474
55.924215	0	0.811474
55.933531	0	0.811474
55.942847	0	0.811474
55.952163	0	0.811474
55.961479	0	0.811474
55.970795	0	0.811474
55.980111	0	0.811474
55.989427	0	0.811474
55.998743	0	0.811474
56.008059	0	0.811474
56.017375	0	0.811474
56.026691	0	0.811474
56.036007	0	0.811474
56.045323	0	0.811474
56.054639	0	0.811474
56.063955	0	0.811474
56.073271	0	0.811474
56.082587	0	0.811474
56.091903	0	0.811474
56.101219	0	0.811474
56.110535	0	0.811474
56.119852	0	0.811474
56.129168	0	0.811474
56.138484	0	0.811474
56.1478	0	0.811474
56.157116	0	0.811474
56.166432	0	0.811474
56.175748	0	0.811474
56.185064	0	0.811474
56.19438	0	0.811474
56.203696	0	0.811474
56.213012	0	0.811474
56.222328	0	0.811474
56.231644	0	0.811474
56.24096	0	0.811474
56.250276	0	0.811474
56.259592	0	0.811474
56.268908	0	0.811474
56.278224	0	0.811474
56.28754	0	0.811474
56.296856	0	0.811474
56.306172	0	0.811474
56.315488	0	0.811474
56.324804	0	0.811474
56.334121	0	0.811474
56.343437	0	0.811474
56.352753	0	0.811474
56.362069	0	0.811474
56.371385	0	0.811474
56.380701	0	0.811474
56.390017	0	0.811474
56.399333	0	0.811474
56.408649	0	0.811474
56.417965	0	0.811474
56.427281	0	0.811474
56.436597	0	0.811474
56.445913	0	0.811474
56.455229	0	0.811474
56.464545	0	0.811474
56.473861	0	0.811474
56.483177	0	0.811474
56.492493	0	0.811474
56.501809	0	0.811474
56.511125	0	0.811474
56.520441	0	0.811474
56.529757	0	0.811474
56.539074	0	0.811474
56.54839	0	0.811474
56.557706	0	0.811474
56.567022	0	0.811474
56.576338	0	0.811474
56.585654	0	0.811474
56.59497	0	0.811474
56.604286	0	0.811474
56.613602	0	0.811474
56.622918	0	0.811474
56.632234	0	0.811474
56.64155	0	0.811474
56.650866	0	0.811474
56.660182	0	0.811474
56.669498	0	0.811474
56.678814	0	0.811474
56.68813	0	0.811474
56.697446	0	0.811474
56.706762	0	0.811474
56.716078	0	0.811474
56.725394	0	0.811474
56.73471	0	0.811474
56.744026	0	0.811474
56.753343	0	0.811474
56.762659	0	0.811474
56.771975	0	0.811474
56.781291	0	0.811474
56.790607	0	0.811474
56.799923	0	0.811474
56.809239	0	0.811474
56.818555	0	0.811474
56.827871	0	0.811474
56.837187	0	0.811474
56.846503	0	0.811474
56.855819	0	0.811474
56.865135	0	0.811474
56.874451	0	0.811474
56.883767	0	0.811474
56.893083	0	0.811474
56.902399	0	0.811474
56.911715	0	0.811474
56.921031	0	0.811474
56.930347	0	0.811474
56.939663	0	0.811474
56.948979	0	0.811474
56.958296	0	0.811474
56.967612	0	0.811474
56.976928	0	0.811474
56.986244	0	0.811474
56.99556	0	0.811474
57.004876	0	0.811474
57.014192	0	0.811474
57.023508	0	0.811474
57.032824	0	0.811474
57.04214	0	0.811474
57.051456	0	0.811474
57.060772	0	0.811474
57.070088	0	0.811474
57.079404	0	0.811474
57.08872	0	0.811474
57.098036	0	0.811474
57.107352	0	0.811474
57.116668	0	0.811474
57.125984	0	0.811474
57.1353	0	0.811474
57.144616	0	0.811474
57.153932	0	0.811474
57.163248	0	0.811474
57.172565	0	0.811474
57.181881	0	0.811474
57.191197	0	0.811474
57.200513	0	0.811474
57.209829	0	0.811474
57.219145	0	0.811474
57.228461	0	0.811474
57.237777	0	0.811474
57.247093	0	0.811474
57.256409	0	0.811474
57.265725	0	0.811474
57.275041	0	0.811474
57.284357	0	0.811474
57.293673	0	0.811474
57.302989	0	0.811474
57.312305	0	0.811474
57.321621	0	0.811474
57.330937	0	0.811474
57.340253	0	0.811474
57.349569	0	0.811474
57.358885	0	0.811474
57.368201	0	0.811474
57.377518	0	0.811474
57.386834	0	0.811474
57.39615	0	0.811474
57.405466	0	0.811474
57.414782	0	0.811474
57.424098	0	0.811474
57.433414	0	0.811474
57.44273	0	0.811474
57.452046	0	0.811474
57.461362	0	0.811474
57.470678	0	0.811474
57.479994	0	0.811474
57.48931	0	0.811474
57.498626	0	0.811474
57.507942	0	0.811474
57.517258	0	0.811474
57.526574	0	0.811474
57.53589	0	0.811474
57.545206	0	0.811474
57.554522	0	0.811474
57.563838	0	0.811474
57.573154	0	0.811474
57.58247	0	0.811474
57.591787	0	0.811474
57.601103	0	0.811474
57.610419	0	0.811474
57.619735	0	0.811474
57.629051	0	0.811474
57.638367	0	0.811474
57.647683	0	0.811474
57.656999	0	0.811474
57.666315	0	0.811474
57.675631	0	0.811474
57.684947	0	0.811474
57.694263	0	0.811474
57.703579	0	0.811474
57.712895	0	0.811474
57.722211	0	0.811474
57.731527	0	0.811474
57.740843	0	0.811474
57.750159	0	0.811474
57.759475	0	0.811474
57.768791	0	0.811474
57.778107	0	0.811474
57.787423	0	0.811474
57.79674	0	0.811474
57.806056	0	0.811474
57.815372	0	0.811474
57.824688	0	0.811474
57.834004	0	0.811474
57.84332	0	0.811474
57.852636	0	0.811474
57.861952	0	0.811474
57.871268	0	0.811474
57.880584	0	0.811474
57.8899	0	0.811474
57.899216	0	0.811474
57.908532	0	0.811474
57.917848	0	0.811474
57.927164	0	0.811474
57.93648	0	0.811474
57.945796	0	0.811474
57.955112	0	0.811474
57.964428	0	0.811474
57.973744	0	0.811474
57.98306	0	0.811474
57.992376	0	0.811474
58.001692	0	0.811474
58.011009	0	0.811474
58.020325	0	0.811474
58.029641	0	0.811474
58.038957	0	0.811474
58.048273	0	0.811474
58.057589	0	0.811474
58.066905	0	0.811474
58.076221	0	0.811474
58.085537	0	0.811474
58.094853	0	0.811474
58.104169	0	0.811474
58.113485	0	0.811474
58.122801	0	0.811474
58.132117	0	0.811474
58.141433	0	0.811474
58.150749	0	0.811474
58.160065	0	0.811474
58.169381	0	0.811474
58.178697	0	0.811474
58.188013	0	0.811474
58.197329	0	0.811474
58.206645	0	0.811474
58.215962	0	0.811474
58.225278	0	0.811474
58.234594	0	0.811474
58.24391	0	0.811474
58.253226	0	0.811474
58.262542	0	0.811474
58.271858	0	0.811474
58.281174	0	0.811474
58.29049	0	0.811474
58.299806	0	0.811474
58.309122	0	0.811474
58.318438	0	0.811474
58.327754	0	0.811474
58.33707	0	0.811474
58.346386	0	0.811474
58.355702	0	0.811474
58.365018	0	0.811474
58.374334	0	0.811474
58.38365	0	0.811474
58.392966	0	0.811474
58.402282	0	0.811474
58.411598	0	0.811474
58.420914	0	0.811474
58.430231	0	0.811474
58.439547	0	0.811474
58.448863	0	0.811474
58.458179	0	0.811474
58.467495	0	0.811474
58.476811	0	0.811474
58.486127	0	0.811474
58.495443	0	0.811474
58.504759	0	0.811474
58.514075	0	0.811474
58.523391	0	0.811474
58.532707	0	0.811474
58.542023	0	0.811474
58.551339	0	0.811474
58.560655	0	0.811474
58.569971	0	0.811474
58.579287	0	0.811474
58.588603	0	0.811474
58.597919	0	0.811474
58.607235	0	0.811474
58.616551	0	0.811474
58.625867	0	0.811474
58.635183	0	0.811474
58.6445	0	0.811474
58.653816	0	0.811474
58.663132	0	0.811474
58.672448	0	0.811474
58.681764	0	0.811474
58.69108	0	0.811474
58.700396	0	0.811474
58.709712	0	0.811474
58.719028	0	0.811474
58.728344	0	0.811474
58.73766	0	0.811474
58.746976	0	0.811474
58.756292	0	0.811474
58.765608	0	0.811474
58.774924	0	0.811474
58.78424	0	0.811474
58.793556	0	0.811474
58.802872	0	0.811474
58.812188	0	0.811474
58.821504	0	0.811474
58.83082	0	0.811474
58.840136	0	0.811474
58.849453	0	0.811474
58.858769	0	0.811474
58.868085	0	0.811474
58.877401	0	0.811474
58.886717	0	0.811474
58.896033	0	0.811474
58.905349	0	0.811474
58.914665	0	0.811474
58.923981	0	0.811474
58.933297	0	0.811474
58.942613	0	0.811474
58.951929	0	0.811474
58.961245	0	0.811474
58.970561	0	0.811474
58.979877	0	0.811474
58.989193	0	0.811474
58.998509	0	0.811474
59.007825	0	0.811474
59.017141	0	0.811474
59.026457	0	0.811474
59.035773	0	0.811474
59.045089	0	0.811474
59.054405	0	0.811474
59.063722	0	0.811474
59.073038	0	0.811474
59.082354	0	0.811474
59.09167	0	0.811474
59.100986	0	0.811474
59.110302	0	0.811474
59.119618	0	0.811474
59.128934	0	0.811474
59.13825	0	0.811474
59.147566	0	0.811474
59.156882	0	0.811474
59.166198	0	0.811474
59.175514	0	0.811474
59.18483	0	0.811474
59.194146	0	0.811474
59.203462	0	0.811474
59.212778	0	0.811474
59.222094	0	0.811474
59.23141	0	0.811474
59.240726	0	0.811474
59.250042	0	0.811474
59.259358	0	0.811474
59.268675	0	0.811474
59.277991	0	0.811474
59.287307	0	0.811474
59.296623	0	0.811474
59.305939	0	0.811474
59.315255	0	0.811474
59.324571	0	0.811474
59.333887	0	0.811474
59.343203	0	0.811474
59.352519	0	0.811474
59.361835	0	0.811474
59.371151	0	0.811474
59.380467	0	0.811474
59.389783	0	0.811474
59.399099	0	0.811474
59.408415	0	0.811474
59.417731	0	0.811474
59.427047	0	0.811474
59.436363	0	0.811474
59.445679	0	0.811474
59.454995	0	0.811474
59.464311	0	0.811474
59.473627	0	0.811474
59.482944	0	0.811474
59.49226	0	0.811474
59.501576	0	0.811474
59.510892	0	0.811474
59.520208	0	0.811474
59.529524	0	0.811474
59.53884	0	0.811474
59.548156	0	0.811474
59.557472	0	0.811474
59.566788	0	0.811474
59.576104	0	0.811474
59.58542	0	0.811474
59.594736	0	0.811474
59.604052	0	0.811474
59.613368	0	0.811474
59.622684	0	0.811474
59.632	0	0.811474
59.641316	0	0.811474
59.650632	0	0.811474
59.659948	0	0.811474
59.669264	0	0.811474
59.67858	0	0.811474
59.687897	0	0.811474
59.697213	0	0.811474
59.706529	0	0.811474
59.715845	0	0.811474
59.725161	0	0.811474
59.734477	0	0.811474
59.743793	0	0.811474
59.753109	0	0.811474
59.762425	0	0.811474
59.771741	0	0.811474
59.781057	0	0.811474
59.790373	0	0.811474
59.799689	0	0.811474
59.809005	0	0.811474
59.818321	0	0.811474
59.827637	0	0.811474
59.836953	0	0.811474
59.846269	0	0.811474
59.855585	0	0.811474
59.864901	0	0.811474
59.874217	0	0.811474
59.883533	0	0.811474
59.892849	0	0.811474
59.902166	0	0.811474
59.911482	0	0.811474
59.920798	0	0.811474
59.930114	0	0.811474
59.93943	0	0.811474
59.948746	0	0.811474
59.958062	0	0.811474
59.967378	0	0.811474
59.976694	0	0.811474
59.98601	0	0.811474
59.995326	0	0.811474
60.004642	0	0.811474
60.013958	0	0.811474
60.023274	0	0.811474
60.03259	0	0.811474
60.041906	0	0.811474
60.051222	0	0.811474
60.060538	0	0.811474
60.069854	0	0.811474
60.07917	0	0.811474
60.088486	0	0.811474
60.097802	0	0.811474
60.107119	0	0.811474
60.116435	0	0.811474
60.125751	0	0.811474
60.135067	0	0.811474
60.144383	0	0.811474
60.153699	0	0.811474
60.163015	0	0.811474
60.172331	0	0.811474
60.181647	0	0.811474
60.190963	0	0.811474
60.200279	0	0.811474
60.209595	0	0.811474
60.218911	0	0.811474
60.228227	0	0.811474
60.237543	0	0.811474
60.246859	0	0.811474
60.256175	0	0.811474
60.265491	0	0.811474
60.274807	0	0.811474
60.284123	0	0.811474
60.293439	0	0.811474
60.302755	0	0.811474
60.312071	0	0.811474
60.321388	0	0.811474
60.330704	0	0.811474
60.34002	0	0.811474
60.349336	0	0.811474
60.358652	0	0.811474
60.367968	0	0.811474
60.377284	0	0.811474
60.3866	0	0.811474
60.395916	0	0.811474
60.405232	0	0.811474
60.414548	0	0.811474
60.423864	0	0.811474
60.43318	0	0.811474
60.442496	0	0.811474
60.451812	0	0.811474
60.461128	0	0.811474
60.470444	0	0.811474
60.47976	0	0.811474
60.489076	0	0.811474
60.498392	0	0.811474
60.507708	0	0.811474
60.517024	0	0.811474
60.526341	0	0.811474
60.535657	0	0.811474
60.544973	0	0.811474
60.554289	0	0.811474
60.563605	0	0.811474
60.572921	0	0.811474
60.582237	0	0.811474
60.591553	0	0.811474
60.600869	0	0.811474
60.610185	0	0.811474
60.619501	0	0.811474
60.628817	0	0.811474
60.638133	0	0.811474
60.647449	0	0.811474
60.656765	0	0.811474
60.666081	0	0.811474
60.675397	0	0.811474
60.684713	0	0.811474
60.694029	0	0.811474
60.703345	0	0.811474
60.712661	0	0.811474
60.721977	0	0.811474
60.731293	0	0.811474
60.74061	0	0.811474
60.749926	0	0.811474
60.759242	0	0.811474
60.768558	0	0.811474
60.777874	0	0.811474
60.78719	0	0.811474
60.796506	0	0.811474
60.805822	0	0.811474
60.815138	0	0.811474
60.824454	0	0.811474
60.83377	0	0.811474
60.843086	0	0.811474
60.852402	0	0.811474
60.861718	0	0.811474
60.871034	0	0.811474
60.88035	0	0.811474
60.889666	0	0.811474
60.898982	0	0.811474
60.908298	0	0.811474
60.917614	0	0.811474
60.92693	0	0.811474
60.936246	0	0.811474
60.945563	0	0.811474
60.954879	0	0.811474
60.964195	0	0.811474
60.973511	0	0.811474
60.982827	0	0.811474
60.992143	0	0.811474
61.001459	0	0.811474
61.010775	0	0.811474
61.020091	0	0.811474
61.029407	0	0.811474
61.038723	0	0.811474
61.048039	0	0.811474
61.057355	0	0.811474
61.066671	0	0.811474
61.075987	0	0.811474
61.085303	0	0.811474
61.094619	0	0.811474
61.103935	0	0.811474
61.113251	0	0.811474
61.122567	0	0.811474
61.131883	0	0.811474
61.141199	0	0.811474
61.150515	0	0.811474
61.159832	0	0.811474
61.169148	0	0.811474
61.178464	0	0.811474
61.18778	0	0.811474
61.197096	0	0.811474
61.206412	0	0.811474
61.215728	0	0.811474
61.225044	0	0.811474
61.23436	0	0.811474
61.243676	0	0.811474
61.252992	0	0.811474
61.262308	0	0.811474
61.271624	0	0.811474
61.28094	0	0.811474
61.290256	0	0.811474
61.299572	0	0.811474
61.308888	0	0.811474
61.318204	0	0.811474
61.32752	0	0.811474
61.336836	0	0.811474
61.346152	0	0.811474
61.355468	0	0.811474
61.364785	0	0.811474
61.374101	0	0.811474
61.383417	0	0.811474
61.392733	0	0.811474
61.402049	0	0.811474
61.411365	0	0.811474
61.420681	0	0.811474
61.429997	0	0.811474
61.439313	0	0.811474
61.448629	0	0.811474
61.457945	0	0.811474
61.467261	0	0.811474
61.476577	0	0.811474
61.485893	0	0.811474
61.495209	0	0.811474
61.504525	0	0.811474
61.513841	0	0.811474
61.523157	0	0.811474
61.532473	0	0.811474
61.541789	0	0.811474
61.551105	0	0.811474
61.560421	0	0.811474
61.569737	0	0.811474
61.579054	0	0.811474
61.58837	0	0.811474
61.597686	0	0.811474
61.607002	0	0.811474
61.616318	0	0.811474
61.625634	0	0.811474
61.63495	0	0.811474
61.644266	0	0.811474
61.653582	0	0.811474
61.662898	0	0.811474
61.672214	0	0.811474
61.68153	0	0.811474
61.690846	0	0.811474
61.700162	0	0.811474
61.709478	0	0.811474
61.718794	0	0.811474
61.72811	0	0.811474
61.737426	0	0.811474
61.746742	0	0.811474
61.756058	0	0.811474
61.765374	0	0.811474
61.77469	0	0.811474
61.784006	0	0.811474
61.793323	0	0.811474
61.802639	0	0.811474
61.811955	0	0.811474
61.821271	0	0.811474
61.830587	0	0.811474
61.839903	0	0.811474
61.849219	0	0.811474
61.858535	0	0.811474
61.867851	0	0.811474
61.877167	0	0.811474
61.886483	0	0.811474
61.895799	0	0.811474
61.905115	0	0.811474
61.914431	0	0.811474
61.923747	0	0.811474
61.933063	0	0.811474
61.942379	0	0.811474
61.951695	0	0.811474
61.961011	0	0.811474
61.970327	0	0.811474
61.979643	0	0.811474
61.988959	0	0.811474
61.998276	0	0.811474
62.007592	0	0.811474
62.016908	0	0.811474
62.026224	0	0.811474
62.03554	0	0.811474
62.044856	0	0.811474
62.054172	0	0.811474
62.063488	0	0.811474
62.072804	0	0.811474
62.08212	0	0.811474
62.091436	0	0.811474
62.100752	0	0.811474
62.110068	0	0.811474
62.119384	0	0.811474
62.1287	0	0.811474
62.138016	0	0.811474
62.147332	0	0.811474
62.156648	0	0.811474
62.165964	0	0.811474
62.17528	0	0.811474
62.184596	0	0.811474
62.193912	0	0.811474
62.203228	0	0.811474
62.212545	0	0.811474
62.221861	0	0.811474
62.231177	0	0.811474
62.240493	0	0.811474
62.249809	0	0.811474
62.259125	0	0.811474
62.268441	0	0.811474
62.277757	0	0.811474
62.287073	0	0.811474
62.296389	0	0.811474
62.305705	0	0.811474
62.315021	0	0.811474
62.324337	0	0.811474
62.333653	0	0.811474
62.342969	0	0.811474
62.352285	0	0.811474
62.361601	0	0.811474
62.370917	0	0.811474
62.380233	0	0.811474
62.389549	0	0.811474
62.398865	0	0.811474
62.408181	0	0.811474
62.417498	0	0.811474
62.426814	0	0.811474
62.43613	0	0.811474
62.445446	0	0.811474
62.454762	0	0.811474
62.464078	0	0.811474
62.473394	0	0.811474
62.48271	0	0.811474
62.492026	0	0.811474
62.501342	0	0.811474
62.510658	0	0.811474
62.519974	0	0.811474
62.52929	0	0.811474
62.538606	0	0.811474
62.547922	0	0.811474
62.557238	0	0.811474
62.566554	0	0.811474
62.57587	0	0.811474
62.585186	0	0.811474
62.594502	0	0.811474
62.603818	0	0.811474
62.613134	0	0.811474
62.62245	0	0.811474
62.631767	0	0.811474
62.641083	0	0.811474
62.650399	0	0.811474
62.659715	0	0.811474
62.669031	0	0.811474
62.678347	0	0.811474
62.687663	0	0.811474
62.696979	0	0.811474
62.706295	0	0.811474
62.715611	0	0.811474
62.724927	0	0.811474
62.734243	0	0.811474
62.743559	0	0.811474
62.752875	0	0.811474
62.762191	0	0.811474
62.771507	0	0.811474
62.780823	0	0.811474
62.790139	0	0.811474
62.799455	0	0.811474
62.808771	0	0.811474
62.818087	0	0.811474
62.827403	0	0.811474
62.83672	0	0.811474
62.846036	0	0.811474
62.855352	0	0.811474
62.864668	0	0.811474
62.873984	0	0.811474
62.8833	0	0.811474
62.892616	0	0.811474
62.901932	0	0.811474
62.911248	0	0.811474
62.920564	0	0.811474
62.92988	0	0.811474
62.939196	0	0.811474
62.948512	0	0.811474
62.957828	0	0.811474
62.967144	0	0.811474
62.97646	0	0.811474
62.985776	0	0.811474
62.995092	0	0.811474
63.004408	0	0.811474
63.013724	0	0.811474
63.02304	0	0.811474
63.032356	0	0.811474
63.041672	0	0.811474
63.050989	0	0.811474
63.060305	0	0.811474
63.069621	0	0.811474
63.078937	0	0.811474
63.088253	0	0.811474
63.097569	0	0.811474
63.106885	0	0.811474
63.116201	0	0.811474
63.125517	0	0.811474
63.134833	0	0.811474
63.144149	0	0.811474
63.153465	0	0.811474
63.162781	0	0.811474
63.172097	0	0.811474
63.181413	0	0.811474
63.190729	0	0.811474
63.200045	0	0.811474
63.209361	0	0.811474
63.218677	0	0.811474
63.227993	0	0.811474
63.237309	0	0.811474
63.246625	0	0.811474
63.255942	0	0.811474
63.265258	0	0.811474
63.274574	0	0.811474
63.28389	0	0.811474
63.293206	0	0.811474
63.302522	0	0.811474
63.311838	0	0.811474
63.321154	0	0.811474
63.33047	0	0.811474
63.339786	0	0.811474
63.349102	0	0.811474
63.358418	0	0.811474
63.367734	0	0.811474
63.37705	0	0.811474
63.386366	0	0.811474
63.395682	0	0.811474
63.404998	0	0.811474
63.414314	0	0.811474
63.42363	0	0.811474
63.432946	0	0.811474
63.442262	0	0.811474
63.451578	0	0.811474
63.460894	0	0.811474
63.470211	0	0.811474
63.479527	0	0.811474
63.488843	0	0.811474
63.498159	0	0.811474
63.507475	0	0.811474
63.516791	0	0.811474
63.526107	0	0.811474
63.535423	0	0.811474
63.544739	0	0.811474
63.554055	0	0.811474
63.563371	0	0.811474
63.572687	0	0.811474
63.582003	0	0.811474
63.591319	0	0.811474
63.600635	0	0.811474
63.609951	0	0.811474
63.619267	0	0.811474
63.628583	0	0.811474
63.637899	0	0.811474
63.647215	0	0.811474
63.656531	0	0.811474
63.665847	0	0.811474
63.675164	0	0.811474
63.68448	0	0.811474
63.693796	0	0.811474
63.703112	0	0.811474
63.712428	0	0.811474
63.721744	0	0.811474
63.73106	0	0.811474
63.740376	0	0.811474
63.749692	0	0.811474
63.759008	0	0.811474
63.768324	0	0.811474
63.77764	0	0.811474
63.786956	0	0.811474
63.796272	0	0.811474
63.805588	0	0.811474
63.814904	0	0.811474
63.82422	0	0.811474
63.833536	0	0.811474
63.842852	0	0.811474
63.852168	0	0.811474
63.861484	0	0.811474
63.8708	0	0.811474
63.880116	0	0.811474
63.889433	0	0.811474
63.898749	0	0.811474
63.908065	0	0.811474
63.917381	0	0.811474
63.926697	0	0.811474
63.936013	0	0.811474
63.945329	0	0.811474
63.954645	0	0.811474
63.963961	0	0.811474
63.973277	0	0.811474
63.982593	0	0.811474
63.991909	0	0.811474
64.001225	0	0.811474
64.010541	0	0.811474
64.019857	0	0.811474
64.029173	0	0.811474
64.038489	0	0.811474
64.047805	0	0.811474
64.057121	0	0.811474
64.066437	0	0.811474
64.075753	0	0.811474
64.085069	0	0.811474
64.094386	0	0.811474
64.103702	0	0.811474
64.113018	0	0.811474
64.122334	0	0.811474
64.13165	0	0.811474
64.140966	0	0.811474
64.150282	0	0.811474
64.159598	0	0.811474
64.168914	0	0.811474
64.17823	0	0.811474
64.187546	0	0.811474
64.196862	0	0.811474
64.206178	0	0.811474
64.215494	0	0.811474
64.22481	0	0.811474
64.234126	0	0.811474
64.243442	0	0.811474
64.252758	0	0.811474
64.262074	0	0.811474
64.27139	0	0.811474
64.280706	0	0.811474
64.290022	0	0.811474
64.299338	0	0.811474
64.308655	0	0.811474
64.317971	0	0.811474
64.327287	0	0.811474
64.336603	0	0.811474
64.345919	0	0.811474
64.355235	0	0.811474
64.364551	0	0.811474
64.373867	0	0.811474
64.383183	0	0.811474
64.392499	0	0.811474
64.401815	0	0.811474
64.411131	0	0.811474
64.420447	0	0.811474
64.429763	0	0.811474
64.439079	0	0.811474
64.448395	0	0.811474
64.457711	0	0.811474
64.467027	0	0.811474
64.476343	0	0.811474
64.485659	0	0.811474
64.494975	0	0.811474
64.504291	0	0.811474
64.513608	0	0.811474
64.522924	0	0.811474
64.53224	0	0.811474
64.541556	0	0.811474
64.550872	0	0.811474
64.560188	0	0.811474
64.569504	0	0.811474
64.57882	0	0.811474
64.588136	0	0.811474
64.597452	0	0.811474
64.606768	0	0.811474
64.616084	0	0.811474
64.6254	0	0.811474
64.634716	0	0.811474
64.644032	0	0.811474
64.653348	0	0.811474
64.662664	0	0.811474
64.67198	0	0.811474
64.681296	0	0.811474
64.690612	0	0.811474
64.699928	0	0.811474
64.709244	0	0.811474
64.71856	0	0.811474
64.727877	0	0.811474
64.737193	0	0.811474
64.746509	0	0.811474
64.755825	0	0.811474
64.765141	0	0.811474
64.774457	0	0.811474
64.783773	0	0.811474
64.793089	0	0.811474
64.802405	0	0.811474
64.811721	0	0.811474
64.821037	0	0.811474
64.830353	0	0.811474
64.839669	0	0.811474
64.848985	0	0.811474
64.858301	0	0.811474
64.867617	0	0.811474
64.876933	0	0.811474
64.886249	0	0.811474
64.895565	0	0.811474
64.904881	0	0.811474
64.914197	0	0.811474
64.923513	0	0.811474
64.93283	0	0.811474
64.942146	0	0.811474
64.951462	0	0.811474
64.960778	0	0.811474
64.970094	0	0.811474
64.97941	0	0.811474
64.988726	0	0.811474
64.998042	0	0.811474
65.007358	0	0.811474
65.016674	0	0.811474
65.02599	0	0.811474
65.035306	0	0.811474
65.044622	0	0.811474
65.053938	0	0.811474
65.063254	0	0.811474
65.07257	0	0.811474
65.081886	0	0.811474
65.091202	0	0.811474
65.100518	0	0.811474
65.109834	0	0.811474
65.11915	0	0.811474
65.128466	0	0.811474
65.137782	0	0.811474
65.147099	0	0.811474
65.156415	0	0.811474
65.165731	0	0.811474
65.175047	0	0.811474
65.184363	0	0.811474
65.193679	0	0.811474
65.202995	0	0.811474
65.212311	0	0.811474
65.221627	0	0.811474
65.230943	0	0.811474
65.240259	0	0.811474
65.249575	0	0.811474
65.258891	0	0.811474
65.268207	0	0.811474
65.277523	0	0.811474
65.286839	0	0.811474
65.296155	0	0.811474
65.305471	0	0.811474
65.314787	0	0.811474
65.324103	0	0.811474
65.333419	0	0.811474
65.342735	0	0.811474
65.352051	0	0.811474
65.361368	0	0.811474
65.370684	0	0.811474
65.38	0	0.811474
65.389316	0	0.811474
65.398632	0	0.811474
65.407948	0	0.811474
65.417264	0	0.811474
65.42658	0	0.811474
65.435896	0	0.811474
65.445212	0	0.811474
65.454528	0	0.811474
65.463844	0	0.811474
65.47316	0	0.811474
65.482476	0	0.811474
65.491792	0	0.811474
65.501108	0	0.811474
65.510424	0	0.811474
65.51974	0	0.811474
65.529056	0	0.811474
65.538372	0	0.811474
65.547688	0	0.811474
65.557004	0	0.811474
65.566321	0	0.811474
65.575637	0	0.811474
65.584953	0	0.811474
65.594269	0	0.811474
65.603585	0	0.811474
65.612901	0	0.811474
65.622217	0	0.811474
65.631533	0	0.811474
65.640849	0	0.811474
65.650165	0	0.811474
65.659481	0	0.811474
65.668797	0	0.811474
65.678113	0	0.811474
65.687429	0	0.811474
65.696745	0	0.811474
65.706061	0	0.811474
65.715377	0	0.811474
65.724693	0	0.811474
65.734009	0	0.811474
65.743325	0	0.811474
65.752641	0	0.811474
65.761957	0	0.811474
65.771273	0	0.811474
65.78059	0	0.811474
65.789906	0	0.811474
65.799222	0	0.811474
65.808538	0	0.811474
65.817854	0	0.811474
65.82717	0	0.811474
65.836486	0	0.811474
65.845802	0	0.811474
65.855118	0	0.811474
65.864434	0	0.811474
65.87375	0	0.811474
65.883066	0	0.811474
65.892382	0	0.811474
65.901698	0	0.811474
65.911014	0	0.811474
65.92033	0	0.811474
65.929646	0	0.811474
65.938962	0	0.811474
65.948278	0	0.811474
65.957594	0	0.811474
65.96691	0	0.811474
65.976226	0	0.811474
65.985543	0	0.811474
65.994859	0	0.811474
66.004175	0	0.811474
66.013491	0	0.811474
66.022807	0	0.811474
66.032123	0	0.811474
66.041439	0	0.811474
66.050755	0	0.811474
66.060071	0	0.811474
66.069387	0	0.811474
66.078703	0	0.811474
66.088019	0	0.811474
66.097335	0	0.811474
66.106651	0	0.811474
66.115967	0	0.811474
66.125283	0	0.811474
66.134599	0	0.811474
66.143915	0	0.811474
66.153231	0	0.811474
66.162547	0	0.811474
66.171863	0	0.811474
66.181179	0	0.811474
66.190495	0	0.811474
66.199812	0	0.811474
66.209128	0	0.811474
66.218444	0	0.811474
66.22776	0	0.811474
66.237076	0	0.811474
66.246392	0	0.811474
66.255708	0	0.811474
66.265024	0	0.811474
66.27434	0	0.811474
66.283656	0	0.811474
66.292972	0	0.811474
66.302288	0	0.811474
66.311604	0	0.811474
66.32092	0	0.811474
66.330236	0	0.811474
66.339552	0	0.811474
66.348868	0	0.811474
66.358184	0	0.811474
66.3675	0	0.811474
66.376816	0	0.811474
66.386132	0	0.811474
66.395448	0	0.811474
66.404765	0	0.811474
66.414081	0	0.811474
66.423397	0	0.811474
66.432713	0	0.811474
66.442029	0	0.811474
66.451345	0	0.811474
66.460661	0	0.811474
66.469977	0	0.811474
66.479293	0	0.811474
66.488609	0	0.811474
66.497925	0	0.811474
66.507241	0	0.811474
66.516557	0	0.811474
66.525873	0	0.811474
66.535189	0	0.811474
66.544505	0	0.811474
66.553821	0	0.811474
66.563137	0	0.811474
66.572453	0	0.811474
66.581769	0	0.811474
66.591085	0	0.811474
66.600401	0	0.811474
66.609717	0	0.811474
66.619034	0	0.811474
66.62835	0	0.811474
66.637666	0	0.811474
66.646982	0	0.811474
66.656298	0	0.811474
66.665614	0	0.811474
66.67493	0	0.811474
66.684246	0	0.811474
66.693562	0	0.811474
66.702878	0	0.811474
66.712194	0	0.811474
66.72151	0	0.811474
66.730826	0	0.811474
66.740142	0	0.811474
66.749458	0	0.811474
66.758774	0	0.811474
66.76809	0	0.811474
66.777406	0	0.811474
66.786722	0	0.811474
66.796038	0	0.811474
66.805354	0	0.811474
66.81467	0	0.811474
66.823987	0	0.811474
66.833303	0	0.811474
66.842619	0	0.811474
66.851935	0	0.811474
66.861251	0	0.811474
66.870567	0	0.811474
66.879883	0	0.811474
66.889199	0	0.811474
66.898515	0	0.811474
66.907831	0	0.811474
66.917147	0	0.811474
66.926463	0	0.811474
66.935779	0	0.811474
66.945095	0	0.811474
66.954411	0	0.811474
66.963727	0	0.811474
66.973043	0	0.811474
66.982359	0	0.811474
66.991675	0	0.811474
67.000991	0	0.811474
67.010307	0	0.811474
67.019623	0	0.811474
67.028939	0	0.811474
67.038256	0	0.811474
67.047572	0	0.811474
67.056888	0	0.811474
67.066204	0	0.811474
67.07552	0	0.811474
67.084836	0	0.811474
67.094152	0	0.811474
67.103468	0	0.811474
67.112784	0	0.811474
67.1221	0	0.811474
67.131416	0	0.811474
67.140732	0	0.811474
67.150048	0	0.811474
67.159364	0	0.811474
67.16868	0	0.811474
67.177996	0	0.811474
67.187312	0	0.811474
67.196628	0	0.811474
67.205944	0	0.811474
67.21526	0	0.811474
67.224576	0	0.811474
67.233892	0	0.811474
67.243209	0	0.811474
67.252525	0	0.811474
67.261841	0	0.811474
67.271157	0	0.811474
67.280473	0	0.811474
67.289789	0	0.811474
67.299105	0	0.811474
67.308421	0	0.811474
67.317737	0	0.811474
67.327053	0	0.811474
67.336369	0	0.811474
67.345685	0	0.811474
67.355001	0	0.811474
67.364317	0	0.811474
67.373633	0	0.811474
67.382949	0	0.811474
67.392265	0	0.811474
67.401581	0	0.811474
67.410897	0	0.811474
67.420213	0	0.811474
67.429529	0	0.811474
67.438845	0	0.811474
67.448161	0	0.811474
67.457478	0	0.811474
67.466794	0	0.811474
67.47611	0	0.811474
67.485426	0	0.811474
67.494742	0	0.811474
67.504058	0	0.811474
67.513374	0	0.811474
67.52269	0	0.811474
67.532006	0	0.811474
67.541322	0	0.811474
67.550638	0	0.811474
67.559954	0	0.811474
67.56927	0	0.811474
67.578586	0	0.811474
67.587902	0	0.811474
67.597218	0	0.811474
67.606534	0	0.811474
67.61585	0	0.811474
67.625166	0	0.811474
67.634482	0	0.811474
67.643798	0	0.811474
67.653114	0	0.811474
67.662431	0	0.811474
67.671747	0	0.811474
67.681063	0	0.811474
67.690379	0	0.811474
67.699695	0	0.811474
67.709011	0	0.811474
67.718327	0	0.811474
67.727643	0	0.811474
67.736959	0	0.811474
67.746275	0	0.811474
67.755591	0	0.811474
67.764907	0	0.811474
67.774223	0	0.811474
67.783539	0	0.811474
67.792855	0	0.811474
67.802171	0	0.811474
67.811487	0	0.811474
67.820803	0	0.811474
67.830119	0	0.811474
67.839435	0	0.811474
67.848751	0	0.811474
67.858067	0	0.811474
67.867383	0	0.811474
67.8767	0	0.811474
67.886016	0	0.811474
67.895332	0	0.811474
67.904648	0	0.811474
67.913964	0	0.811474
67.92328	0	0.811474
67.932596	0	0.811474
67.941912	0	0.811474
67.951228	0	0.811474
67.960544	0	0.811474
67.96986	0	0.811474
67.979176	0	0.811474
67.988492	0	0.811474
67.997808	0	0.811474
68.007124	0	0.811474
68.01644	0	0.811474
68.025756	0	0.811474
68.035072	0	0.811474
68.044388	0	0.811474
68.053704	0	0.811474
68.06302	0	0.811474
68.072336	0	0.811474
68.081653	0	0.811474
68.090969	0	0.811474
68.100285	0	0.811474
68.109601	0	0.811474
68.118917	0	0.811474
68.128233	0	0.811474
68.137549	0	0.811474
68.146865	0	0.811474
68.156181	0	0.811474
68.165497	0	0.811474
68.174813	0	0.811474
68.184129	0	0.811474
68.193445	0	0.811474
68.202761	0	0.811474
68.212077	0	0.811474
68.221393	0	0.811474
68.230709	0	0.811474
68.240025	0	0.811474
68.249341	0	0.811474
68.258657	0	0.811474
68.267973	0	0.811474
68.277289	0	0.811474
68.286605	0	0.811474
68.295922	0	0.811474
68.305238	0	0.811474
68.314554	0	0.811474
68.32387	0	0.811474
68.333186	0	0.811474
68.342502	0	0.811474
68.351818	0	0.811474
68.361134	0	0.811474
68.37045	0	0.811474
68.379766	0	0.811474
68.389082	0	0.811474
68.398398	0	0.811474
68.407714	0	0.811474
68.41703	0	0.811474
68.426346	0	0.811474
68.435662	0	0.811474
68.444978	0	0.811474
68.454294	0	0.811474
68.46361	0	0.811474
68.472926	0	0.811474
68.482242	0	0.811474
68.491558	0	0.811474
68.500874	0	0.811474
68.510191	0	0.811474
68.519507	0	0.811474
68.528823	0	0.811474
68.538139	0	0.811474
68.547455	0	0.811474
68.556771	0	0.811474
68.566087	0	0.811474
68.575403	0	0.811474
68.584719	0	0.811474
68.594035	0	0.811474
68.603351	0	0.811474
68.612667	0	0.811474
68.621983	0	0.811474
68.631299	0	0.811474
68.640615	0	0.811474
68.649931	0	0.811474
68.659247	0	0.811474
68.668563	0	0.811474
68.677879	0	0.811474
68.687195	0	0.811474
68.696511	0	0.811474
68.705827	0	0.811474
68.715144	0	0.811474
68.72446	0	0.811474
68.733776	0	0.811474
68.743092	0	0.811474
68.752408	0	0.811474
68.761724	0	0.811474
68.77104	0	0.811474
68.780356	0	0.811474
68.789672	0	0.811474
68.798988	0	0.811474
68.808304	0	0.811474
68.81762	0	0.811474
68.826936	0	0.811474
68.836252	0	0.811474
68.845568	0	0.811474
68.854884	0	0.811474
68.8642	0	0.811474
68.873516	0	0.811474
68.882832	0	0.811474
68.892148	0	0.811474
68.901464	0	0.811474
68.91078	0	0.811474
68.920096	0	0.811474
68.929413	0	0.811474
68.938729	0	0.811474
68.948045	0	0.811474
68.957361	0	0.811474
68.966677	0	0.811474
68.975993	0	0.811474
68.985309	0	0.811474
68.994625	0	0.811474
69.003941	0	0.811474
69.013257	0	0.811474
69.022573	0	0.811474
69.031889	0	0.811474
69.041205	0	0.811474
69.050521	0	0.811474
69.059837	0	0.811474
69.069153	0	0.811474
69.078469	0	0.811474
69.087785	0	0.811474
69.097101	0	0.811474
69.106417	0	0.811474
69.115733	0	0.811474
69.125049	0	0.811474
69.134366	0	0.811474
69.143682	0	0.811474
69.152998	0	0.811474
69.162314	0	0.811474
69.17163	0	0.811474
69.180946	0	0.811474
69.190262	0	0.811474
69.199578	0	0.811474
69.208894	0	0.811474
69.21821	0	0.811474
69.227526	0	0.811474
69.236842	0	0.811474
69.246158	0	0.811474
69.255474	0	0.811474
69.26479	0	0.811474
69.274106	0	0.811474
69.283422	0	0.811474
69.292738	0	0.811474
69.302054	0	0.811474
69.31137	0	0.811474
69.320686	0	0.811474
69.330002	0	0.811474
69.339318	0	0.811474
69.348635	0	0.811474
69.357951	0	0.811474
69.367267	0	0.811474
69.376583	0	0.811474
69.385899	0	0.811474
69.395215	0	0.811474
69.404531	0	0.811474
69.413847	0	0.811474
69.423163	0	0.811474
69.432479	0	0.811474
69.441795	0	0.811474
69.451111	0	0.811474
69.460427	0	0.811474
69.469743	0	0.811474
69.479059	0	0.811474
69.488375	0	0.811474
69.497691	0	0.811474
69.507007	0	0.811474
69.516323	0	0.811474
69.525639	0	0.811474
69.534955	0	0.811474
69.544271	0	0.811474
69.553588	0	0.811474
69.562904	0	0.811474
69.57222	0	0.811474
69.581536	0	0.811474
69.590852	0	0.811474
69.600168	0	0.811474
69.609484	0	0.811474
69.6188	0	0.811474
69.628116	0	0.811474
69.637432	0	0.811474
69.646748	0	0.811474
69.656064	0	0.811474
69.66538	0	0.811474
69.674696	0	0.811474
69.684012	0	0.811474
69.693328	0	0.811474
69.702644	0	0.811474
69.71196	0	0.811474
69.721276	0	0.811474
69.730592	0	0.811474
69.739908	0	0.811474
69.749224	0	0.811474
69.75854	0	0.811474
69.767857	0	0.811474
69.777173	0	0.811474
69.786489	0	0.811474
69.795805	0	0.811474
69.805121	0	0.811474
69.814437	0	0.811474
69.823753	0	0.811474
69.833069	0	0.811474
69.842385	0	0.811474
69.851701	0	0.811474
69.861017	0	0.811474
69.870333	0	0.811474
69.879649	0	0.811474
69.888965	0	0.811474
69.898281	0	0.811474
69.907597	0	0.811474
69.916913	0	0.811474
69.926229	0	0.811474
69.935545	0	0.811474
69.944861	0	0.811474
69.954177	0	0.811474
69.963493	0	0.811474
69.97281	0	0.811474
69.982126	0	0.811474
69.991442	0	0.811474
70.000758	0	0.811474
70.010074	0	0.811474
70.01939	0	0.811474
70.028706	0	0.811474
70.038022	0	0.811474
70.047338	0	0.811474
70.056654	0	0.811474
70.06597	0	0.811474
70.075286	0	0.811474
70.084602	0	0.811474
70.093918	0	0.811474
70.103234	0	0.811474
70.11255	0	0.811474
70.121866	0	0.811474
70.131182	0	0.811474
70.140498	0	0.811474
70.149814	0	0.811474
70.15913	0	0.811474
70.168446	0	0.811474
70.177762	0	0.811474
70.187079	0	0.811474
70.196395	0	0.811474
70.205711	0	0.811474
70.215027	0	0.811474
70.224343	0	0.811474
70.233659	0	0.811474
70.242975	0	0.811474
70.252291	0	0.811474
70.261607	0	0.811474
70.270923	0	0.811474
70.280239	0	0.811474
70.289555	0	0.811474
70.298871	0	0.811474
70.308187	0	0.811474
70.317503	0	0.811474
70.326819	0	0.811474
70.336135	0	0.811474
70.345451	0	0.811474
70.354767	0	0.811474
70.364083	0	0.811474
70.373399	0	0.811474
70.382715	0	0.811474
70.392032	0	0.811474
70.401348	0	0.811474
70.410664	0	0.811474
70.41998	0	0.811474
70.429296	0	0.811474
70.438612	0	0.811474
70.447928	0	0.811474
70.457244	0	0.811474
70.46656	0	0.811474
70.475876	0	0.811474
70.485192	0	0.811474
70.494508	0	0.811474
70.503824	0	0.811474
70.51314	0	0.811474
70.522456	0	0.811474
70.531772	0	0.811474
70.541088	0	0.811474
70.550404	0	0.811474
70.55972	0	0.811474
70.569036	0	0.811474
70.578352	0	0.811474
70.587668	0	0.811474
70.596984	0	0.811474
70.606301	0	0.811474
70.615617	0	0.811474
70.624933	0	0.811474
70.634249	0	0.811474
70.643565	0	0.811474
70.652881	0	0.811474
70.662197	0	0.811474
70.671513	0	0.811474
70.680829	0	0.811474
70.690145	0	0.811474
70.699461	0	0.811474
70.708777	0	0.811474
70.718093	0	0.811474
70.727409	0	0.811474
70.736725	0	0.811474
70.746041	0	0.811474
70.755357	0	0.811474
70.764673	0	0.811474
70.773989	0	0.811474
70.783305	0	0.811474
70.792621	0	0.811474
70.801937	0	0.811474
70.811254	0	0.811474
70.82057	0	0.811474
70.829886	0	0.811474
70.839202	0	0.811474
70.848518	0	0.811474
70.857834	0	0.811474
70.86715	0	0.811474
70.876466	0	0.811474
70.885782	0	0.811474
70.895098	0	0.811474
70.904414	0	0.811474
70.91373	0	0.811474
70.923046	0	0.811474
70.932362	0	0.811474
70.941678	0	0.811474
70.950994	0	0.811474
70.96031	0	0.811474
70.969626	0	0.811474
70.978942	0	0.811474
70.988258	0	0.811474
70.997574	0	0.811474
71.00689	0	0.811474
71.016206	0	0.811474
71.025523	0	0.811474
71.034839	0	0.811474
71.044155	0	0.811474
71.053471	0	0.811474
71.062787	0	0.811474
71.072103	0	0.811474
71.081419	0	0.811474
71.090735	0	0.811474
71.100051	0	0.811474
71.109367	0	0.811474
71.118683	0	0.811474
71.127999	0	0.811474
71.137315	0	0.811474
71.146631	0	0.811474
71.155947	0	0.811474
71.165263	0	0.811474
71.174579	0	0.811474
71.183895	0	0.811474
71.193211	0	0.811474
71.202527	0	0.811474
71.211843	0	0.811474
71.221159	0	0.811474
71.230476	0	0.811474
71.239792	0	0.811474
71.249108	0	0.811474
71.258424	0	0.811474
71.26774	0	0.811474
71.277056	0	0.811474
71.286372	0	0.811474
71.295688	0	0.811474
71.305004	0	0.811474
71.31432	0	0.811474
71.323636	0	0.811474
71.332952	0	0.811474
71.342268	0	0.811474
71.351584	0	0.811474
71.3609	0	0.811474
71.370216	0	0.811474
71.379532	0	0.811474
71.388848	0	0.811474
71.398164	0	0.811474
71.40748	0	0.811474
71.416796	0	0.811474
71.426112	0	0.811474
71.435428	0	0.811474
71.444745	0	0.811474
71.454061	0	0.811474
71.463377	0	0.811474
71.472693	0	0.811474
71.482009	0	0.811474
71.491325	0	0.811474
71.500641	0	0.811474
71.509957	0	0.811474
71.519273	0	0.811474
71.528589	0	0.811474
71.537905	0	0.811474
71.547221	0	0.811474
71.556537	0	0.811474
71.565853	0	0.811474
71.575169	0	0.811474
71.584485	0	0.811474
71.593801	0	0.811474
71.603117	0	0.811474
71.612433	0	0.811474
71.621749	0	0.811474
71.631065	0	0.811474
71.640381	0	0.811474
71.649698	0	0.811474
71.659014	0	0.811474
71.66833	0	0.811474
71.677646	0	0.811474
71.686962	0	0.811474
71.696278	0	0.811474
71.705594	0	0.811474
71.71491	0	0.811474
71.724226	0	0.811474
71.733542	0	0.811474
71.742858	0	0.811474
71.752174	0	0.811474
71.76149	0	0.811474
71.770806	0	0.811474
71.780122	0	0.811474
71.789438	0	0.811474
71.798754	0	0.811474
71.80807	0	0.811474
71.817386	0	0.811474
71.826702	0	0.811474
71.836018	0	0.811474
71.845334	0	0.811474
71.85465	0	0.811474
71.863967	0	0.811474
71.873283	0	0.811474
71.882599	0	0.811474
71.891915	0	0.811474
71.901231	0	0.811474
71.910547	0	0.811474
71.919863	0	0.811474
71.929179	0	0.811474
71.938495	0	0.811474
71.947811	0	0.811474
71.957127	0	0.811474
71.966443	0	0.811474
71.975759	0	0.811474
71.985075	0	0.811474
71.994391	0	0.811474
72.003707	0	0.811474
72.013023	0	0.811474
72.022339	0	0.811474
72.031655	0	0.811474
72.040971	0	0.811474
72.050287	0	0.811474
72.059603	0	0.811474
72.068919	0	0.811474
72.078236	0	0.811474
72.087552	0	0.811474
72.096868	0	0.811474
72.106184	0	0.811474
72.1155	0	0.811474
72.124816	0	0.811474
72.134132	0	0.811474
72.143448	0	0.811474
72.152764	0	0.811474
72.16208	0	0.811474
72.171396	0	0.811474
72.180712	0	0.811474
72.190028	0	0.811474
72.199344	0	0.811474
72.20866	0	0.811474
72.217976	0	0.811474
72.227292	0	0.811474
72.236608	0	0.811474
72.245924	0	0.811474
72.25524	0	0.811474
72.264556	0	0.811474
72.273872	0	0.811474
72.283189	0	0.811474
72.292505	0	0.811474
72.301821	0	0.811474
72.311137	0	0.811474
72.320453	0	0.811474
72.329769	0	0.811474
72.339085	0	0.811474
72.348401	0	0.811474
72.357717	0	0.811474
72.367033	0	0.811474
72.376349	0	0.811474
72.385665	0	0.811474
72.394981	0	0.811474
72.404297	0	0.811474
72.413613	0	0.811474
72.422929	0	0.811474
72.432245	0	0.811474
72.441561	0	0.811474
72.450877	0	0.811474
72.460193	0	0.811474
72.469509	0	0.811474
72.478825	0	0.811474
72.488141	0	0.811474
72.497458	0	0.811474
72.506774	0	0.811474
72.51609	0	0.811474
72.525406	0	0.811474
72.534722	0	0.811474
72.544038	0	0.811474
72.553354	0	0.811474
72.56267	0	0.811474
72.571986	0	0.811474
72.581302	0	0.811474
72.590618	0	0.811474
72.599934	0	0.811474
72.60925	0	0.811474
72.618566	0	0.811474
72.627882	0	0.811474
72.637198	0	0.811474
72.646514	0	0.811474
72.65583	0	0.811474
72.665146	0	0.811474
72.674462	0	0.811474
72.683778	0	0.811474
72.693094	0	0.811474
72.702411	0	0.811474
72.711727	0	0.811474
72.721043	0	0.811474
72.730359	0	0.811474
72.739675	0	0.811474
72.748991	0	0.811474
72.758307	0	0.811474
72.767623	0	0.811474
72.776939	0	0.811474
72.786255	0	0.811474
72.795571	0	0.811474
72.804887	0	0.811474
72.814203	0	0.811474
72.823519	0	0.811474
72.832835	0	0.811474
72.842151	0	0.811474
72.851467	0	0.811474
72.860783	0	0.811474
72.870099	0	0.811474
72.879415	0	0.811474
72.888731	0	0.811474
72.898047	0	0.811474
72.907363	0	0.811474
72.91668	0	0.811474
72.925996	0	0.811474
72.935312	0	0.811474
72.944628	0	0.811474
72.953944	0	0.811474
72.96326	0	0.811474
72.972576	0	0.811474
72.981892	0	0.811474
72.991208	0	0.811474
73.000524	0	0.811474
73.00984	0	0.811474
73.019156	0	0.811474
73.028472	0	0.811474
73.037788	0	0.811474
73.047104	0	0.811474
73.05642	0	0.811474
73.065736	0	0.811474
73.075052	0	0.811474
73.084368	0	0.811474
73.093684	0	0.811474
73.103	0	0.811474
73.112316	0	0.811474
73.121633	0	0.811474
73.130949	0	0.811474
73.140265	0	0.811474
73.149581	0	0.811474
73.158897	0	0.811474
73.168213	0	0.811474
73.177529	0	0.811474
73.186845	0	0.811474
73.196161	0	0.811474
73.205477	0	0.811474
73.214793	0	0.811474
73.224109	0	0.811474
73.233425	0	0.811474
73.242741	0	0.811474
73.252057	0	0.811474
73.261373	0	0.811474
73.270689	0	0.811474
73.280005	0	0.811474
73.289321	0	0.811474
73.298637	0	0.811474
73.307953	0	0.811474
73.317269	0	0.811474
73.326585	0	0.811474
73.335902	0	0.811474
73.345218	0	0.811474
73.354534	0	0.811474
73.36385	0	0.811474
73.373166	0	0.811474
73.382482	0	0.811474
73.391798	0	0.811474
73.401114	0	0.811474
73.41043	0	0.811474
73.419746	0	0.811474
73.429062	0	0.811474
73.438378	0	0.811474
73.447694	0	0.811474
73.45701	0	0.811474
73.466326	0	0.811474
73.475642	0	0.811474
73.484958	0	0.811474
73.494274	0	0.811474
73.50359	0	0.811474
73.512906	0	0.811474
73.522222	0	0.811474
73.531538	0	0.811474
73.540855	0	0.811474
73.550171	0	0.811474
73.559487	0	0.811474
73.568803	0	0.811474
73.578119	0	0.811474
73.587435	0	0.811474
73.596751	0	0.811474
73.606067	0	0.811474
73.615383	0	0.811474
73.624699	0	0.811474
73.634015	0	0.811474
73.643331	0	0.811474
73.652647	0	0.811474
73.661963	0	0.811474
73.671279	0	0.811474
73.680595	0	0.811474
73.689911	0	0.811474
73.699227	0	0.811474
73.708543	0	0.811474
73.717859	0	0.811474
73.727175	0	0.811474
73.736491	0	0.811474
73.745807	0	0.811474
73.755124	0	0.811474
73.76444	0	0.811474
73.773756	0	0.811474
73.783072	0	0.811474
73.792388	0	0.811474
73.801704	0	0.811474
73.81102	0	0.811474
73.820336	0	0.811474
73.829652	0	0.811474
73.838968	0	0.811474
73.848284	0	0.811474
73.8576	0	0.811474
73.866916	0	0.811474
73.876232	0	0.811474
73.885548	0	0.811474
73.894864	0	0.811474
73.90418	0	0.811474
73.913496	0	0.811474
73.922812	0	0.811474
73.932128	0	0.811474
73.941444	0	0.811474
73.95076	0	0.811474
73.960077	0	0.811474
73.969393	0	0.811474
73.978709	0	0.811474
73.988025	0	0.811474
73.997341	0	0.811474
74.006657	0	0.811474
74.015973	0	0.811474
74.025289	0	0.811474
74.034605	0	0.811474
74.043921	0	0.811474
74.053237	0	0.811474
74.062553	0	0.811474
74.071869	0	0.811474
74.081185	0	0.811474
74.090501	0	0.811474
74.099817	0	0.811474
74.109133	0	0.811474
74.118449	0	0.811474
74.127765	0	0.811474
74.137081	0	0.811474
74.146397	0	0.811474
74.155713	0	0.811474
74.165029	0	0.811474
74.174346	0	0.811474
74.183662	0	0.811474
74.192978	0	0.811474
74.202294	0	0.811474
74.21161	0	0.811474
74.220926	0	0.811474
74.230242	0	0.811474
74.239558	0	0.811474
74.248874	0	0.811474
74.25819	0	0.811474
74.267506	0	0.811474
74.276822	0	0.811474
74.286138	0	0.811474
74.295454	0	0.811474
74.30477	0	0.811474
74.314086	0	0.811474
74.323402	0	0.811474
74.332718	0	0.811474
74.342034	0	0.811474
74.35135	0	0.811474
74.360666	0	0.811474
74.369982	0	0.811474
74.379299	0	0.811474
74.388615	0	0.811474
74.397931	0	0.811474
74.407247	0	0.811474
74.416563	0	0.811474
74.425879	0	0.811474
74.435195	0	0.811474
74.444511	0	0.811474
74.453827	0	0.811474
74.463143	0	0.811474
74.472459	0	0.811474
74.481775	0	0.811474
74.491091	0	0.811474
74.500407	0	0.811474
74.509723	0	0.811474
74.519039	0	0.811474
74.528355	0	0.811474
74.537671	0	0.811474
74.546987	0	0.811474
74.556303	0	0.811474
74.565619	0	0.811474
74.574935	0	0.811474
74.584251	0	0.811474
74.593568	0	0.811474
74.602884	0	0.811474
74.6122	0	0.811474
74.621516	0	0.811474
74.630832	0	0.811474
74.640148	0	0.811474
74.649464	0	0.811474
74.65878	0	0.811474
74.668096	0	0.811474
74.677412	0	0.811474
74.686728	0	0.811474
74.696044	0	0.811474
74.70536	0	0.811474
74.714676	0	0.811474
74.723992	0	0.811474
74.733308	0	0.811474
74.742624	0	0.811474
74.75194	0	0.811474
74.761256	0	0.811474
74.770572	0	0.811474
74.779888	0	0.811474
74.789204	0	0.811474
74.798521	0	0.811474
74.807837	0	0.811474
74.817153	0	0.811474
74.826469	0	0.811474
74.835785	0	0.811474
74.845101	0	0.811474
74.854417	0	0.811474
74.863733	0	0.811474
74.873049	0	0.811474
74.882365	0	0.811474
74.891681	0	0.811474
74.900997	0	0.811474
74.910313	0	0.811474
74.919629	0	0.811474
74.928945	0	0.811474
74.938261	0	0.811474
74.947577	0	0.811474
74.956893	0	0.811474
74.966209	0	0.811474
74.975525	0	0.811474
74.984841	0	0.811474
74.994157	0	0.811474
75.003473	0	0.811474
75.01279	0	0.811474
75.022106	0	0.811474
75.031422	0	0.811474
75.040738	0	0.811474
75.050054	0	0.811474
75.05937	0	0.811474
75.068686	0	0.811474
75.078002	0	0.811474
75.087318	0	0.811474
75.096634	0	0.811474
75.10595	0	0.811474
75.115266	0	0.811474
75.124582	0	0.811474
75.133898	0	0.811474
75.143214	0	0.811474
75.15253	0	0.811474
75.161846	0	0.811474
75.171162	0	0.811474
75.180478	0	0.811474
75.189794	0	0.811474
75.19911	0	0.811474
75.208426	0	0.811474
75.217742	0	0.811474
75.227059	0	0.811474
75.236375	0	0.811474
75.245691	0	0.811474
75.255007	0	0.811474
75.264323	0	0.811474
75.273639	0	0.811474
75.282955	0	0.811474
75.292271	0	0.811474
75.301587	0	0.811474
75.310903	0	0.811474
75.320219	0	0.811474
75.329535	0	0.811474
75.338851	0	0.811474
75.348167	0	0.811474
75.357483	0	0.811474
75.366799	0	0.811474
75.376115	0	0.811474
75.385431	0	0.811474
75.394747	0	0.811474
75.404063	0	0.811474
75.413379	0	0.811474
75.422695	0	0.811474
75.432012	0	0.811474
75.441328	0	0.811474
75.450644	0	0.811474
75.45996	0	0.811474
75.469276	0	0.811474
75.478592	0	0.811474
75.487908	0	0.811474
75.497224	0	0.811474
75.50654	0	0.811474
75.515856	0	0.811474
75.525172	0	0.811474
75.534488	0	0.811474
75.543804	0	0.811474
75.55312	0	0.811474
75.562436	0	0.811474
75.571752	0	0.811474
75.581068	0	0.811474
75.590384	0	0.811474
75.5997	0	0.811474
75.609016	0	0.811474
75.618332	0	0.811474
75.627648	0	0.811474
75.636964	0	0.811474
75.646281	0	0.811474
75.655597	0	0.811474
75.664913	0	0.811474
75.674229	0	0.811474
75.683545	0	0.811474
75.692861	0	0.811474
75.702177	0	0.811474
75.711493	0	0.811474
75.720809	0	0.811474
75.730125	0	0.811474
75.739441	0	0.811474
75.748757	0	0.811474
75.758073	0	0.811474
75.767389	0	0.811474
75.776705	0	0.811474
75.786021	0	0.811474
75.795337	0	0.811474
75.804653	0	0.811474
75.813969	0	0.811474
75.823285	0	0.811474
75.832601	0	0.811474
75.841917	0	0.811474
75.851234	0	0.811474
75.86055	0	0.811474
75.869866	0	0.811474
75.879182	0	0.811474
75.888498	0	0.811474
75.897814	0	0.811474
75.90713	0	0.811474
75.916446	0	0.811474
75.925762	0	0.811474
75.935078	0	0.811474
75.944394	0	0.811474
75.95371	0	0.811474
75.963026	0	0.811474
75.972342	0	0.811474
75.981658	0	0.811474
75.990974	0	0.811474
76.00029	0	0.811474
76.009606	0	0.811474
76.018922	0	0.811474
76.028238	0	0.811474
76.037554	0	0.811474
76.04687	0	0.811474
76.056186	0	0.811474
76.065503	0	0.811474
76.074819	0	0.811474
76.084135	0	0.811474
76.093451	0	0.811474
76.102767	0	0.811474
76.112083	0	0.811474
76.121399	0	0.811474
76.130715	0	0.811474
76.140031	0	0.811474
76.149347	0	0.811474
76.158663	0	0.811474
76.167979	0	0.811474
76.177295	0	0.811474
76.186611	0	0.811474
76.195927	0	0.811474
76.205243	0	0.811474
76.214559	0	0.811474
76.223875	0	0.811474
76.233191	0	0.811474
76.242507	0	0.811474
76.251823	0	0.811474
76.261139	0	0.811474
76.270456	0	0.811474
76.279772	0	0.811474
76.289088	0	0.811474
76.298404	0	0.811474
76.30772	0	0.811474
76.317036	0	0.811474
76.326352	0	0.811474
76.335668	0	0.811474
76.344984	0	0.811474
76.3543	0	0.811474
76.363616	0	0.811474
76.372932	0	0.811474
76.382248	0	0.811474
76.391564	0	0.811474
76.40088	0	0.811474
76.410196	0	0.811474
76.419512	0	0.811474
76.428828	0	0.811474
76.438144	0	0.811474
76.44746	0	0.811474
76.456776	0	0.811474
76.466092	0	0.811474
76.475408	0	0.811474
76.484725	0	0.811474
76.494041	0	0.811474
76.503357	0	0.811474
76.512673	0	0.811474
76.521989	0	0.811474
76.531305	0	0.811474
76.540621	0	0.811474
76.549937	0	0.811474
76.559253	0	0.811474
76.568569	0	0.811474
76.577885	0	0.811474
76.587201	0	0.811474
76.596517	0	0.811474
76.605833	0	0.811474
76.615149	0	0.811474
76.624465	0	0.811474
76.633781	0	0.811474
76.643097	0	0.811474
76.652413	0	0.811474
76.661729	0	0.811474
76.671045	0	0.811474
76.680361	0	0.811474
76.689678	0	0.811474
76.698994	0	0.811474
76.70831	0	0.811474
76.717626	0	0.811474
76.726942	0	0.811474
76.736258	0	0.811474
76.745574	0	0.811474
76.75489	0	0.811474
76.764206	0	0.811474
76.773522	0	0.811474
76.782838	0	0.811474
76.792154	0	0.811474
76.80147	0	0.811474
76.810786	0	0.811474
76.820102	0	0.811474
76.829418	0	0.811474
76.838734	0	0.811474
76.84805	0	0.811474
76.857366	0	0.811474
76.866682	0	0.811474
76.875998	0	0.811474
76.885314	0	0.811474
76.89463	0	0.811474
76.903947	0	0.811474
76.913263	0	0.811474
76.922579	0	0.811474
76.931895	0	0.811474
76.941211	0	0.811474
76.950527	0	0.811474
76.959843	0	0.811474
76.969159	0	0.811474
76.978475	0	0.811474
76.987791	0	0.811474
76.997107	0	0.811474
77.006423	0	0.811474
77.015739	0	0.811474
77.025055	0	0.811474
77.034371	0	0.811474
77.043687	0	0.811474
77.053003	0	0.811474
77.062319	0	0.811474
77.071635	0	0.811474
77.080951	0	0.811474
77.090267	0	0.811474
77.099583	0	0.811474
77.1089	0	0.811474
77.118216	0	0.811474
77.127532	0	0.811474
77.136848	0	0.811474
77.146164	0	0.811474
77.15548	0	0.811474
77.164796	0	0.811474
77.174112	0	0.811474
77.183428	0	0.811474
77.192744	0	0.811474
77.20206	0	0.811474
77.211376	0	0.811474
77.220692	0	0.811474
77.230008	0	0.811474
77.239324	0	0.811474
77.24864	0	0.811474
77.257956	0	0.811474
77.267272	0	0.811474
77.276588	0	0.811474
77.285904	0	0.811474
77.29522	0	0.811474
77.304536	0	0.811474
77.313852	0	0.811474
77.323169	0	0.811474
77.332485	0	0.811474
77.341801	0	0.811474
77.351117	0	0.811474
77.360433	0	0.811474
77.369749	0	0.811474
77.379065	0	0.811474
77.388381	0	0.811474
77.397697	0	0.811474
77.407013	0	0.811474
77.416329	0	0.811474
77.425645	0	0.811474
77.434961	0	0.811474
77.444277	0	0.811474
77.453593	0	0.811474
77.462909	0	0.811474
77.472225	0	0.811474
77.481541	0	0.811474
77.490857	0	0.811474
77.500173	0	0.811474
77.509489	0	0.811474
77.518805	0	0.811474
77.528122	0	0.811474
77.537438	0	0.811474
77.546754	0	0.811474
77.55607	0	0.811474
77.565386	0	0.811474
77.574702	0	0.811474
77.584018	0	0.811474
77.593334	0	0.811474
77.60265	0	0.811474
77.611966	0	0.811474
77.621282	0	0.811474
77.630598	0	0.811474
77.639914	0	0.811474
77.64923	0	0.811474
77.658546	0	0.811474
77.667862	0	0.811474
77.677178	0	0.811474
77.686494	0	0.811474
77.69581	0	0.811474
77.705126	0	0.811474
77.714442	0	0.811474
77.723758	0	0.811474
77.733074	0	0.811474
77.742391	0	0.811474
77.751707	0	0.811474
77.761023	0	0.811474
77.770339	0	0.811474
77.779655	0	0.811474
77.788971	0	0.811474
77.798287	0	0.811474
77.807603	0	0.811474
77.816919	0	0.811474
77.826235	0	0.811474
77.835551	0	0.811474
77.844867	0	0.811474
77.854183	0	0.811474
77.863499	0	0.811474
77.872815	0	0.811474
77.882131	0	0.811474
77.891447	0	0.811474
77.900763	0	0.811474
77.910079	0	0.811474
77.919395	0	0.811474
77.928711	0	0.811474
77.938027	0	0.811474
77.947344	0	0.811474
77.95666	0	0.811474
77.965976	0	0.811474
77.975292	0	0.811474
77.984608	0	0.811474
77.993924	0	0.811474
78.00324	0	0.811474
78.012556	0	0.811474
78.021872	0	0.811474
78.031188	0	0.811474
78.040504	0	0.811474
78.04982	0	0.811474
78.059136	0	0.811474
78.068452	0	0.811474
78.077768	0	0.811474
78.087084	0	0.811474
78.0964	0	0.811474
78.105716	0	0.811474
78.115032	0	0.811474
78.124348	0	0.811474
78.133664	0	0.811474
78.14298	0	0.811474
78.152296	0	0.811474
78.161613	0	0.811474
78.170929	0	0.811474
78.180245	0	0.811474
78.189561	0	0.811474
78.198877	0	0.811474
78.208193	0	0.811474
78.217509	0	0.811474
78.226825	0	0.811474
78.236141	0	0.811474
78.245457	0	0.811474
78.254773	0	0.811474
78.264089	0	0.811474
78.273405	0	0.811474
78.282721	0	0.811474
78.292037	0	0.811474
78.301353	0	0.811474
78.310669	0	0.811474
78.319985	0	0.811474
78.329301	0	0.811474
78.338617	0	0.811474
78.347933	0	0.811474
78.357249	0	0.811474
78.366566	0	0.811474
78.375882	0	0.811474
78.385198	0	0.811474
78.394514	0	0.811474
78.40383	0	0.811474
78.413146	0	0.811474
78.422462	0	0.811474
78.431778	0	0.811474
78.441094	0	0.811474
78.45041	0	0.811474
78.459726	0	0.811474
78.469042	0	0.811474
78.478358	0	0.811474
78.487674	0	0.811474
78.49699	0	0.811474
78.506306	0	0.811474
78.515622	0	0.811474
78.524938	0	0.811474
78.534254	0	0.811474
78.54357	0	0.811474
78.552886	0	0.811474
78.562202	0	0.811474
78.571518	0	0.811474
78.580835	0	0.811474
78.590151	0	0.811474
78.599467	0	0.811474
78.608783	0	0.811474
78.618099	0	0.811474
78.627415	0	0.811474
78.636731	0	0.811474
78.646047	0	0.811474
78.655363	0	0.811474
78.664679	0	0.811474
78.673995	0	0.811474
78.683311	0	0.811474
78.692627	0	0.811474
78.701943	0	0.811474
78.711259	0	0.811474
78.720575	0	0.811474
78.729891	0	0.811474
78.739207	0	0.811474
78.748523	0	0.811474
78.757839	0	0.811474
78.767155	0	0.811474
78.776471	0	0.811474
78.785787	0	0.811474
78.795104	0	0.811474
78.80442	0	0.811474
78.813736	0	0.811474
78.823052	0	0.811474
78.832368	0	0.811474
78.841684	0	0.811474
78.851	0	0.811474
78.860316	0	0.811474
78.869632	0	0.811474
78.878948	0	0.811474
78.888264	0	0.811474
78.89758	0	0.811474
78.906896	0	0.811474
78.916212	0	0.811474
78.925528	0	0.811474
78.934844	0	0.811474
78.94416	0	0.811474
78.953476	0	0.811474
78.962792	0	0.811474
78.972108	0	0.811474
78.981424	0	0.811474
78.99074	0	0.811474
79.000057	0	0.811474
79.009373	0	0.811474
79.018689	0	0.811474
79.028005	0	0.811474
79.037321	0	0.811474
79.046637	0	0.811474
79.055953	0	0.811474
79.065269	0	0.811474
79.074585	0	0.811474
79.083901	0	0.811474
79.093217	0	0.811474
79.102533	0	0.811474
79.111849	0	0.811474
79.121165	0	0.811474
79.130481	0	0.811474
79.139797	0	0.811474
79.149113	0	0.811474
79.158429	0	0.811474
79.167745	0	0.811474
79.177061	0	0.811474
79.186377	0	0.811474
79.195693	0	0.811474
79.205009	0	0.811474
79.214326	0	0.811474
79.223642	0	0.811474
79.232958	0	0.811474
79.242274	0	0.811474
79.25159	0	0.811474
79.260906	0	0.811474
79.270222	0	0.811474
79.279538	0	0.811474
79.288854	0	0.811474
79.29817	0	0.811474
79.307486	0	0.811474
79.316802	0	0.811474
79.326118	0	0.811474
79.335434	0	0.811474
79.34475	0	0.811474
79.354066	0	0.811474
79.363382	0	0.811474
79.372698	0	0.811474
79.382014	0	0.811474
79.39133	0	0.811474
79.400646	0	0.811474
79.409962	0	0.811474
79.419279	0	0.811474
79.428595	0	0.811474
79.437911	0	0.811474
79.447227	0	0.811474
79.456543	0	0.811474
79.465859	0	0.811474
79.475175	0	0.811474
79.484491	0	0.811474
79.493807	0	0.811474
79.503123	0	0.811474
79.512439	0	0.811474
79.521755	0	0.811474
79.531071	0	0.811474
79.540387	0	0.811474
79.549703	0	0.811474
79.559019	0	0.811474
79.568335	0	0.811474
79.577651	0	0.811474
79.586967	0	0.811474
79.596283	0	0.811474
79.605599	0	0.811474
79.614915	0	0.811474
79.624231	0	0.811474
79.633548	0	0.811474
79.642864	0	0.811474
79.65218	0	0.811474
79.661496	0	0.811474
79.670812	0	0.811474
79.680128	0	0.811474
79.689444	0	0.811474
79.69876	0	0.811474
79.708076	0	0.811474
79.717392	0	0.811474
79.726708	0	0.811474
79.736024	0	0.811474
79.74534	0	0.811474
79.754656	0	0.811474
79.763972	0	0.811474
79.773288	0	0.811474
79.782604	0	0.811474
79.79192	0	0.811474
79.801236	0	0.811474
79.810552	0	0.811474
79.819868	0	0.811474
79.829184	0	0.811474
79.838501	0	0.811474
79.847817	0	0.811474
79.857133	0	0.811474
79.866449	0	0.811474
79.875765	0	0.811474
79.885081	0	0.811474
79.894397	0	0.811474
79.903713	0	0.811474
79.913029	0	0.811474
79.922345	0	0.811474
79.931661	0	0.811474
79.940977	0	0.811474
79.950293	0	0.811474
79.959609	0	0.811474
79.968925	0	0.811474
79.978241	0	0.811474
79.987557	0	0.811474
79.996873	0	0.811474
80.006189	0	0.811474
80.015505	0	0.811474
80.024821	0	0.811474
80.034137	0	0.811474
80.043453	0	0.811474
80.05277	0	0.811474
80.062086	0	0.811474
80.071402	0	0.811474
80.080718	0	0.811474
80.090034	0	0.811474
80.09935	0	0.811474
80.108666	0	0.811474
80.117982	0	0.811474
80.127298	0	0.811474
80.136614	0	0.811474
80.14593	0	0.811474
80.155246	0	0.811474
80.164562	0	0.811474
80.173878	0	0.811474
80.183194	0	0.811474
80.19251	0	0.811474
80.201826	0	0.811474
80.211142	0	0.811474
80.220458	0	0.811474
80.229774	0	0.811474
80.23909	0	0.811474
80.248406	0	0.811474
80.257723	0	0.811474
80.267039	0	0.811474
80.276355	0	0.811474
80.285671	0	0.811474
80.294987	0	0.811474
80.304303	0	0.811474
80.313619	0	0.811474
80.322935	0	0.811474
80.332251	0	0.811474
80.341567	0	0.811474
80.350883	0	0.811474
80.360199	0	0.811474
80.369515	0	0.811474
80.378831	0	0.811474
80.388147	0	0.811474
80.397463	0	0.811474
80.406779	0	0.811474
80.416095	0	0.811474
80.425411	0	0.811474
80.434727	0	0.811474
80.444043	0	0.811474
80.453359	0	0.811474
80.462675	0	0.811474
80.471992	0	0.811474
80.481308	0	0.811474
80.490624	0	0.811474
80.49994	0	0.811474
80.509256	0	0.811474
80.518572	0	0.811474
80.527888	0	0.811474
80.537204	0	0.811474
80.54652	0	0.811474
80.555836	0	0.811474
80.565152	0	0.811474
80.574468	0	0.811474
80.583784	0	0.811474
80.5931	0	0.811474
80.602416	0	0.811474
80.611732	0	0.811474
80.621048	0	0.811474
80.630364	0	0.811474
80.63968	0	0.811474
80.648996	0	0.811474
80.658312	0	0.811474
80.667628	0	0.811474
80.676945	0	0.811474
80.686261	0	0.811474
80.695577	0	0.811474
80.704893	0	0.811474
80.714209	0	0.811474
80.723525	0	0.811474
80.732841	0	0.811474
80.742157	0	0.811474
80.751473	0	0.811474
80.760789	0	0.811474
80.770105	0	0.811474
80.779421	0	0.811474
80.788737	0	0.811474
80.798053	0	0.811474
80.807369	0	0.811474
80.816685	0	0.811474
80.826001	0	0.811474
80.835317	0	0.811474
80.844633	0	0.811474
80.853949	0	0.811474
80.863265	0	0.811474
80.872581	0	0.811474
80.881897	0	0.811474
80.891214	0	0.811474
80.90053	0	0.811474
80.909846	0	0.811474
80.919162	0	0.811474
80.928478	0	0.811474
80.937794	0	0.811474
80.94711	0	0.811474
80.956426	0	0.811474
80.965742	0	0.811474
80.975058	0	0.811474
80.984374	0	0.811474
80.99369	0	0.811474
81.003006	0	0.811474
81.012322	0	0.811474
81.021638	0	0.811474
81.030954	0	0.811474
81.04027	0	0.811474
81.049586	0	0.811474
81.058902	0	0.811474
81.068218	0	0.811474
81.077534	0	0.811474
81.08685	0	0.811474
81.096167	0	0.811474
81.105483	0	0.811474
81.114799	0	0.811474
81.124115	0	0.811474
81.133431	0	0.811474
81.142747	0	0.811474
81.152063	0	0.811474
81.161379	0	0.811474
81.170695	0	0.811474
81.180011	0	0.811474
81.189327	0	0.811474
81.198643	0	0.811474
81.207959	0	0.811474
81.217275	0	0.811474
81.226591	0	0.811474
81.235907	0	0.811474
81.245223	0	0.811474
81.254539	0	0.811474
81.263855	0	0.811474
81.273171	0	0.811474
81.282487	0	0.811474
81.291803	0	0.811474
81.301119	0	0.811474
81.310436	0	0.811474
81.319752	0	0.811474
81.329068	0	0.811474
81.338384	0	0.811474
81.3477	0	0.811474
81.357016	0	0.811474
81.366332	0	0.811474
81.375648	0	0.811474
81.384964	0	0.811474
81.39428	0	0.811474
81.403596	0	0.811474
81.412912	0	0.811474
81.422228	0	0.811474
81.431544	0	0.811474
81.44086	0	0.811474
81.450176	0	0.811474
81.459492	0	0.811474
81.468808	0	0.811474
81.478124	0	0.811474
81.48744	0	0.811474
81.496756	0	0.811474
81.506072	0	0.811474
81.515389	0	0.811474
81.524705	0	0.811474
81.534021	0	0.811474
81.543337	0	0.811474
81.552653	0	0.811474
81.561969	0	0.811474
81.571285	0	0.811474
81.580601	0	0.811474
81.589917	0	0.811474
81.599233	0	0.811474
81.608549	0	0.811474
81.617865	0	0.811474
81.627181	0	0.811474
81.636497	0	0.811474
81.645813	0	0.811474
81.655129	0	0.811474
81.664445	0	0.811474
81.673761	0	0.811474
81.683077	0	0.811474
81.692393	0	0.811474
81.701709	0	0.811474
81.711025	0	0.811474
81.720341	0	0.811474
81.729658	0	0.811474
81.738974	0	0.811474
81.74829	0	0.811474
81.757606	0	0.811474
81.766922	0	0.811474
81.776238	0	0.811474
81.785554	0	0.811474
81.79487	0	0.811474
81.804186	0	0.811474
81.813502	0	0.811474
81.822818	0	0.811474
81.832134	0	0.811474
81.84145	0	0.811474
81.850766	0	0.811474
81.860082	0	0.811474
81.869398	0	0.811474
81.878714	0	0.811474
81.88803	0	0.811474
81.897346	0	0.811474
81.906662	0	0.811474
81.915978	0	0.811474
81.925294	0	0.811474
81.934611	0	0.811474
81.943927	0	0.811474
81.953243	0	0.811474
81.962559	0	0.811474
81.971875	0	0.811474
81.981191	0	0.811474
81.990507	0	0.811474
81.999823	0	0.811474
82.009139	0	0.811474
82.018455	0	0.811474
82.027771	0	0.811474
82.037087	0	0.811474
82.046403	0	0.811474
82.055719	0	0.811474
82.065035	0	0.811474
82.074351	0	0.811474
82.083667	0	0.811474
82.092983	0	0.811474
82.102299	0	0.811474
82.111615	0	0.811474
82.120931	0	0.811474
82.130247	0	0.811474
82.139563	0	0.811474
82.14888	0	0.811474
82.158196	0	0.811474
82.167512	0	0.811474
82.176828	0	0.811474
82.186144	0	0.811474
82.19546	0	0.811474
82.204776	0	0.811474
82.214092	0	0.811474
82.223408	0	0.811474
82.232724	0	0.811474
82.24204	0	0.811474
82.251356	0	0.811474
82.260672	0	0.811474
82.269988	0	0.811474
82.279304	0	0.811474
82.28862	0	0.811474
82.297936	0	0.811474
82.307252	0	0.811474
82.316568	0	0.811474
82.325884	0	0.811474
82.3352	0	0.811474
82.344516	0	0.811474
82.353832	0	0.811474
82.363149	0	0.811474
82.372465	0	0.811474
82.381781	0	0.811474
82.391097	0	0.811474
82.400413	0	0.811474
82.409729	0	0.811474
82.419045	0	0.811474
82.428361	0	0.811474
82.437677	0	0.811474
82.446993	0	0.811474
82.456309	0	0.811474
82.465625	0	0.811474
82.474941	0	0.811474
82.484257	0	0.811474
82.493573	0	0.811474
82.502889	0	0.811474
82.512205	0	0.811474
82.521521	0	0.811474
82.530837	0	0.811474
82.540153	0	0.811474
82.549469	0	0.811474
82.558785	0	0.811474
82.568102	0	0.811474
82.577418	0	0.811474
82.586734	0	0.811474
82.59605	0	0.811474
82.605366	0	0.811474
82.614682	0	0.811474
82.623998	0	0.811474
82.633314	0	0.811474
82.64263	0	0.811474
82.651946	0	0.811474
82.661262	0	0.811474
82.670578	0	0.811474
82.679894	0	0.811474
82.68921	0	0.811474
82.698526	0	0.811474
82.707842	0	0.811474
82.717158	0	0.811474
82.726474	0	0.811474
82.73579	0	0.811474
82.745106	0	0.811474
82.754422	0	0.811474
82.763738	0	0.811474
82.773054	0	0.811474
82.782371	0	0.811474
82.791687	0	0.811474
82.801003	0	0.811474
82.810319	0	0.811474
82.819635	0	0.811474
82.828951	0	0.811474
82.838267	0	0.811474
82.847583	0	0.811474
82.856899	0	0.811474
82.866215	0	0.811474
82.875531	0	0.811474
82.884847	0	0.811474
82.894163	0	0.811474
82.903479	0	0.811474
82.912795	0	0.811474
82.922111	0	0.811474
82.931427	0	0.811474
82.940743	0	0.811474
82.950059	0	0.811474
82.959375	0	0.811474
82.968691	0	0.811474
82.978007	0	0.811474
82.987324	0	0.811474
82.99664	0	0.811474
83.005956	0	0.811474
83.015272	0	0.811474
83.024588	0	0.811474
83.033904	0	0.811474
83.04322	0	0.811474
83.052536	0	0.811474
83.061852	0	0.811474
83.071168	0	0.811474
83.080484	0	0.811474
83.0898	0	0.811474
83.099116	0	0.811474
83.108432	0	0.811474
83.117748	0	0.811474
83.127064	0	0.811474
83.13638	0	0.811474
83.145696	0	0.811474
83.155012	0	0.811474
83.164328	0	0.811474
83.173644	0	0.811474
83.18296	0	0.811474
83.192276	0	0.811474
83.201593	0	0.811474
83.210909	0	0.811474
83.220225	0	0.811474
83.229541	0	0.811474
83.238857	0	0.811474
83.248173	0	0.811474
83.257489	0	0.811474
83.266805	0	0.811474
83.276121	0	0.811474
83.285437	0	0.811474
83.294753	0	0.811474
83.304069	0	0.811474
83.313385	0	0.811474
83.322701	0	0.811474
83.332017	0	0.811474
83.341333	0	0.811474
83.350649	0	0.811474
83.359965	0	0.811474
83.369281	0	0.811474
83.378597	0	0.811474
83.387913	0	0.811474
83.397229	0	0.811474
83.406546	0	0.811474
83.415862	0	0.811474
83.425178	0	0.811474
83.434494	0	0.811474
83.44381	0	0.811474
83.453126	0	0.811474
83.462442	0	0.811474
83.471758	0	0.811474
83.481074	0	0.811474
83.49039	0	0.811474
83.499706	0	0.811474
83.509022	0	0.811474
83.518338	0	0.811474
83.527654	0	0.811474
83.53697	0	0.811474
83.546286	0	0.811474
83.555602	0	0.811474
83.564918	0	0.811474
83.574234	0	0.811474
83.58355	0	0.811474
83.592866	0	0.811474
83.602182	0	0.811474
83.611498	0	0.811474
83.620815	0	0.811474
83.630131	0	0.811474
83.639447	0	0.811474
83.648763	0	0.811474
83.658079	0	0.811474
83.667395	0	0.811474
83.676711	0	0.811474
83.686027	0	0.811474
83.695343	0	0.811474
83.704659	0	0.811474
83.713975	0	0.811474
83.723291	0	0.811474
83.732607	0	0.811474
83.741923	0	0.811474
83.751239	0	0.811474
83.760555	0	0.811474
83.769871	0	0.811474
83.779187	0	0.811474
83.788503	0	0.811474
83.797819	0	0.811474
83.807135	0	0.811474
83.816451	0	0.811474
83.825768	0	0.811474
83.835084	0	0.811474
83.8444	0	0.811474
83.853716	0	0.811474
83.863032	0	0.811474
83.872348	0	0.811474
83.881664	0	0.811474
83.89098	0	0.811474
83.900296	0	0.811474
83.909612	0	0.811474
83.918928	0	0.811474
83.928244	0	0.811474
83.93756	0	0.811474
83.946876	0	0.811474
83.956192	0	0.811474
83.965508	0	0.811474
83.974824	0	0.811474
83.98414	0	0.811474
83.993456	0	0.811474
84.002772	0	0.811474
84.012088	0	0.811474
84.021404	0	0.811474
84.03072	0	0.811474
84.040037	0	0.811474
84.049353	0	0.811474
84.058669	0	0.811474
84.067985	0	0.811474
84.077301	0	0.811474
84.086617	0	0.811474
84.095933	0	0.811474
84.105249	0	0.811474
84.114565	0	0.811474
84.123881	0	0.811474
84.133197	0	0.811474
84.142513	0	0.811474
84.151829	0	0.811474
84.161145	0	0.811474
84.170461	0	0.811474
84.179777	0	0.811474
84.189093	0	0.811474
84.198409	0	0.811474
84.207725	0	0.811474
84.217041	0	0.811474
84.226357	0	0.811474
84.235673	0	0.811474
84.24499	0	0.811474
84.254306	0	0.811474
84.263622	0	0.811474
84.272938	0	0.811474
84.282254	0	0.811474
84.29157	0	0.811474
84.300886	0	0.811474
84.310202	0	0.811474
84.319518	0	0.811474
84.328834	0	0.811474
84.33815	0	0.811474
84.347466	0	0.811474
84.356782	0	0.811474
84.366098	0	0.811474
84.375414	0	0.811474
84.38473	0	0.811474
84.394046	0	0.811474
84.403362	0	0.811474
84.412678	0	0.811474
84.421994	0	0.811474
84.43131	0	0.811474
84.440626	0	0.811474
84.449942	0	0.811474
84.459259	0	0.811474
84.468575	0	0.811474
84.477891	0	0.811474
84.487207	0	0.811474
84.496523	0	0.811474
84.505839	0	0.811474
84.515155	0	0.811474
84.524471	0	0.811474
84.533787	0	0.811474
84.543103	0	0.811474
84.552419	0	0.811474
84.561735	0	0.811474
84.571051	0	0.811474
84.580367	0	0.811474
84.589683	0	0.811474
84.598999	0	0.811474
84.608315	0	0.811474
84.617631	0	0.811474
84.626947	0	0.811474
84.636263	0	0.811474
84.645579	0	0.811474
84.654895	0	0.811474
84.664212	0	0.811474
84.673528	0	0.811474
84.682844	0	0.811474
84.69216	0	0.811474
84.701476	0	0.811474
84.710792	0	0.811474
84.720108	0	0.811474
84.729424	0	0.811474
84.73874	0	0.811474
84.748056	0	0.811474
84.757372	0	0.811474
84.766688	0	0.811474
84.776004	0	0.811474
84.78532	0	0.811474
84.794636	0	0.811474
84.803952	0	0.811474
84.813268	0	0.811474
84.822584	0	0.811474
84.8319	0	0.811474
84.841216	0	0.811474
84.850532	0	0.811474
84.859848	0	0.811474
84.869164	0	0.811474
84.878481	0	0.811474
84.887797	0	0.811474
84.897113	0	0.811474
84.906429	0	0.811474
84.915745	0	0.811474
84.925061	0	0.811474
84.934377	0	0.811474
84.943693	0	0.811474
84.953009	0	0.811474
84.962325	0	0.811474
84.971641	0	0.811474
84.980957	0	0.811474
84.990273	0	0.811474
84.999589	0	0.811474
85.008905	0	0.811474
85.018221	0	0.811474
85.027537	0	0.811474
85.036853	0	0.811474
85.046169	0	0.811474
85.055485	0	0.811474
85.064801	0	0.811474
85.074117	0	0.811474
85.083434	0	0.811474
85.09275	0	0.811474
85.102066	0	0.811474
85.111382	0	0.811474
85.120698	0	0.811474
85.130014	0	0.811474
85.13933	0	0.811474
85.148646	0	0.811474
85.157962	0	0.811474
85.167278	0	0.811474
85.176594	0	0.811474
85.18591	0	0.811474
85.195226	0	0.811474
85.204542	0	0.811474
85.213858	0	0.811474
85.223174	0	0.811474
85.23249	0	0.811474
85.241806	0	0.811474
85.251122	0	0.811474
85.260438	0	0.811474
85.269754	0	0.811474
85.27907	0	0.811474
85.288386	0	0.811474
85.297703	0	0.811474
85.307019	0	0.811474
85.316335	0	0.811474
85.325651	0	0.811474
85.334967	0	0.811474
85.344283	0	0.811474
85.353599	0	0.811474
85.362915	0	0.811474
85.372231	0	0.811474
85.381547	0	0.811474
85.390863	0	0.811474
85.400179	0	0.811474
85.409495	0	0.811474
85.418811	0	0.811474
85.428127	0	0.811474
85.437443	0	0.811474
85.446759	0	0.811474
85.456075	0	0.811474
85.465391	0	0.811474
85.474707	0	0.811474
85.484023	0	0.811474
85.493339	0	0.811474
85.502655	0	0.811474
85.511972	0	0.811474
85.521288	0	0.811474
85.530604	0	0.811474
85.53992	0	0.811474
85.549236	0	0.811474
85.558552	0	0.811474
85.567868	0	0.811474
85.577184	0	0.811474
85.5865	0	0.811474
85.595816	0	0.811474
85.605132	0	0.811474
85.614448	0	0.811474
85.623764	0	0.811474
85.63308	0	0.811474
85.642396	0	0.811474
85.651712	0	0.811474
85.661028	0	0.811474
85.670344	0	0.811474
85.67966	0	0.811474
85.688976	0	0.811474
85.698292	0	0.811474
85.707608	0	0.811474
85.716925	0	0.811474
85.726241	0	0.811474
85.735557	0	0.811474
85.744873	0	0.811474
85.754189	0	0.811474
85.763505	0	0.811474
85.772821	0	0.811474
85.782137	0	0.811474
85.791453	0	0.811474
85.800769	0	0.811474
85.810085	0	0.811474
85.819401	0	0.811474
85.828717	0	0.811474
85.838033	0	0.811474
85.847349	0	0.811474
85.856665	0	0.811474
85.865981	0	0.811474
85.875297	0	0.811474
85.884613	0	0.811474
85.893929	0	0.811474
85.903245	0	0.811474
85.912561	0	0.811474
85.921877	0	0.811474
85.931194	0	0.811474
85.94051	0	0.811474
85.949826	0	0.811474
85.959142	0	0.811474
85.968458	0	0.811474
85.977774	0	0.811474
85.98709	0	0.811474
85.996406	0	0.811474
86.005722	0	0.811474
86.015038	0	0.811474
86.024354	0	0.811474
86.03367	0	0.811474
86.042986	0	0.811474
86.052302	0	0.811474
86.061618	0	0.811474
86.070934	0	0.811474
86.08025	0	0.811474
86.089566	0	0.811474
86.098882	0	0.811474
86.108198	0	0.811474
86.117514	0	0.811474
86.12683	0	0.811474
86.136147	0	0.811474
86.145463	0	0.811474
86.154779	0	0.811474
86.164095	0	0.811474
86.173411	0	0.811474
86.182727	0	0.811474
86.192043	0	0.811474
86.201359	0	0.811474
86.210675	0	0.811474
86.219991	0	0.811474
86.229307	0	0.811474
86.238623	0	0.811474
86.247939	0	0.811474
86.257255	0	0.811474
86.266571	0	0.811474
86.275887	0	0.811474
86.285203	0	0.811474
86.294519	0	0.811474
86.303835	0	0.811474
86.313151	0	0.811474
86.322467	0	0.811474
86.331783	0	0.811474
86.341099	0	0.811474
86.350416	0	0.811474
86.359732	0	0.811474
86.369048	0	0.811474
86.378364	0	0.811474
86.38768	0	0.811474
86.396996	0	0.811474
86.406312	0	0.811474
86.415628	0	0.811474
86.424944	0	0.811474
86.43426	0	0.811474
86.443576	0	0.811474
86.452892	0	0.811474
86.462208	0	0.811474
86.471524	0	0.811474
86.48084	0	0.811474
86.490156	0	0.811474
86.499472	0	0.811474
86.508788	0	0.811474
86.518104	0	0.811474
86.52742	0	0.811474
86.536736	0	0.811474
86.546052	0	0.811474
86.555369	0	0.811474
86.564685	0	0.811474
86.574001	0	0.811474
86.583317	0	0.811474
86.592633	0	0.811474
86.601949	0	0.811474
86.611265	0	0.811474
86.620581	0	0.811474
86.629897	0	0.811474
86.639213	0	0.811474
86.648529	0	0.811474
86.657845	0	0.811474
86.667161	0	0.811474
86.676477	0	0.811474
86.685793	0	0.811474
86.695109	0	0.811474
86.704425	0	0.811474
86.713741	0	0.811474
86.723057	0	0.811474
86.732373	0	0.811474
86.741689	0	0.811474
86.751005	0	0.811474
86.760321	0	0.811474
86.769638	0	0.811474
86.778954	0	0.811474
86.78827	0	0.811474
86.797586	0	0.811474
86.806902	0	0.811474
86.816218	0	0.811474
86.825534	0	0.811474
86.83485	0	0.811474
86.844166	0	0.811474
86.853482	0	0.811474
86.862798	0	0.811474
86.872114	0	0.811474
86.88143	0	0.811474
86.890746	0	0.811474
86.900062	0	0.811474
86.909378	0	0.811474
86.918694	0	0.811474
86.92801	0	0.811474
86.937326	0	0.811474
86.946642	0	0.811474
86.955958	0	0.811474
86.965274	0	0.811474
86.974591	0	0.811474
86.983907	0	0.811474
86.993223	0	0.811474
87.002539	0	0.811474
87.011855	0	0.811474
87.021171	0	0.811474
87.030487	0	0.811474
87.039803	0	0.811474
87.049119	0	0.811474
87.058435	0	0.811474
87.067751	0	0.811474
87.077067	0	0.811474
87.086383	0	0.811474
87.095699	0	0.811474
87.105015	0	0.811474
87.114331	0	0.811474
87.123647	0	0.811474
87.132963	0	0.811474
87.142279	0	0.811474
87.151595	0	0.811474
87.160911	0	0.811474
87.170227	0	0.811474
87.179543	0	0.811474
87.18886	0	0.811474
87.198176	0	0.811474
87.207492	0	0.811474
87.216808	0	0.811474
87.226124	0	0.811474
87.23544	0	0.811474
87.244756	0	0.811474
87.254072	0	0.811474
87.263388	0	0.811474
87.272704	0	0.811474
87.28202	0	0.811474
87.291336	0	0.811474
87.300652	0	0.811474
87.309968	0	0.811474
87.319284	0	0.811474
87.3286	0	0.811474
87.337916	0	0.811474
87.347232	0	0.811474
87.356548	0	0.811474
87.365864	0	0.811474
87.37518	0	0.811474
87.384496	0	0.811474
87.393813	0	0.811474
87.403129	0	0.811474
87.412445	0	0.811474
87.421761	0	0.811474
87.431077	0	0.811474
87.440393	0	0.811474
87.449709	0	0.811474
87.459025	0	0.811474
87.468341	0	0.811474
87.477657	0	0.811474
87.486973	0	0.811474
87.496289	0	0.811474
87.505605	0	0.811474
87.514921	0	0.811474
87.524237	0	0.811474
87.533553	0	0.811474
87.542869	0	0.811474
87.552185	0	0.811474
87.561501	0	0.811474
87.570817	0	0.811474
87.580133	0	0.811474
87.589449	0	0.811474
87.598765	0	0.811474
87.608082	0	0.811474
87.617398	0	0.811474
87.626714	0	0.811474
87.63603	0	0.811474
87.645346	0	0.811474
87.654662	0	0.811474
87.663978	0	0.811474
87.673294	0	0.811474
87.68261	0	0.811474
87.691926	0	0.811474
87.701242	0	0.811474
87.710558	0	0.811474
87.719874	0	0.811474
87.72919	0	0.811474
87.738506	0	0.811474
87.747822	0	0.811474
87.757138	0	0.811474
87.766454	0	0.811474
87.77577	0	0.811474
87.785086	0	0.811474
87.794402	0	0.811474
87.803718	0	0.811474
87.813035	0	0.811474
87.822351	0	0.811474
87.831667	0	0.811474
87.840983	0	0.811474
87.850299	0	0.811474
87.859615	0	0.811474
87.868931	0	0.811474
87.878247	0	0.811474
87.887563	0	0.811474
87.896879	0	0.811474
87.906195	0	0.811474
87.915511	0	0.811474
87.924827	0	0.811474
87.934143	0	0.811474
87.943459	0	0.811474
87.952775	0	0.811474
87.962091	0	0.811474
87.971407	0	0.811474
87.980723	0	0.811474
87.990039	0	0.811474
87.999355	0	0.811474
88.008671	0	0.811474
88.017987	0	0.811474
88.027304	0	0.811474
88.03662	0	0.811474
88.045936	0	0.811474
88.055252	0	0.811474
88.064568	0	0.811474
88.073884	0	0.811474
88.0832	0	0.811474
88.092516	0	0.811474
88.101832	0	0.811474
88.111148	0	0.811474
88.120464	0	0.811474
88.12978	0	0.811474
88.139096	0	0.811474
88.148412	0	0.811474
88.157728	0	0.811474
88.167044	0	0.811474
88.17636	0	0.811474
88.185676	0	0.811474
88.194992	0	0.811474
88.204308	0	0.811474
88.213624	0	0.811474
88.22294	0	0.811474
88.232257	0	0.811474
88.241573	0	0.811474
88.250889	0	0.811474
88.260205	0	0.811474
88.269521	0	0.811474
88.278837	0	0.811474
88.288153	0	0.811474
88.297469	0	0.811474
88.306785	0	0.811474
88.316101	0	0.811474
88.325417	0	0.811474
88.334733	0	0.811474
88.344049	0	0.811474
88.353365	0	0.811474
88.362681	0	0.811474
88.371997	0	0.811474
88.381313	0	0.811474
88.390629	0	0.811474
88.399945	0	0.811474
88.409261	0	0.811474
88.418577	0	0.811474
88.427893	0	0.811474
88.437209	0	0.811474
88.446526	0	0.811474
88.455842	0	0.811474
88.465158	0	0.811474
88.474474	0	0.811474
88.48379	0	0.811474
88.493106	0	0.811474
88.502422	0	0.811474
88.511738	0	0.811474
88.521054	0	0.811474
88.53037	0	0.811474
88.539686	0	0.811474
88.549002	0	0.811474
88.558318	0	0.811474
88.567634	0	0.811474
88.57695	0	0.811474
88.586266	0	0.811474
88.595582	0	0.811474
88.604898	0	0.811474
88.614214	0	0.811474
88.62353	0	0.811474
88.632846	0	0.811474
88.642162	0	0.811474
88.651479	0	0.811474
88.660795	0	0.811474
88.670111	0	0.811474
88.679427	0	0.811474
88.688743	0	0.811474
88.698059	0	0.811474
88.707375	0	0.811474
88.716691	0	0.811474
88.726007	0	0.811474
88.735323	0	0.811474
88.744639	0	0.811474
88.753955	0	0.811474
88.763271	0	0.811474
88.772587	0	0.811474
88.781903	0	0.811474
88.791219	0	0.811474
88.800535	0	0.811474
88.809851	0	0.811474
88.819167	0	0.811474
88.828483	0	0.811474
88.837799	0	0.811474
88.847115	0	0.811474
88.856431	0	0.811474
88.865748	0	0.811474
88.875064	0	0.811474
88.88438	0	0.811474
88.893696	0	0.811474
88.903012	0	0.811474
88.912328	0	0.811474
88.921644	0	0.811474
88.93096	0	0.811474
88.940276	0	0.811474
88.949592	0	0.811474
88.958908	0	0.811474
88.968224	0	0.811474
88.97754	0	0.811474
88.986856	0	0.811474
88.996172	0	0.811474
89.005488	0	0.811474
89.014804	0	0.811474
89.02412	0	0.811474
89.033436	0	0.811474
89.042752	0	0.811474
89.052068	0	0.811474
89.061384	0	0.811474
89.0707	0	0.811474
89.080017	0	0.811474
89.089333	0	0.811474
89.098649	0	0.811474
89.107965	0	0.811474
89.117281	0	0.811474
89.126597	0	0.811474
89.135913	0	0.811474
89.145229	0	0.811474
89.154545	0	0.811474
89.163861	0	0.811474
89.173177	0	0.811474
89.182493	0	0.811474
89.191809	0	0.811474
89.201125	0	0.811474
89.210441	0	0.811474
89.219757	0	0.811474
89.229073	0	0.811474
89.238389	0	0.811474
89.247705	0	0.811474
89.257021	0	0.811474
89.266337	0	0.811474
89.275653	0	0.811474
89.28497	0	0.811474
89.294286	0	0.811474
89.303602	0	0.811474
89.312918	0	0.811474
89.322234	0	0.811474
89.33155	0	0.811474
89.340866	0	0.811474
89.350182	0	0.811474
89.359498	0	0.811474
89.368814	0	0.811474
89.37813	0	0.811474
89.387446	0	0.811474
89.396762	0	0.811474
89.406078	0	0.811474
89.415394	0	0.811474
89.42471	0	0.811474
89.434026	0	0.811474
89.443342	0	0.811474
89.452658	0	0.811474
89.461974	0	0.811474
89.47129	0	0.811474
89.480606	0	0.811474
89.489922	0	0.811474
89.499239	0	0.811474
89.508555	0	0.811474
89.517871	0	0.811474
89.527187	0	0.811474
89.536503	0	0.811474
89.545819	0	0.811474
89.555135	0	0.811474
89.564451	0	0.811474
89.573767	0	0.811474
89.583083	0	0.811474
89.592399	0	0.811474
89.601715	0	0.811474
89.611031	0	0.811474
89.620347	0	0.811474
89.629663	0	0.811474
89.638979	0	0.811474
89.648295	0	0.811474
89.657611	0	0.811474
89.666927	0	0.811474
89.676243	0	0.811474
89.685559	0	0.811474
89.694875	0	0.811474
89.704192	0	0.811474
89.713508	0	0.811474
89.722824	0	0.811474
89.73214	0	0.811474
89.741456	0	0.811474
89.750772	0	0.811474
89.760088	0	0.811474
89.769404	0	0.811474
89.77872	0	0.811474
89.788036	0	0.811474
89.797352	0	0.811474
89.806668	0	0.811474
89.815984	0	0.811474
89.8253	0	0.811474
89.834616	0	0.811474
89.843932	0	0.811474
89.853248	0	0.811474
89.862564	0	0.811474
89.87188	0	0.811474
89.881196	0	0.811474
89.890512	0	0.811474
89.899828	0	0.811474
89.909144	0	0.811474
89.918461	0	0.811474
89.927777	0	0.811474
89.937093	0	0.811474
89.946409	0	0.811474
89.955725	0	0.811474
89.965041	0	0.811474
89.974357	0	0.811474
89.983673	0	0.811474
89.992989	0	0.811474
90.002305	0	0.811474
90.011621	0	0.811474
90.020937	0	0.811474
90.030253	0	0.811474
90.039569	0	0.811474
90.048885	0	0.811474
90.058201	0	0.811474
90.067517	0	0.811474
90.076833	0	0.811474
90.086149	0	0.811474
90.095465	0	0.811474
90.104781	0	0.811474
90.114097	0	0.811474
90.123414	0	0.811474
90.13273	0	0.811474
90.142046	0	0.811474
90.151362	0	0.811474
90.160678	0	0.811474
90.169994	0	0.811474
90.17931	0	0.811474
90.188626	0	0.811474
90.197942	0	0.811474
90.207258	0	0.811474
90.216574	0	0.811474
90.22589	0	0.811474
90.235206	0	0.811474
90.244522	0	0.811474
90.253838	0	0.811474
90.263154	0	0.811474
90.27247	0	0.811474
90.281786	0	0.811474
90.291102	0	0.811474
90.300418	0	0.811474
90.309734	0	0.811474
90.31905	0	0.811474
90.328366	0	0.811474
90.337683	0	0.811474
90.346999	0	0.811474
90.356315	0	0.811474
90.365631	0	0.811474
90.374947	0	0.811474
90.384263	0	0.811474
90.393579	0	0.811474
90.402895	0	0.811474
90.412211	0	0.811474
90.421527	0	0.811474
90.430843	0	0.811474
90.440159	0	0.811474
90.449475	0	0.811474
90.458791	0	0.811474
90.468107	0	0.811474
90.477423	0	0.811474
90.486739	0	0.811474
90.496055	0	0.811474
90.505371	0	0.811474
90.514687	0	0.811474
90.524003	0	0.811474
90.533319	0	0.811474
90.542636	0	0.811474
90.551952	0	0.811474
90.561268	0	0.811474
90.570584	0	0.811474
90.5799	0	0.811474
90.589216	0	0.811474
90.598532	0	0.811474
90.607848	0	0.811474
90.617164	0	0.811474
90.62648	0	0.811474
90.635796	0	0.811474
90.645112	0	0.811474
90.654428	0	0.811474
90.663744	0	0.811474
90.67306	0	0.811474
90.682376	0	0.811474
90.691692	0	0.811474
90.701008	0	0.811474
90.710324	0	0.811474
90.71964	0	0.811474
90.728956	0	0.811474
90.738272	0	0.811474
90.747588	0	0.811474
90.756905	0	0.811474
90.766221	0	0.811474
90.775537	0	0.811474
90.784853	0	0.811474
90.794169	0	0.811474
90.803485	0	0.811474
90.812801	0	0.811474
90.822117	0	0.811474
90.831433	0	0.811474
90.840749	0	0.811474
90.850065	0	0.811474
90.859381	0	0.811474
90.868697	0	0.811474
90.878013	0	0.811474
90.887329	0	0.811474
90.896645	0	0.811474
90.905961	0	0.811474
90.915277	0	0.811474
90.924593	0	0.811474
90.933909	0	0.811474
90.943225	0	0.811474
90.952541	0	0.811474
90.961858	0	0.811474
90.971174	0	0.811474
90.98049	0	0.811474
90.989806	0	0.811474
90.999122	0	0.811474
91.008438	0	0.811474
91.017754	0	0.811474
91.02707	0	0.811474
91.036386	0	0.811474
91.045702	0	0.811474
91.055018	0	0.811474
91.064334	0	0.811474
91.07365	0	0.811474
91.082966	0	0.811474
91.092282	0	0.811474
91.101598	0	0.811474
91.110914	0	0.811474
91.12023	0	0.811474
91.129546	0	0.811474
91.138862	0	0.811474
91.148178	0	0.811474
91.157494	0	0.811474
91.16681	0	0.811474
91.176127	0	0.811474
91.185443	0	0.811474
91.194759	0	0.811474
91.204075	0	0.811474
91.213391	0	0.811474
91.222707	0	0.811474
91.232023	0	0.811474
91.241339	0	0.811474
91.250655	0	0.811474
91.259971	0	0.811474
91.269287	0	0.811474
91.278603	0	0.811474
91.287919	0	0.811474
91.297235	0	0.811474
91.306551	0	0.811474
91.315867	0	0.811474
91.325183	0	0.811474
91.334499	0	0.811474
91.343815	0	0.811474
91.353131	0	0.811474
91.362447	0	0.811474
91.371763	0	0.811474
91.38108	0	0.811474
91.390396	0	0.811474
91.399712	0	0.811474
91.409028	0	0.811474
91.418344	0	0.811474
91.42766	0	0.811474
91.436976	0	0.811474
91.446292	0	0.811474
91.455608	0	0.811474
91.464924	0	0.811474
91.47424	0	0.811474
91.483556	0	0.811474
91.492872	0	0.811474
91.502188	0	0.811474
91.511504	0	0.811474
91.52082	0	0.811474
91.530136	0	0.811474
91.539452	0	0.811474
91.548768	0	0.811474
91.558084	0	0.811474
91.5674	0	0.811474
91.576716	0	0.811474
91.586032	0	0.811474
91.595349	0	0.811474
91.604665	0	0.811474
91.613981	0	0.811474
91.623297	0	0.811474
91.632613	0	0.811474
91.641929	0	0.811474
91.651245	0	0.811474
91.660561	0	0.811474
91.669877	0	0.811474
91.679193	0	0.811474
91.688509	0	0.811474
91.697825	0	0.811474
91.707141	0.116963038	0.811474
91.716457	0.674746102	0.812506667
91.725773	0.537508967	0.818464
91.735089	0	0.823209667
91.744405	0	0.823209667
91.753721	0	0.823209667
91.763037	0	0.823209667
91.772353	0	0.823209667
91.781669	0	0.823209667
91.790985	0	0.823209667
91.800302	0	0.823209667
91.809618	0	0.823209667
91.818934	0	0.823209667
91.82825	0	0.823209667
91.837566	0	0.823209667
91.846882	0	0.823209667
91.856198	0	0.823209667
91.865514	0	0.823209667
91.87483	0	0.823209667
91.884146	0.000377544	0.823209667
91.893462	0.556574924	0.823213
91.902778	0.63438668	0.828127
91.912094	0	0.833728
91.92141	0	0.833728
91.930726	0	0.833728
91.940042	0	0.833728
91.949358	0	0.833728
91.958674	0	0.833728
91.96799	0	0.833728
91.977306	0	0.833728
91.986622	0	0.833728
91.995938	0	0.833728
92.005254	0	0.833728
92.014571	0	0.833728
92.023887	0	0.833728
92.033203	0.017895571	0.833728
92.042519	0.167591649	0.833886
92.051835	0.127118964	0.835365667
92.061151	0	0.836488
92.070467	0	0.836488
92.079783	0	0.836488
92.089099	0	0.836488
92.098415	0	0.836488
92.107731	0	0.836488
92.117047	0	0.836488
92.126363	0.029486163	0.836488
92.135679	0.141088081	0.836748333
92.144995	0.243779968	0.837994
92.154311	0.029561672	0.840146333
92.163627	0	0.840407333
92.172943	0	0.840407333
92.182259	0	0.840407333
92.191575	0	0.840407333
92.200891	0	0.840407333
92.210207	0	0.840407333
92.219523	0	0.840407333
92.22884	0	0.840407333
92.238156	0	0.840407333
92.247472	0	0.840407333
92.256788	0	0.840407333
92.266104	0	0.840407333
92.27542	0	0.840407333
92.284736	0	0.840407333
92.294052	0	0.840407333
92.303368	0	0.840407333
92.312684	0	0.840407333
92.322	0	0.840407333
92.331316	0	0.840407333
92.340632	0	0.840407333
92.349948	0	0.840407333
92.359264	0	0.840407333
92.36858	0	0.840407333
92.377896	0	0.840407333
92.387212	0	0.840407333
92.396528	0	0.840407333
92.405844	0	0.840407333
92.41516	0	0.840407333
92.424476	0	0.840407333
92.433793	0	0.840407333
92.443109	0	0.840407333
92.452425	0	0.840407333
92.461741	0	0.840407333
92.471057	0	0.840407333
92.480373	0	0.840407333
92.489689	0	0.840407333
92.499005	0	0.840407333
92.508321	0	0.840407333
92.517637	0	0.840407333
92.526953	0	0.840407333
92.536269	0	0.840407333
92.545585	0	0.840407333
92.554901	0	0.840407333
92.564217	0	0.840407333
92.573533	0	0.840407333
92.582849	0	0.840407333
92.592165	0	0.840407333
92.601481	0	0.840407333
92.610797	0	0.840407333
92.620113	0	0.840407333
92.629429	0	0.840407333
92.638745	0	0.840407333
92.648062	0	0.840407333
92.657378	0	0.840407333
92.666694	0	0.840407333
92.67601	0	0.840407333
92.685326	0	0.840407333
92.694642	0	0.840407333
92.703958	0	0.840407333
92.713274	0	0.840407333
92.72259	0	0.840407333
92.731906	0	0.840407333
92.741222	0	0.840407333
92.750538	0	0.840407333
92.759854	0	0.840407333
92.76917	0	0.840407333
92.778486	0	0.840407333
92.787802	0	0.840407333
92.797118	0	0.840407333
92.806434	0	0.840407333
92.81575	0	0.840407333
92.825066	0	0.840407333
92.834382	0	0.840407333
92.843698	0	0.840407333
92.853015	0	0.840407333
92.862331	0	0.840407333
92.871647	0	0.840407333
92.880963	0	0.840407333
92.890279	0	0.840407333
92.899595	0	0.840407333
92.908911	0	0.840407333
92.918227	0	0.840407333
92.927543	0.192849322	0.840407333
92.936859	0.093895118	0.84211
92.946175	0.276664024	0.842939
92.955491	0.075093442	0.845381667
92.964807	0	0.846044667
92.974123	0	0.846044667
92.983439	0	0.846044667
92.992755	0	0.846044667
93.002071	0	0.846044667
93.011387	0	0.846044667
93.020703	0	0.846044667
93.030019	0	0.846044667
93.039335	0	0.846044667
93.048651	0	0.846044667
93.057967	0	0.846044667
93.067284	0	0.846044667
93.0766	0	0.846044667
93.085916	0	0.846044667
93.095232	0	0.846044667
93.104548	0	0.846044667
93.113864	0	0.846044667
93.12318	0	0.846044667
93.132496	0.050326575	0.846044667
93.141812	0.552535206	0.846489
93.151128	0	0.851367333
		
