Zn_X	Zn_Y	N1_N9_X	N1_N9_Y	N2_N10_X	N2_N10_Y	C4_X	C4_Y
0.005	7.3899e-06	0.005	1.58275e-06	0.005	1.5827e-06	0.005	1.357e-06
0.01	2.95578e-05	0.01	6.3288e-06	0.01	6.3287e-06	0.01	5.4253e-06
0.015	6.64951e-05	0.015	1.423375e-05	0.015	1.423325e-05	0.015	1.21998e-05
0.02	0.0001181931	0.02	2.529305e-05	0.02	2.529185e-05	0.02	2.16754e-05
0.025	0.00018464335	0.025	3.950225e-05	0.025	3.949995e-05	0.025	3.38471e-05
0.03	0.0002658372	0.03	5.68568e-05	0.03	5.685285e-05	0.03	4.87097e-05
0.035	0.00036176605	0.035	7.73524e-05	0.035	7.73461e-05	0.035	6.62583e-05
0.04	0.00047242125	0.04	0.0001009844	0.04	0.00010097505	0.04	8.64876e-05
0.045	0.00059779435	0.045	0.0001277484	0.045	0.00012773505	0.045	0.0001093926
0.05	0.0007378767	0.05	0.00015763995	0.05	0.00015762165	0.05	0.0001349683
0.055	0.0008926597	0.055	0.00019065455	0.055	0.0001906301	0.055	0.0001632095
0.06	0.0010621347	0.06	0.0002267877	0.06	0.000226756	0.06	0.0001941113
0.065	0.00124629325	0.065	0.00026603495	0.065	0.00026599465	0.065	0.0002276683
0.07	0.0014451266	0.07	0.0003083918	0.07	0.0003083414	0.07	0.0002638757
0.075	0.00165862625	0.075	0.0003538538	0.075	0.00035379185	0.075	0.0003027283
0.08	0.00188678365	0.08	0.0004024164	0.08	0.0004023413	0.08	0.0003442211
0.085	0.00212959015	0.085	0.00045407525	0.085	0.00045398515	0.085	0.0003883489
0.09	0.0023870371	0.09	0.00050882585	0.09	0.00050871885	0.09	0.0004351067
0.095	0.00265911605	0.095	0.00056666365	0.095	0.00056653775	0.095	0.0004844894
0.1	0.0029458183	0.1	0.0006275842	0.1	0.0006274374	0.1	0.0005364919
0.105	0.0032471353	0.105	0.00069158305	0.105	0.0006914131	0.105	0.0005911091
0.11	0.00356305845	0.11	0.0007586557	0.11	0.00075846035	0.11	0.0006483359
0.115	0.0038935792	0.115	0.00082879765	0.115	0.00082857445	0.115	0.0007081673
0.12	0.00423868895	0.12	0.00090200455	0.12	0.0009017509	0.12	0.0007705982
0.125	0.004598379	0.125	0.00097827175	0.125	0.00097798505	0.125	0.0008356235
0.13	0.00497264095	0.13	0.00105759485	0.13	0.00105727235	0.13	0.0009032381
0.135	0.0144458335	0.135	0.00306477655	0.135	0.00305445195	0.135	0.0026170357
0.14	0.0078469705	0.14	0.0016703352	0.14	0.00166316285	0.14	0.0014287559
0.145	0.00759616795	0.145	0.0016158801	0.145	0.00161111495	0.145	0.0013813397
0.15	0.0081504408	0.15	0.00173300185	0.15	0.00172786135	0.15	0.0014812853
0.155	0.0087009513	0.155	0.0018492987	0.155	0.0018436013	0.155	0.0015806003
0.16	0.0092476757	0.16	0.00196473985	0.16	0.00195833335	0.16	0.0016792388
0.165	0.0097905903	0.165	0.0020792942	0.165	0.0020720561	0.165	0.0017771547
0.17	0.01032967125	0.17	0.0021929309	0.17	0.0021847679	0.17	0.001874302
0.175	0.01086489485	0.175	0.002305619	0.175	0.0022964673	0.175	0.0019706346
0.18	0.01139623735	0.18	0.0024173277	0.18	0.0024071529	0.18	0.0020661066
0.185	0.01192367495	0.185	0.0025280259	0.185	0.00251682305	0.185	0.0021606718
0.19	0.0124471839	0.19	0.00263768275	0.19	0.0026254764	0.19	0.0022542843
0.195	0.01296674045	0.195	0.0027462674	0.195	0.0027331113	0.195	0.0023468981
0.2	0.01348232085	0.2	0.0028537488	0.2	0.0028397264	0.2	0.002438467
0.205	0.01399970945	0.205	0.0029613472	0.205	0.0029465652	0.205	0.0025300214
0.21	0.01455496555	0.21	0.00307682465	0.21	0.00306136285	0.21	0.0026282301
0.215	0.0151542129	0.215	0.0032015285	0.215	0.00318543935	0.215	0.0027342602
0.22	0.01579733585	0.22	0.0033354648	0.22	0.0033187775	0.22	0.0028481257
0.225	0.01648421845	0.225	0.0034786394	0.225	0.00346135985	0.225	0.0029698407
0.23	0.0172150226	0.23	0.0036311155	0.23	0.00361322625	0.23	0.0030994677
0.235	0.01800475655	0.235	0.00379602515	0.235	0.00377749165	0.235	0.003239662
0.24	0.0188616079	0.24	0.0039751257	0.24	0.0039559082	0.24	0.0033919193
0.245	0.01978497995	0.245	0.00416837045	0.245	0.00414842535	0.245	0.0035562113
0.25	0.02077427605	0.25	0.0043757126	0.25	0.0043549925	0.25	0.0037325099
0.255	0.02435884685	0.255	0.0051339808	0.255	0.0051158566	0.255	0.0043795082
0.26	0.02524722925	0.26	0.00531882745	0.26	0.0053014602	0.26	0.0045347719
0.265	0.02620507425	0.265	0.00551889635	0.265	0.00550140175	0.265	0.0047036957
0.27	0.02723205735	0.27	0.0057340598	0.27	0.00571571055	0.27	0.0048860623
0.275	0.028327854	0.275	0.00596418985	0.275	0.00594441575	0.275	0.0050816544
0.28	0.0294216459	0.28	0.00619406175	0.28	0.0061721647	0.28	0.0052774727
0.285	0.0303592677	0.285	0.006388744	0.285	0.00636371075	0.285	0.00544351
0.29	0.0314627808	0.29	0.00661482445	0.29	0.00658750605	0.29	0.005635415
0.295	0.0340815304	0.295	0.00716155005	0.295	0.00713505845	0.295	0.0060971834
0.3	0.0358851122	0.3	0.00754040635	0.3	0.00751460425	0.3	0.0064195737
0.305	0.03731076795	0.305	0.00783933205	0.305	0.00781353725	0.305	0.0066736476
0.31	0.0384786312	0.31	0.0080832764	0.31	0.00805773405	0.31	0.0068804451
0.315	0.03968592335	0.315	0.0083346555	0.315	0.00830959395	0.315	0.0070934891
0.32	0.04094506925	0.32	0.00859624645	0.32	0.0085718897	0.32	0.0073151881
0.325	0.04225511145	0.325	0.00886802445	0.325	0.0088446002	0.325	0.0075455433
0.33	0.04361509205	0.33	0.0091499648	0.33	0.00912770435	0.33	0.0077845558
0.335	0.0450240534	0.335	0.00944204275	0.335	0.00942118105	0.335	0.0080322267
0.34	0.04648103785	0.34	0.00974423355	0.34	0.00972500935	0.34	0.0082885572
0.345	0.0479852609	0.345	0.01005624915	0.345	0.01003885695	0.345	0.0085532678
0.35	0.04953624295	0.35	0.01037676145	0.35	0.01036118135	0.35	0.0088250077
0.355	0.0511324443	0.355	0.01070528345	0.355	0.01069145715	0.355	0.0091033723
0.36	0.05278817025	0.36	0.01104488765	0.36	0.01103301005	0.36	0.0093908668
0.365	0.0545994632	0.365	0.01141606855	0.365	0.0114079793	0.365	0.0097040304
0.37	0.0565838265	0.37	0.01182226155	0.37	0.0118202379	0.37	0.0100455108
0.375	0.05899430235	0.375	0.01231497175	0.375	0.012321417	0.375	0.0104592402
0.38	0.06145338945	0.38	0.01281739795	0.38	0.0128343912	0.38	0.0108804022
0.385	0.06395407335	0.385	0.01333164895	0.385	0.0133607614	0.385	0.0113114254
0.39	0.06659564115	0.39	0.01387669675	0.39	0.01391943115	0.39	0.0117686815
0.395	0.06941632665	0.395	0.01446169335	0.395	0.0145215674	0.395	0.0122592614
0.4	0.07246400915	0.4	0.015101745	0.4	0.0151859712	0.4	0.0127952517
0.405	0.07604702645	0.405	0.01586528765	0.405	0.01598486625	0.405	0.0134336231
0.41	0.07987822155	0.41	0.0166759692	0.41	0.0168304441	0.41	0.0141126796
0.415	0.0819160188	0.415	0.01709840055	0.415	0.0172768474	0.415	0.0144648971
0.42	0.0842444676	0.42	0.0175781114	0.42	0.01778039475	0.42	0.0148683637
0.425	0.08682971595	0.425	0.01811554035	0.425	0.01834948295	0.425	0.015321713
0.43	0.08926661325	0.43	0.01862147805	0.43	0.0188731142	0.43	0.0157576229
0.435	0.0918015092	0.435	0.0191500311	0.435	0.01941984785	0.435	0.0162160307
0.44	0.09651740215	0.44	0.0201323737	0.44	0.02050078325	0.44	0.017013078
0.445	0.1009976294	0.445	0.0210860867	0.445	0.02161541215	0.445	0.017770467
0.45	0.1038455842	0.45	0.0216722126	0.45	0.02224352105	0.45	0.0182702256
0.455	0.10777385215	0.455	0.0224870159	0.455	0.02310854495	0.455	0.0189643042
0.46	0.1112301253	0.46	0.02319793985	0.46	0.0238879395	0.46	0.0195644898
0.465	0.11496228315	0.465	0.02397459325	0.465	0.02475664335	0.465	0.0202141352
0.47	0.11868392975	0.47	0.02475769475	0.47	0.0256600095	0.47	0.0208606739
0.475	0.1225504227	0.475	0.0255759776	0.475	0.0266255938	0.475	0.0215288397
0.48	0.12654412595	0.48	0.0264256018	0.48	0.0276504489	0.48	0.0222155019
0.485	0.13078958235	0.485	0.02733741015	0.485	0.02876954205	0.485	0.0229465867
0.49	0.1370901619	0.49	0.02874454145	0.49	0.0304610948	0.49	0.0240852599
0.495	0.14372822745	0.495	0.03022864705	0.495	0.0322967439	0.495	0.0252713408
0.5	0.1494885707	0.5	0.0314909671	0.5	0.03387200155	0.5	0.0263032028
0.505	0.15495189155	0.505	0.03268133235	0.505	0.0354951226	0.505	0.0272541844
0.51	0.16251416645	0.51	0.0342811518	0.51	0.0375113437	0.51	0.0285908149
0.515	0.16910092195	0.515	0.0356781207	0.515	0.03936362455	0.515	0.029733104
0.52	0.17407056025	0.52	0.03675403345	0.52	0.04087356395	0.52	0.030627762
0.525	0.1796422343	0.525	0.03798475905	0.525	0.0427006578	0.525	0.0316101009
0.53	0.1851318892	0.53	0.0392205189	0.53	0.04463291165	0.53	0.0325882195
0.535	0.1913999208	0.535	0.04067264275	0.535	0.0469701039	0.535	0.0337269753
0.54	0.20246566375	0.54	0.04326621625	0.54	0.05125545235	0.54	0.0356490687
0.545	0.2178401967	0.545	0.0470153037	0.545	0.05722601735	0.545	0.0385494223
0.55	0.24128415285	0.55	0.0528458262	0.55	0.0668429142	0.55	0.0429510101
0.555	0.2531720698	0.555	0.0558167226	0.555	0.07196766335	0.555	0.0455796253
0.56	0.25822303215	0.56	0.05766368645	0.56	0.07599701205	0.56	0.0473605015
0.565	0.2711096086	0.565	0.06163939755	0.565	0.0846951895	0.565	0.0509766031
0.57	0.2493776211	0.57	0.05562397285	0.57	0.07505700745	0.57	0.0466903733
0.575	0.22537821935	0.575	0.05085883445	0.575	0.0688107247	0.575	0.0423500841
0.58	0.21678834285	0.58	0.0490704635	0.58	0.0664866227	0.58	0.0410249529
0.585	0.2088722465	0.585	0.0473552612	0.585	0.0643152906	0.585	0.039713901
0.59	0.2011842042	0.59	0.0455269963	0.59	0.0620246771	0.59	0.0382931515
0.595	0.1947871575	0.595	0.0440694842	0.595	0.06023187705	0.595	0.0371722566
0.6	0.1897434168	0.6	0.04302405115	0.6	0.05908345815	0.6	0.0363864225
0.605	0.1860303128	0.605	0.0422730022	0.605	0.0583026495	0.605	0.0358603625
0.61	0.1818475811	0.61	0.0414800556	0.61	0.05786389045	0.61	0.0352023165
0.615	0.1766459461	0.615	0.04061027085	0.615	0.05767263275	0.615	0.0344321754
0.62	0.1698144657	0.62	0.0394431999	0.62	0.0568558224	0.62	0.0336720318
0.625	0.16398122155	0.625	0.0379300976	0.625	0.0540641088	0.625	0.0325475553
0.63	0.15276891235	0.63	0.03480818925	0.63	0.04784830925	0.63	0.0298919549
0.635	0.1452480088	0.635	0.0327338653	0.635	0.0437537033	0.635	0.0280993347
0.64	0.1405656479	0.64	0.03148821795	0.64	0.041768508	0.64	0.0270305358
0.645	0.1357110581	0.645	0.03027458605	0.645	0.0399625583	0.645	0.0259752788
0.65	0.13168503175	0.65	0.0295819582	0.65	0.0386166731	0.65	0.0254132739
0.655	0.1241998844	0.655	0.02798459005	0.655	0.03638612295	0.655	0.0239973316
0.66	0.11637152905	0.66	0.0259609413	0.66	0.0339747554	0.66	0.0221631511
0.665	0.10689909235	0.665	0.0235947567	0.665	0.03111040455	0.665	0.0200073022
0.67	0.10145231305	0.67	0.02232205595	0.67	0.0293629122	0.67	0.0188747144
0.675	0.09838232265	0.675	0.0216388689	0.675	0.0282381115	0.675	0.0182880446
0.68	0.0956956307	0.68	0.0210260856	0.68	0.02717777765	0.68	0.0177583605
0.685	0.0942877303	0.685	0.020812331	0.685	0.0266665034	0.685	0.0175909769
0.69	0.09286565825	0.69	0.0204527275	0.69	0.0259398592	0.69	0.0172875701
0.695	0.0927763648	0.695	0.02035475435	0.695	0.02574408225	0.695	0.0171774918
0.7	0.0930703464	0.7	0.0204013555	0.7	0.0260613711	0.7	0.0171181327
0.705	0.09076228435	0.705	0.0193622982	0.705	0.0227059847	0.705	0.0162681134
0.71	0.08939684985	0.71	0.01806724505	0.71	0.01826519265	0.71	0.0151749372
0.715	0.0919109136	0.715	0.01855809325	0.715	0.0187150715	0.715	0.0155806769
0.72	0.0944568045	0.72	0.01906129565	0.72	0.0192222187	0.72	0.015994356
0.725	0.09697040815	0.725	0.01956200915	0.725	0.01972802505	0.725	0.016405668
0.73	0.09950128285	0.73	0.020070705	0.73	0.0202439721	0.73	0.0168251545
0.735	0.10146691935	0.735	0.02047454225	0.735	0.02066160045	0.735	0.0171602516
0.74	0.10308262105	0.74	0.02081443485	0.74	0.0210189737	0.74	0.017445183
0.745	0.1050012533	0.745	0.0212006444	0.745	0.0214224285	0.745	0.0177666685
0.75	0.1076796465	0.75	0.02171282925	0.75	0.0219494809	0.75	0.0181869494
0.755	0.1108700673	0.755	0.0223089019	0.755	0.02256043995	0.755	0.0186727585
0.76	0.1156545295	0.76	0.02322873865	0.76	0.02347323665	0.76	0.0194279641
0.765	0.1223035038	0.765	0.0245251098	0.765	0.02474614295	0.765	0.0204857679
0.77	0.1304852245	0.77	0.02614875735	0.77	0.0263343795	0.77	0.0218073579
0.775	0.14028692195	0.775	0.02808605025	0.775	0.028239052	0.775	0.0233724252
0.78	0.15176081535	0.78	0.03034177615	0.78	0.03046791395	0.78	0.02518342
0.785	0.16480044745	0.785	0.0328430172	0.785	0.03295555675	0.785	0.0271625872
0.79	0.1724700852	0.79	0.0342686561	0.79	0.034370836	0.79	0.0283461609
0.795	0.18146155605	0.795	0.0357509806	0.795	0.03592325305	0.795	0.0294505998
0.8	0.18773534195	0.8	0.0367853146	0.8	0.0370219711	0.8	0.0302485364
0.805	0.19402358365	0.805	0.03781477565	0.805	0.0381273351	0.805	0.0310425575
0.81	0.20183903925	0.81	0.0392018758	0.81	0.03955560825	0.81	0.032160205
0.815	0.21142707255	0.815	0.041021651	0.815	0.04135285645	0.815	0.0336997199
0.82	0.2240614313	0.82	0.04347767365	0.82	0.043717745	0.82	0.0358436751
0.825	0.2514103182	0.825	0.04826947985	0.825	0.0484452862	0.825	0.0397888435
0.83	0.3096470605	0.83	0.0581902015	0.83	0.05766477385	0.83	0.0483191376
0.835	0.37102957395	0.835	0.0694665368	0.835	0.06925915635	0.835	0.0576821246
0.84	0.40501796515	0.84	0.07564139075	0.84	0.07586651175	0.84	0.0625853302
0.845	0.42512615175	0.845	0.079210849	0.845	0.079932404	0.845	0.0650467203
0.85	0.44041968055	0.85	0.08157772515	0.85	0.08234022855	0.85	0.0667611815
0.855	0.4806649608	0.855	0.0891010154	0.855	0.09039319925	0.855	0.0726759817
0.86	0.5320572302	0.86	0.09957658765	0.86	0.1014212094	0.86	0.0812043511
0.865	0.5586019263	0.865	0.1049593272	0.865	0.10660930605	0.865	0.0857840375
0.87	0.5710973114	0.87	0.1073923102	0.87	0.10824235315	0.87	0.0881221559
0.875	0.59156408	0.875	0.11164119415	0.875	0.1117946191	0.875	0.0917036411
0.88	0.5834473605	0.88	0.1103685249	0.88	0.11091340385	0.88	0.0907488782
0.885	0.54668784755	0.885	0.1036449251	0.885	0.10434094805	0.885	0.0857735531
0.89	0.49720157255	0.89	0.0938305814	0.89	0.09427638835	0.89	0.0783071189
0.895	0.432102251	0.895	0.0815443361	0.895	0.0820734586	0.895	0.0689745747
0.9	0.3634929842	0.9	0.069748606	0.9	0.0711522485	0.9	0.0608557388
0.905	0.3159188249	0.905	0.06078626325	0.905	0.06295396345	0.905	0.0540736312
0.91	0.25705451705	0.91	0.04965984095	0.91	0.05178077125	0.91	0.0451393811
0.915	0.2304486681	0.915	0.0449490439	0.915	0.04663256	0.915	0.0403795192
0.92	0.2130699117	0.92	0.0417659795	0.92	0.0428461739	0.92	0.0378812664
0.925	0.2003041108	0.925	0.03940218255	0.925	0.0402977856	0.925	0.0360500413
0.93	0.18951521645	0.93	0.03746127005	0.93	0.03834556225	0.93	0.0346259811
0.935	0.18690064445	0.935	0.03707245665	0.935	0.03848028	0.935	0.034599265
0.94	0.1999279645	0.94	0.03931735075	0.94	0.0415696585	0.94	0.0369944203
0.945	0.21647741435	0.945	0.0421334705	0.945	0.04577966555	0.945	0.0395418754
0.95	0.27060119945	0.95	0.05254498355	0.95	0.0590023928	0.95	0.0488113385
0.955	0.2898931847	0.955	0.05647447625	0.955	0.06248408015	0.955	0.0527979374
0.96	0.29190875925	0.96	0.05638391725	0.96	0.06321749985	0.96	0.0518132569
0.965	0.2804271389	0.965	0.0541342696	0.965	0.06124298715	0.965	0.0492411635
0.97	0.26579713505	0.97	0.0513176028	0.97	0.05832080395	0.97	0.0461591991
0.975	0.26745133595	0.975	0.0509029315	0.975	0.0580872602	0.975	0.0450948735
0.98	0.2542269848	0.98	0.04844283245	0.98	0.0559031566	0.98	0.0421267021
0.985	0.25432127925	0.985	0.04850967105	0.985	0.05586228575	0.985	0.04184717
0.99	0.260325372	0.99	0.04946928725	0.99	0.0568054245	0.99	0.0423929453
0.995	0.26773987335	0.995	0.0505839026	0.995	0.0578140807	0.995	0.0431442192
1	0.28248090445	1	0.0533226464	1	0.0605802088	1	0.0455212882
1.005	0.2960315072	1.005	0.0559714212	1.005	0.0633604009	1.005	0.0477436795
1.01	0.3067324551	1.01	0.05770947855	1.01	0.06519025645	1.01	0.0487955508
1.015	0.31809888845	1.015	0.05956302105	1.015	0.0674323209	1.015	0.0498963585
1.02	0.329236419	1.02	0.0612321331	1.02	0.0693739775	1.02	0.0509934666
1.025	0.3457729104	1.025	0.0638762099	1.025	0.07263646515	1.025	0.0528973641
1.03	0.4198409619	1.03	0.07653173965	1.03	0.08665370505	1.03	0.063879057
1.035	0.43963371695	1.035	0.07843265115	1.035	0.09081598405	1.035	0.0637277156
1.04	0.45037944405	1.04	0.0797225322	1.04	0.0925433725	1.04	0.0637824643
1.045	0.43884241615	1.045	0.07745381845	1.045	0.09249962205	1.045	0.0615537865
1.05	0.40899415955	1.05	0.0722557548	1.05	0.08807639755	1.05	0.0571992123
1.055	0.37788016375	1.055	0.066934589	1.055	0.0825727803	1.055	0.052368189
1.06	0.36250938195	1.06	0.06428179935	1.06	0.08095575735	1.06	0.0501438968
1.065	0.35759186845	1.065	0.06288177325	1.065	0.0793284295	1.065	0.0492514316
1.07	0.31297286715	1.07	0.0552448928	1.07	0.0688925142	1.07	0.0440360058
1.075	0.263820883	1.075	0.04714677425	1.075	0.0585288352	1.075	0.0375180069
1.08	0.24059503655	1.08	0.04335150295	1.08	0.0534678111	1.08	0.0342799328
1.085	0.21206623935	1.085	0.03903210605	1.085	0.04783131995	1.085	0.0308760773
1.09	0.21140758665	1.09	0.0402952525	1.09	0.0507604728	1.09	0.0324165924
1.095	0.23355213805	1.095	0.0458277812	1.095	0.0609358846	1.095	0.0366525559
1.1	0.2499114753	1.1	0.0494911856	1.1	0.06988294735	1.1	0.0387775714
1.105	0.2601038964	1.105	0.0535169158	1.105	0.07749131075	1.105	0.0419651954
1.11	0.3083507533	1.11	0.06597449255	1.11	0.1106556457	1.11	0.0529536065
1.115	0.34289444985	1.115	0.07320465195	1.115	0.119525867	1.115	0.0584673455
1.12	0.3675450754	1.12	0.0782539099	1.12	0.1253099532	1.12	0.062087836
1.125	0.4201826844	1.125	0.08886708725	1.125	0.13935362495	1.125	0.0699929019
1.13	0.44835226835	1.13	0.0955736116	1.13	0.14456642585	1.13	0.0746398476
1.135	0.4583517398	1.135	0.0977163254	1.135	0.1429607563	1.135	0.0768146502
1.14	0.4473700122	1.14	0.09611415725	1.14	0.13804799345	1.14	0.0755533671
1.145	0.41981216105	1.145	0.0886781192	1.145	0.12684594225	1.145	0.0685458287
1.15	0.40561462125	1.15	0.0854932167	1.15	0.12221839915	1.15	0.0657555247
1.155	0.40438488685	1.155	0.08650275145	1.155	0.12762551715	1.155	0.0657195566
1.16	0.4486850873	1.16	0.09811075215	1.16	0.1477114516	1.16	0.075772621
1.165	0.41494443985	1.165	0.0964620881	1.165	0.1439659689	1.165	0.0731630778
1.17	0.4089521031	1.17	0.09331997935	1.17	0.1387559369	1.17	0.0711339294
1.175	0.37712444795	1.175	0.08439293415	1.175	0.12595361295	1.175	0.0633364546
1.18	0.34285994015	1.18	0.07436537135	1.18	0.1086211278	1.18	0.0555758339
1.185	0.3071549946	1.185	0.06462161465	1.185	0.09224209415	1.185	0.0483582617
1.19	0.28446842835	1.19	0.0593750324	1.19	0.08404445575	1.19	0.0441851816
1.195	0.26870088985	1.195	0.056190438	1.195	0.0790318731	1.195	0.0418120674
1.2	0.25685898625	1.2	0.0538645238	1.2	0.0753428488	1.2	0.0401891635
1.205	0.2489205681	1.205	0.0521371806	1.205	0.07249700425	1.205	0.0389593275
1.21	0.24021343535	1.21	0.0498613391	1.21	0.06918676405	1.21	0.0371843145
1.215	0.227394234	1.215	0.04648048385	1.215	0.06368077255	1.215	0.0348769926
1.22	0.21790983635	1.22	0.0440619449	1.22	0.05955731805	1.22	0.0332282635
1.225	0.21085302905	1.225	0.0424308961	1.225	0.05698631025	1.225	0.0320202238
1.23	0.2049886942	1.23	0.0411004765	1.23	0.0549585455	1.23	0.031040432
1.235	0.2006556396	1.235	0.0401454766	1.235	0.0534535621	1.235	0.0303754523
1.24	0.199900215	1.24	0.0398473603	1.24	0.05268729255	1.24	0.0302399644
1.245	0.2019974445	1.245	0.0400486927	1.245	0.0527064285	1.245	0.0304558224
1.25	0.19848768305	1.25	0.03951292265	1.25	0.05204029325	1.25	0.0302209948
1.255	0.19866739435	1.255	0.040411099	1.255	0.0532274619	1.255	0.031227855
1.26	0.21175484975	1.26	0.0446648391	1.26	0.05873843895	1.26	0.034864932
1.265	0.2236683631	1.265	0.04933418755	1.265	0.06529586175	1.265	0.0385673819
1.27	0.22503473935	1.27	0.0512820301	1.27	0.0684164312	1.27	0.0399394798
1.275	0.2025024744	1.275	0.0479221069	1.275	0.06434798555	1.275	0.0376059021
1.28	0.1840441113	1.28	0.044778851	1.28	0.0610319646	1.28	0.0354760729
1.285	0.17023314565	1.285	0.04288337175	1.285	0.0594343093	1.285	0.0343261568
1.29	0.15977656385	1.29	0.041352235	1.29	0.0582405528	1.29	0.033400335
1.295	0.15462696725	1.295	0.0416823558	1.295	0.05990660955	1.295	0.0341787499
1.3	0.1552195902	1.3	0.0450372544	1.3	0.0674286903	1.3	0.0374281762
1.305	0.1536581848	1.305	0.0453412997	1.305	0.0679346514	1.305	0.0373645709
1.31	0.14906849755	1.31	0.04111168875	1.31	0.05997490355	1.31	0.0337148326
1.315	0.14495588515	1.315	0.0387363311	1.315	0.05596825875	1.315	0.031623159
1.32	0.14657855275	1.32	0.03787859575	1.32	0.05406322595	1.32	0.0307539871
1.325	0.15054321135	1.325	0.03794871835	1.325	0.053661982	1.325	0.0306215158
1.33	0.14969926755	1.33	0.03726363875	1.33	0.0523808407	1.33	0.0301016118
1.335	0.1516577814	1.335	0.03715826355	1.335	0.0518501459	1.335	0.0300103862
1.34	0.1532571772	1.34	0.0370310839	1.34	0.0513462785	1.34	0.0299039937
1.345	0.1545153277	1.345	0.03687112565	1.345	0.0507745467	1.345	0.0297903466
1.35	0.15872755505	1.35	0.0372649501	1.35	0.05104940285	1.35	0.0300718056
1.355	0.1629708034	1.355	0.03771580015	1.355	0.0513850229	1.355	0.0303363153
1.36	0.16445043525	1.36	0.0376044739	1.36	0.05096493945	1.36	0.0301895718
1.365	0.1373462595	1.365	0.0334535418	1.365	0.04537330425	1.365	0.0272699871
1.37	0.1236633151	1.37	0.0313382335	1.37	0.0426036729	1.37	0.0258700785
1.375	0.1116927349	1.375	0.0295774499	1.375	0.0401635958	1.375	0.0247576848
1.38	0.1026094723	1.38	0.02829104205	1.38	0.0384349562	1.38	0.0239554471
1.385	0.0944830934	1.385	0.02725966915	1.385	0.03703925665	1.385	0.0233257965
1.39	0.0875597656	1.39	0.0264997304	1.39	0.0359700135	1.39	0.0228856037
1.395	0.0817450243	1.395	0.0259544688	1.395	0.0351394697	1.395	0.0225828416
1.4	0.0768676257	1.4	0.02554642645	1.4	0.03447127305	1.4	0.0223467799
1.405	0.0731150175	1.405	0.0253236814	1.405	0.0340645131	1.405	0.0222162874
1.41	0.07124610545	1.41	0.0253806208	1.41	0.03412066795	1.41	0.0222924819
1.415	0.07156116875	1.415	0.02576603795	1.415	0.03467197385	1.415	0.0226251528
1.42	0.07226263745	1.42	0.02629533365	1.42	0.0352917346	1.42	0.0230636473
1.425	0.0731295934	1.425	0.02696592865	1.425	0.0358980553	1.425	0.0236169578
1.43	0.07409864645	1.43	0.0278767283	1.43	0.03669185795	1.43	0.0242998612
1.435	0.0759376456	1.435	0.0294949722	1.435	0.0382250217	1.435	0.0255275903
1.44	0.07917056255	1.44	0.03202816235	1.44	0.04094744265	1.44	0.0275180108
1.445	0.0832683752	1.445	0.0363158765	1.445	0.04687437655	1.445	0.0317856437
1.45	0.08590717835	1.45	0.03919075285	1.45	0.04958954125	1.45	0.0333864707
1.455	0.0893139686	1.455	0.0425519506	1.455	0.05346474585	1.455	0.0359984685
1.46	0.0938218086	1.46	0.0463687356	1.46	0.05834125745	1.46	0.0389866123
1.465	0.1000171347	1.465	0.05097925275	1.465	0.0645736496	1.465	0.0425541513
1.47	0.10817012595	1.47	0.05709094555	1.47	0.0756124341	1.47	0.0478035587
1.475	0.11313596415	1.475	0.059272891	1.475	0.07392298085	1.475	0.0481830736
1.48	0.12375480335	1.48	0.06477257325	1.48	0.0807821171	1.48	0.0520499383
1.485	0.13549254055	1.485	0.0709868911	1.485	0.08818373275	1.485	0.0567017012
1.49	0.1474890748	1.49	0.07370813225	1.49	0.0904098333	1.49	0.0588263197
1.495	0.161976574	1.495	0.0773516317	1.495	0.09418710005	1.495	0.0616294791
1.5	0.18064107055	1.5	0.08452103385	1.5	0.1026894276	1.5	0.067237854
1.505	0.18598480835	1.505	0.0868064354	1.505	0.10562426155	1.505	0.0691066638
1.51	0.18757615835	1.51	0.08784241825	1.51	0.1074027846	1.51	0.0697639585
1.515	0.18212973735	1.515	0.0875932302	1.515	0.10860255645	1.515	0.0694821527
1.52	0.1821119398	1.52	0.0915270718	1.52	0.11468191955	1.52	0.0728391316
1.525	0.2072921244	1.525	0.10785912875	1.525	0.1353905875	1.525	0.0863538212
1.53	0.2031102406	1.53	0.10870422795	1.53	0.13686034475	1.53	0.0870467192
1.535	0.1699002416	1.535	0.08901757315	1.535	0.11281935985	1.535	0.0710398524
1.54	0.1469514935	1.54	0.0751821064	1.54	0.0957078236	1.54	0.0600412591
1.545	0.13218572	1.545	0.0663618102	1.545	0.08468953035	1.545	0.0531064642
1.55	0.1263298077	1.55	0.06297108645	1.55	0.0804544306	1.55	0.0505781058
1.555	0.1197176583	1.555	0.05913648215	1.555	0.0757050587	1.555	0.0476185923
1.56	0.1147725937	1.56	0.05618994535	1.56	0.0722807829	1.56	0.0452659544
1.565	0.11158047845	1.565	0.05424446685	1.565	0.07036037565	1.565	0.0436291678
1.57	0.11212986635	1.57	0.0542939882	1.57	0.07154411195	1.57	0.0434426401
1.575	0.1222968449	1.575	0.0584604152	1.575	0.0777036907	1.575	0.0464932902
1.58	0.12557468485	1.58	0.06006146675	1.58	0.0804832415	1.58	0.0476525885
1.585	0.1293822293	1.585	0.0621770004	1.585	0.0842703522	1.585	0.0492028535
1.59	0.13699883585	1.59	0.0686631422	1.59	0.09478643425	1.59	0.0542105368
1.595	0.1476025925	1.595	0.0739838779	1.595	0.1047050565	1.595	0.05817832
1.6	0.156804057	1.6	0.08107815255	1.6	0.1158906504	1.6	0.0638081747
1.605	0.1507760035	1.605	0.0783285927	1.605	0.1107163696	1.605	0.0618351358
1.61	0.15093909875	1.61	0.0768901926	1.61	0.1082169766	1.61	0.0608366123
1.615	0.15690188925	1.615	0.07841484065	1.615	0.1090495354	1.615	0.06235906
1.62	0.1571071426	1.62	0.07640447735	1.62	0.1047447591	1.62	0.0607495834
1.625	0.15567718165	1.625	0.0739779961	1.625	0.099804094	1.625	0.0589980417
1.63	0.1479032161	1.63	0.07055624615	1.63	0.09349381725	1.63	0.0565993911
1.635	0.16381885305	1.635	0.07540787035	1.635	0.09812087725	1.635	0.0609293213
1.64	0.1891258129	1.64	0.0821685872	1.64	0.1055561213	1.64	0.0666335247
1.645	0.15620963475	1.645	0.06848120505	1.645	0.0867867509	1.645	0.0564256862
1.65	0.1368172713	1.65	0.06198398945	1.65	0.07862190255	1.65	0.051281721
1.655	0.1300330855	1.655	0.0600792202	1.655	0.07601928225	1.655	0.0497283569
1.66	0.1254389168	1.66	0.057956222	1.66	0.0737650071	1.66	0.0472662532
1.665	0.1305750731	1.665	0.0599406088	1.665	0.0762397068	1.665	0.0485199376
1.67	0.13360106365	1.67	0.06148594315	1.67	0.0780985048	1.67	0.0496030272
1.675	0.14623184975	1.675	0.0651068717	1.675	0.0829815416	1.675	0.0519191151
1.68	0.1497854525	1.68	0.0647346926	1.68	0.0827436877	1.68	0.051321427
1.685	0.1369954446	1.685	0.05801370215	1.685	0.0737167273	1.685	0.046320427
1.69	0.13156051755	1.69	0.0536171477	1.69	0.06760187335	1.69	0.0429146867
1.695	0.13133372485	1.695	0.0512979802	1.695	0.0642837747	1.695	0.0410071632
1.7	0.13707657015	1.7	0.05256420575	1.7	0.06566552375	1.7	0.0420189645
1.705	0.1397926802	1.705	0.0533231477	1.705	0.06662229405	1.705	0.0426849735
1.71	0.1413011867	1.71	0.05486393885	1.71	0.06741598335	1.71	0.0443940828
1.715	0.14674400835	1.715	0.05651674025	1.715	0.06935556675	1.715	0.0457481808
1.72	0.15077653295	1.72	0.05735041485	1.72	0.070617473	1.72	0.0463152358
1.725	0.15546484675	1.725	0.0591415428	1.725	0.0728419946	1.725	0.047823473
1.73	0.15601906975	1.73	0.05869343125	1.73	0.07310452245	1.73	0.047153365
1.735	0.16193057205	1.735	0.06005419335	1.735	0.07511721965	1.735	0.0481402477
1.74	0.1552934596	1.74	0.05768840865	1.74	0.0734775508	1.74	0.0457328815
1.745	0.15218917325	1.745	0.0562736689	1.745	0.07264887775	1.745	0.0442814174
1.75	0.151598712	1.75	0.05538510905	1.75	0.0723500599	1.75	0.0433757064
1.755	0.14274229335	1.755	0.0519330381	1.755	0.06957749615	1.755	0.0402307824
1.76	0.13702306845	1.76	0.0508689089	1.76	0.0702248882	1.76	0.0387302443
1.765	0.10663864975	1.765	0.0373139269	1.765	0.05507461955	1.765	0.0274589161
1.77	0.0969470526	1.77	0.03310305725	1.77	0.0500456967	1.77	0.0241564639
1.775	0.0917781787	1.775	0.031023992	1.775	0.04745960185	1.775	0.0225679534
1.78	0.09364585145	1.78	0.03155333045	1.78	0.0484721887	1.78	0.0228790474
1.785	0.0977049993	1.785	0.0329036897	1.785	0.05050154215	1.785	0.0238077726
1.79	0.10401146755	1.79	0.03522383415	1.79	0.0531694258	1.79	0.025803458
1.795	0.11288222755	1.795	0.0381944975	1.795	0.05699089745	1.795	0.0282299601
1.8	0.13491942795	1.8	0.0456354586	1.8	0.0667625105	1.8	0.0340628727
1.805	0.1623983269	1.805	0.05461818855	1.805	0.079290944	1.805	0.0409318047
1.81	0.18646770435	1.81	0.0616725551	1.81	0.0880928088	1.81	0.0469653858
1.815	0.2031395401	1.815	0.06839128975	1.815	0.09508405415	1.815	0.0530396523
1.82	0.2134745918	1.82	0.0743870632	1.82	0.1003036482	1.82	0.0591345292
1.825	0.1983927369	1.825	0.07218824845	1.825	0.0953227366	1.825	0.0576102479
1.83	0.19690766945	1.83	0.0746845962	1.83	0.0965497419	1.83	0.0598238677
1.835	0.19060789075	1.835	0.0753328316	1.835	0.09604779215	1.835	0.0604300792
1.84	0.17277639095	1.84	0.06811720755	1.84	0.08701381925	1.84	0.0543485086
1.845	0.1635835336	1.845	0.0654507193	1.845	0.0830509122	1.845	0.052304495
1.85	0.1710058381	1.85	0.07206031215	1.85	0.0903467647	1.85	0.0580417803
1.855	0.1602280012	1.855	0.0682141432	1.855	0.08618957495	1.855	0.0545253791
1.86	0.16080276965	1.86	0.06954438555	1.86	0.0887734376	1.86	0.0550811675
1.865	0.14824945155	1.865	0.0671362598	1.865	0.0851121713	1.865	0.0534633656
1.87	0.1388990792	1.87	0.06339413375	1.87	0.0796251219	1.87	0.0503733054
1.875	0.13451168235	1.875	0.06736411465	1.875	0.0835313376	1.875	0.0540050386
1.88	0.12671388625	1.88	0.0594155855	1.88	0.0740268982	1.88	0.0470141456
1.885	0.1199387015	1.885	0.0581862259	1.885	0.0719256223	1.885	0.0462769515
1.89	0.12557297265	1.89	0.05955760695	1.89	0.0737140755	1.89	0.0471109374
1.895	0.1247249327	1.895	0.05957928645	1.895	0.07390018385	1.895	0.0469141346
1.9	0.1285782407	1.9	0.06090856555	1.9	0.07562236385	1.9	0.0477432604
1.905	0.13210433575	1.905	0.0611144793	1.905	0.07625467975	1.905	0.047561061
1.91	0.13437813175	1.91	0.06101751225	1.91	0.076657331	1.91	0.0471537224
1.915	0.13935953595	1.915	0.06494894155	1.915	0.08210815145	1.915	0.0500950777
1.92	0.1493179614	1.92	0.0746005839	1.92	0.0948406246	1.92	0.0575991919
1.925	0.16351722115	1.925	0.08929194235	1.925	0.11502127605	1.925	0.0688031164
1.93	0.1689576859	1.93	0.09770976225	1.93	0.1241398344	1.93	0.0762489093
1.935	0.17236451975	1.935	0.10929082425	1.935	0.1375260856	1.935	0.0857701805
1.94	0.18209656415	1.94	0.1267008378	1.94	0.1582379472	1.94	0.0999385042
1.945	0.1888952151	1.945	0.14195832335	1.945	0.1759375143	1.945	0.1125387138
1.95	0.1846734957	1.95	0.13418790135	1.95	0.16629328205	1.95	0.1058326382
1.955	0.18403005855	1.955	0.13189164405	1.955	0.1605685858	1.955	0.1046433666
1.96	0.16003620165	1.96	0.0999951901	1.96	0.1230686081	1.96	0.0777436695
1.965	0.15279757185	1.965	0.08949216625	1.965	0.11067263615	1.965	0.0688493648
1.97	0.1508458865	1.97	0.08648899285	1.97	0.106930435	1.97	0.0663888272
1.975	0.15207250855	1.975	0.0852472582	1.975	0.10544315435	1.975	0.0651748638
1.98	0.1551999062	1.98	0.0838416453	1.98	0.1039981752	1.98	0.0637590178
1.985	0.16262577765	1.985	0.086322532	1.985	0.1079532491	1.985	0.0652209015
1.99	0.17369661735	1.99	0.0934579178	1.99	0.1176292105	1.99	0.0704170057
1.995	0.17177649465	1.995	0.09200623945	1.995	0.1152484161	1.995	0.0690174188
2	0.14599886915	2	0.08081494145	2	0.1001787031	2	0.0612118314
2.005	0.1372723159	2.005	0.07832895385	2.005	0.09778699625	2.005	0.0592149126
2.01	0.12348736465	2.01	0.07061354025	2.01	0.0877669628	2.01	0.0535996962
2.015	0.11995091755	2.015	0.0659491373	2.015	0.0804266081	2.015	0.0505330512
2.02	0.1276576287	2.02	0.06779430395	2.02	0.08188266985	2.02	0.0522072038
2.025	0.1398601994	2.025	0.07102006405	2.025	0.0849599716	2.025	0.0548920434
2.03	0.1831143211	2.03	0.1012533897	2.03	0.11976675705	2.03	0.0793551621
2.035	0.21993524505	2.035	0.11563544375	2.035	0.1387472283	2.035	0.0894342242
2.04	0.24923826285	2.04	0.1263558877	2.04	0.15369625585	2.04	0.0963573523
2.045	0.29216714115	2.045	0.1403497756	2.045	0.1728933655	2.045	0.105246144
2.05	0.3778432138	2.05	0.17110449785	2.05	0.2120228055	2.05	0.1270234098
2.055	0.41893362845	2.055	0.1894868532	2.055	0.240159819	2.055	0.1381913484
2.06	0.40667072255	2.06	0.17925258295	2.06	0.2304341644	2.06	0.1299326034
2.065	0.33124247195	2.065	0.14985907455	2.065	0.1932203938	2.065	0.1084828262
2.07	0.32666175065	2.07	0.1502819174	2.07	0.19529253075	2.07	0.1073723183
2.075	0.25691211875	2.075	0.12222260655	2.075	0.15948739085	2.075	0.08657459
2.08	0.161171	2.08	0.0782115808	2.08	0.1021262047	2.08	0.0556350314
2.085	0.1076244113	2.085	0.04990616945	2.085	0.06477591015	2.085	0.0353447928
2.09	0.1019050843	2.09	0.0457214245	2.09	0.05873250555	2.09	0.0323378148
2.095	0.1105262281	2.095	0.0483248173	2.095	0.0614187188	2.095	0.0341952618
2.1	0.13730329575	2.1	0.05765817315	2.1	0.0725181633	2.1	0.04106768
2.105	0.21733605005	2.105	0.0859808709	2.105	0.10576301105	2.105	0.062334431
2.11	0.22856122415	2.11	0.0937569358	2.11	0.11680569385	2.11	0.0674408113
2.115	0.24296564025	2.115	0.0984642185	2.115	0.12272090055	2.115	0.0706104917
2.12	0.24526968365	2.12	0.09877878105	2.12	0.1240654554	2.12	0.0704256402
2.125	0.24557505535	2.125	0.0991472421	2.125	0.125442227	2.125	0.0704645817
2.13	0.25960672495	2.13	0.1052595578	2.13	0.133256671	2.13	0.0751197038
2.135	0.3013610833	2.135	0.12118434845	2.135	0.1528986291	2.135	0.0871335085
2.14	0.3305617825	2.14	0.13156803655	2.14	0.16721182295	2.14	0.0940673084
2.145	0.3285728064	2.145	0.1303973108	2.145	0.16694265735	2.145	0.0923087859
2.15	0.3337003887	2.15	0.13168005585	2.15	0.16813617985	2.15	0.0935961117
2.155	0.3237028936	2.155	0.127506203	2.155	0.16192520835	2.155	0.0900343486
2.16	0.3423307841	2.16	0.13651252985	2.16	0.1732536087	2.16	0.0959124524
2.165	0.27382082185	2.165	0.110151506	2.165	0.13292626925	2.165	0.0787640811
2.17	0.1968886006	2.17	0.0785089036	2.17	0.08482163365	2.17	0.057555219
2.175	0.17226123265	2.175	0.0822015774	2.175	0.0855681643	2.175	0.0623729428
2.18	0.19813375265	2.18	0.09254742055	2.18	0.104008166	2.18	0.0686939246
2.185	0.15448529535	2.185	0.06833770185	2.185	0.0765074548	2.185	0.0509995422
2.19	0.1295176304	2.19	0.05322621945	2.19	0.0597999152	2.19	0.0401864315
2.195	0.1406900397	2.195	0.05443581225	2.195	0.0610558066	2.195	0.0413417213
2.2	0.1580448241	2.2	0.05840201315	2.2	0.0654011869	2.2	0.0445250794
2.205	0.1742170363	2.205	0.06225235105	2.205	0.0697881535	2.205	0.0475018521
2.21	0.18562789755	2.21	0.0647794343	2.21	0.0728888836	2.21	0.049380072
2.215	0.18568774035	2.215	0.0649939773	2.215	0.072385999	2.215	0.0502684643
2.22	0.18076065335	2.22	0.0636157239	2.22	0.06998124295	2.22	0.0498851533
2.225	0.17439271955	2.225	0.0617247492	2.225	0.06776023965	2.225	0.0487387048
2.23	0.1653706526	2.23	0.0592370244	2.23	0.06501063785	2.23	0.0469828467
2.235	0.16024377085	2.235	0.05833068545	2.235	0.06398489215	2.235	0.0465594868
2.24	0.1569042125	2.24	0.05829454945	2.24	0.063979487	2.24	0.0468966075
2.245	0.15718236715	2.245	0.05947732825	2.245	0.0651572922	2.245	0.0481901246
2.25	0.15715068905	2.25	0.06043462975	2.25	0.06616463295	2.25	0.0492346705
2.255	0.1578382742	2.255	0.06251155395	2.255	0.0682450894	2.255	0.0513603979
2.26	0.1582452639	2.26	0.0639035945	2.26	0.0696919962	2.26	0.0526985133
2.265	0.15608727545	2.265	0.06495865995	2.265	0.0709023334	2.265	0.0538964381
2.27	0.15294848185	2.27	0.06533424275	2.27	0.0715106888	2.27	0.0544778908
2.275	0.15453696685	2.275	0.06705722715	2.275	0.07358170615	2.275	0.0561841517
2.28	0.1526425097	2.28	0.0692786157	2.28	0.07610362825	2.28	0.0583208734
2.285	0.15009673285	2.285	0.06849563465	2.285	0.07583014135	2.285	0.0574978728
2.29	0.1456545534	2.29	0.06807485325	2.29	0.07602435575	2.29	0.057048028
2.295	0.1406220259	2.295	0.06684536075	2.295	0.0754689059	2.295	0.0558201665
2.3	0.1349759194	2.3	0.0652045183	2.3	0.0748436856	2.3	0.0540812615
2.305	0.1275610372	2.305	0.062198386	2.305	0.072143641	2.305	0.0512114777
2.31	0.1170644522	2.31	0.0582815966	2.31	0.0684833941	2.31	0.0478864807
2.315	0.112808072	2.315	0.0567444392	2.315	0.06792817465	2.315	0.0462568863
2.32	0.1097876977	2.32	0.05609413985	2.32	0.068272791	2.32	0.0454466268
2.325	0.10474918705	2.325	0.0549020098	2.325	0.0679565787	2.325	0.0442390746
2.33	0.10779645465	2.33	0.0586053341	2.33	0.07426335645	2.33	0.0466289344
2.335	0.1121915026	2.335	0.06405293115	2.335	0.08173613	2.335	0.0510414908
2.34	0.09124039815	2.34	0.0528379447	2.34	0.07187714065	2.34	0.0401164794
2.345	0.05574132955	2.345	0.02845458755	2.345	0.0394511914	2.345	0.0208772204
2.35	0.04039354465	2.35	0.01886737545	2.35	0.0260211933	2.35	0.0137099377
2.355	0.0345797543	2.355	0.0156934316	2.355	0.0216895123	2.355	0.0113494322
2.36	0.03010970385	2.36	0.01324228255	2.36	0.01830567455	2.36	0.0095420971
2.365	0.0263086459	2.365	0.0112167689	2.365	0.0155300563	2.365	0.0080500187
2.37	0.02325425605	2.37	0.0096376194	2.37	0.0134106987	2.37	0.0068780601
2.375	0.02089548385	2.375	0.0084644909	2.375	0.0118829356	2.375	0.0059962805
2.38	0.0187484686	2.38	0.0074380882	2.38	0.0105345538	2.38	0.0052308159
2.385	0.0194955296	2.385	0.0082853401	2.385	0.01156427335	2.385	0.0059092306
2.39	0.02362757135	2.39	0.011121756	2.39	0.01516374715	2.39	0.0081198905
2.395	0.031757058	2.395	0.0159944858	2.395	0.0217065183	2.395	0.0118234962
2.4	0.0436689391	2.4	0.0236127147	2.4	0.03240710385	2.4	0.0175274062
2.405	0.0656892496	2.405	0.0361982088	2.405	0.049317841	2.405	0.0272603213
2.41	0.09045860315	2.41	0.05033698435	2.41	0.06823724995	2.41	0.0380995389
2.415	0.1356624785	2.415	0.07204236565	2.415	0.09736631015	2.415	0.0546111521
2.42	0.16960500065	2.42	0.0838848871	2.42	0.1131020004	2.42	0.0634244024
2.425	0.2114613217	2.425	0.10135165815	2.425	0.13653399295	2.425	0.076532697
2.43	0.2574042758	2.43	0.1272335354	2.43	0.17188036915	2.43	0.0953740655
2.435	0.29626330605	2.435	0.14403095175	2.435	0.1926266558	2.435	0.108460433
2.44	0.32347497045	2.44	0.1546652564	2.44	0.2066482898	2.44	0.1167600893
2.445	0.3660015616	2.445	0.1726325693	2.445	0.22848094705	2.445	0.1308474179
2.45	0.3119149026	2.45	0.15075855235	2.45	0.203702013	2.45	0.1135490491
2.455	0.27600663205	2.455	0.1392883371	2.455	0.19268541375	2.455	0.1044834441
2.46	0.21981785285	2.46	0.12056749405	2.46	0.1727864398	2.46	0.0907334795
2.465	0.1835894181	2.465	0.10961096845	2.465	0.16306219385	2.465	0.0821898607
2.47	0.156865622	2.47	0.0995723658	2.47	0.1507719955	2.47	0.074986579
2.475	0.1389425206	2.475	0.0954794976	2.475	0.1466006742	2.475	0.0726546043
2.48	0.13416687835	2.48	0.1030386668	2.48	0.1608743999	2.48	0.0782861686
2.485	0.1548056322	2.485	0.12679943695	2.485	0.2015411973	2.485	0.0952340851
2.49	0.24379587275	2.49	0.19392666825	2.49	0.30385032445	2.49	0.1448990206
2.495	0.29891841615	2.495	0.251589463	2.495	0.3743784527	2.495	0.1961583521
2.5	0.27483069445	2.5	0.2440671155	2.5	0.3379274813	2.5	0.2003884354
2.505	0.31568325485	2.505	0.25723416615	2.505	0.3315025881	2.505	0.2138461832
2.51	0.28940330805	2.51	0.226691938	2.51	0.3024848464	2.51	0.1841108705
2.515	0.2533372545	2.515	0.1781389549	2.515	0.23898071875	2.515	0.1425753889
2.52	0.23531785095	2.52	0.1542317707	2.52	0.2067980075	2.52	0.1228191827
2.525	0.221048193	2.525	0.1344139796	2.525	0.17967006185	2.525	0.1068606809
2.53	0.2137034806	2.53	0.1233061441	2.53	0.16564861925	2.53	0.0973062137
2.535	0.2137331099	2.535	0.1197565057	2.535	0.1615786755	2.535	0.0940298921
2.54	0.22099895025	2.54	0.12531298755	2.54	0.1696007771	2.54	0.098017756
2.545	0.2238361686	2.545	0.12393774495	2.545	0.17116180205	2.545	0.0965458671
2.55	0.2209414172	2.55	0.12185472965	2.55	0.1715167132	2.55	0.0939638081
2.555	0.2417232091	2.555	0.132515819	2.555	0.19472506725	2.555	0.099657279
2.56	0.25858629635	2.56	0.1403665183	2.56	0.2233937964	2.56	0.1003124973
2.565	0.2377089616	2.565	0.1319356978	2.565	0.2129803882	2.565	0.0935697225
2.57	0.21122967495	2.57	0.12257115555	2.57	0.19753098595	2.57	0.0870722558
2.575	0.1794075914	2.575	0.1062762576	2.575	0.16691282505	2.575	0.0765981435
2.58	0.15165500345	2.58	0.09401456875	2.58	0.1478341563	2.58	0.0680114233
2.585	0.12720330975	2.585	0.0837874069	2.585	0.12867182785	2.585	0.0617366355
2.59	0.1203808675	2.59	0.0790618901	2.59	0.1221310258	2.59	0.0575251548
2.595	0.13416204795	2.595	0.08667039085	2.595	0.13367573205	2.595	0.0633595781
2.6	0.17756971065	2.6	0.11081647885	2.6	0.1661448773	2.6	0.0830854598
2.605	0.2229311849	2.605	0.16544158315	2.605	0.2420892482	2.605	0.1280840275
2.61	0.23885634305	2.61	0.177058958	2.61	0.2496699578	2.61	0.1376289885
2.615	0.2365542946	2.615	0.17272095305	2.615	0.2406011584	2.615	0.134014757
2.62	0.23959180425	2.62	0.18130010395	2.62	0.24940511915	2.62	0.1415235358
2.625	0.22007948735	2.625	0.1726469226	2.625	0.23419001	2.625	0.1354139192
2.63	0.1871942335	2.63	0.15595543635	2.63	0.2156549818	2.63	0.1195890463
2.635	0.15521708835	2.635	0.1419570461	2.635	0.1993283987	2.635	0.1068701211
2.64	0.13424052285	2.64	0.13046192565	2.64	0.183780563	2.64	0.0976869868
2.645	0.12061109025	2.645	0.12730096575	2.645	0.1810174341	2.645	0.0946208321
2.65	0.12400364705	2.65	0.1644273555	2.65	0.23936358535	2.65	0.1199729676
2.655	0.06635294235	2.655	0.06637261255	2.655	0.092633054	2.655	0.0495776446
2.66	0.05462004835	2.66	0.0335203549	2.66	0.04397251655	2.66	0.0250332735
2.665	0.0591048773	2.665	0.0346342875	2.665	0.0461347098	2.665	0.0256559164
2.67	0.0622644125	2.67	0.03702708825	2.67	0.05012054205	2.67	0.0272362246
2.675	0.0557169006	2.675	0.03528816275	2.675	0.0489795197	2.675	0.0260287736
2.68	0.06672535775	2.68	0.04503511715	2.68	0.06330877435	2.68	0.0335179877
2.685	0.10262839375	2.685	0.07180666275	2.685	0.10080912645	2.685	0.0541516945
2.69	0.15068953515	2.69	0.1154077466	2.69	0.1607666353	2.69	0.0882691537
2.695	0.1877769076	2.695	0.1545408227	2.695	0.21871891585	2.695	0.1175094878
2.7	0.20640992505	2.7	0.17345022415	2.7	0.24774892255	2.7	0.1306396816
2.705	0.2191947811	2.705	0.18657957835	2.705	0.2682269831	2.705	0.139516
2.71	0.21772934485	2.71	0.1891008559	2.71	0.2714503155	2.71	0.141896388
2.715	0.2248646044	2.715	0.20171327935	2.715	0.2888129879	2.715	0.1515869633
2.72	0.2300148194	2.72	0.2111496996	2.72	0.3012391953	2.72	0.1587910731
2.725	0.2379599351	2.725	0.22320688455	2.725	0.3188712627	2.725	0.167050189
2.73	0.2121769025	2.73	0.2048554332	2.73	0.2949153861	2.73	0.1537051652
2.735	0.202136336	2.735	0.20099675115	2.735	0.29141354685	2.735	0.1506852855
2.74	0.1927698709	2.74	0.2048187098	2.74	0.3014783002	2.74	0.1519709127
2.745	0.1743735748	2.745	0.19969782795	2.745	0.3037256076	2.745	0.1450133262
2.75	0.13909913785	2.75	0.16549394845	2.75	0.25378614745	2.75	0.1194908685
2.755	0.10658830785	2.755	0.13454004655	2.755	0.2081138118	2.755	0.0963673843
2.76	0.08823956115	2.76	0.1179206444	2.76	0.18388431435	2.76	0.0839010206
2.765	0.081079747	2.765	0.11390330215	2.765	0.1785332793	2.765	0.0804059286
2.77	0.08051947615	2.77	0.11109428625	2.77	0.17694565335	2.77	0.0773082814
2.775	0.09744983395	2.775	0.12456121475	2.775	0.19501291755	2.775	0.0874288024
2.78	0.1086907089	2.78	0.1285539874	2.78	0.201257016	2.78	0.0899892579
2.785	0.11844195915	2.785	0.13212587065	2.785	0.20913145825	2.785	0.0914848786
2.79	0.1090053344	2.79	0.0918191498	2.79	0.1471695717	2.79	0.064352255
2.795	0.1386515314	2.795	0.1083111614	2.795	0.1719168971	2.795	0.0757748044
2.8	0.16742141475	2.8	0.1180481636	2.8	0.1867587784	2.8	0.0826558274
2.805	0.18101135315	2.805	0.12484059425	2.805	0.19973853585	2.805	0.0869814884
2.81	0.19479660215	2.81	0.1318923615	2.81	0.2133390589	2.81	0.0915528389
2.815	0.2090774594	2.815	0.13723433045	2.815	0.22622783915	2.815	0.094317304
2.82	0.2266009784	2.82	0.1457041872	2.82	0.2439753645	2.82	0.0993365858
2.825	0.23423226255	2.825	0.15185094885	2.825	0.25916519555	2.825	0.1022943082
2.83	0.25807097535	2.83	0.1649746498	2.83	0.3059062114	2.83	0.1102441769
2.835	0.2535902309	2.835	0.16406240495	2.835	0.3039341737	2.835	0.1080987783
2.84	0.2105391118	2.84	0.15047595695	2.84	0.2777662896	2.84	0.0971732044
2.845	0.194640477	2.845	0.1512301403	2.845	0.28054600385	2.845	0.0961938618
2.85	0.1818522352	2.85	0.1459217681	2.85	0.2730727554	2.85	0.091570683
2.855	0.1693711366	2.855	0.14044468215	2.855	0.2650407254	2.855	0.0867705721
2.86	0.1613312806	2.86	0.13638588215	2.86	0.26164050935	2.86	0.0827319917
2.865	0.15427393915	2.865	0.132536533	2.865	0.25917745415	2.865	0.0787349795
2.87	0.14999868145	2.87	0.1304685241	2.87	0.2589778321	2.87	0.0760584205
2.875	0.1506249274	2.875	0.13323199745	2.875	0.2668759194	2.875	0.0768477625
2.88	0.1446426271	2.88	0.12742258865	2.88	0.2511960977	2.88	0.0732764221
2.885	0.12241947585	2.885	0.11608068595	2.885	0.22779524095	2.885	0.0665638589
2.89	0.1134285499	2.89	0.10905182385	2.89	0.2134763831	2.89	0.0624833726
2.895	0.10920596745	2.895	0.0972903977	2.895	0.1897386864	2.895	0.0563321785
2.9	0.11590844425	2.9	0.08475307285	2.9	0.16482843545	2.9	0.0503169483
2.905	0.1631234401	2.905	0.09951035945	2.905	0.19084059895	2.905	0.0605960194
2.91	0.15810867295	2.91	0.09074945055	2.91	0.17894261035	2.91	0.055751897
2.915	0.16704007625	2.915	0.0925098816	2.915	0.1808535977	2.915	0.0580247636
2.92	0.2003905394	2.92	0.11182364765	2.92	0.21716303735	2.92	0.0709462283
2.925	0.225738524	2.925	0.1282883686	2.925	0.25094296095	2.925	0.0814135844
2.93	0.2079198301	2.93	0.1312665515	2.93	0.2646077835	2.93	0.0809942958
2.935	0.19799558375	2.935	0.14006452405	2.935	0.2856644715	2.935	0.0844561362
2.94	0.20925887185	2.94	0.15488171295	2.94	0.31572470255	2.94	0.0925572512
2.945	0.24945501265	2.945	0.1957102136	2.945	0.3923755537	2.945	0.1162198445
2.95	0.2636468725	2.95	0.2115614645	2.95	0.42249506275	2.95	0.126312003
2.955	0.25751595045	2.955	0.2130712547	2.955	0.42626308475	2.955	0.1275603869
2.96	0.2541001739	2.96	0.2141746493	2.96	0.42809154055	2.96	0.1284836732
2.965	0.2256523907	2.965	0.2094122128	2.965	0.4189517385	2.965	0.1247124639
2.97	0.2175752159	2.97	0.2112633051	2.97	0.42588581745	2.97	0.1247069411
2.975	0.2025078971	2.975	0.20454260725	2.975	0.41893095975	2.975	0.1192436195
2.98	0.16882895905	2.98	0.1872270409	2.98	0.3878748982	2.98	0.1083867103
2.985	0.1441719783	2.985	0.14406217905	2.985	0.30313491345	2.985	0.0828427257
2.99	0.1300286295	2.99	0.11101431995	2.99	0.23547672725	2.99	0.0653916986
2.995	0.15395023405	2.995	0.1065940787	2.995	0.2220170394	2.995	0.0642262325
3	0.1721007651	3	0.1195433088	3	0.2505475134	3	0.069540073
3.005	0.1936111371	3.005	0.1275641451	3.005	0.2637473873	3.005	0.0739023724
3.01	0.21439953855	3.01	0.1338226669	3.01	0.273208075	3.01	0.0767967967
3.015	0.2344511102	3.015	0.14674678995	3.015	0.3013697783	3.015	0.0829247322
3.02	0.23973197865	3.02	0.1514718586	3.02	0.30896340005	3.02	0.0853652942
3.025	0.23218596835	3.025	0.1460311867	3.025	0.29762790315	3.025	0.0823969575
3.03	0.23079777315	3.03	0.1429026672	3.03	0.29051834155	3.03	0.0808759943
3.035	0.2417243661	3.035	0.1455199688	3.035	0.295359549	3.035	0.0821768947
3.04	0.23761708605	3.04	0.13670649495	3.04	0.2749632188	3.04	0.0784222323
3.045	0.2396666171	3.045	0.1329101435	3.045	0.26639401945	3.045	0.0766546637
3.05	0.2399974109	3.05	0.1294855515	3.05	0.2592257689	3.05	0.0747752446
3.055	0.24000264245	3.055	0.12754433405	3.055	0.2553161176	3.055	0.073551416
3.06	0.2413595618	3.06	0.12668692555	3.06	0.25353289055	3.06	0.0729381049
3.065	0.2455338707	3.065	0.1272871673	3.065	0.25475771045	3.065	0.0731409104
3.07	0.24823531835	3.07	0.12788069725	3.07	0.2559336355	3.07	0.0732902201
3.075	0.248755011	3.075	0.1278739879	3.075	0.256063408	3.075	0.0730266254
3.08	0.24851456665	3.08	0.12713122125	3.08	0.25501232935	3.08	0.0722722928
3.085	0.2639065117	3.085	0.14098964115	3.085	0.2871055412	3.085	0.0778802705
3.09	0.25667774145	3.09	0.13206858845	3.09	0.26795725415	3.09	0.073661121
3.095	0.2668211341	3.095	0.1382147507	3.095	0.2831331632	3.095	0.0762821507
3.1	0.2746001427	3.1	0.13968749935	3.1	0.28734836305	3.1	0.0766840314
3.105	0.2827510403	3.105	0.13913157395	3.105	0.2850692493	3.105	0.0767198205
3.11	0.28440790945	3.11	0.1391390539	3.11	0.28810003745	3.11	0.0755064035
3.115	0.27511021405	3.115	0.13206394745	3.115	0.2759776412	3.115	0.0705513821
3.12	0.264283981	3.12	0.12597119425	3.12	0.26402119615	3.12	0.0665625395
3.125	0.2644599493	3.125	0.125563479	3.125	0.265019306	3.125	0.0654524068
3.13	0.2624799166	3.13	0.1208520439	3.13	0.2557810109	3.13	0.0626888471
3.135	0.2640056291	3.135	0.117753753	3.135	0.2506586517	3.135	0.0606393891
3.14	0.26511105135	3.14	0.1146422774	3.14	0.24574737125	3.14	0.0585489437
3.145	0.2665420485	3.145	0.1124929816	3.145	0.24295979535	3.145	0.0569198633
3.15	0.26911259335	3.15	0.1112771864	3.15	0.2421773203	3.15	0.0557663186
3.155	0.27263052965	3.155	0.1107232515	3.155	0.24277444895	3.155	0.0549718251
3.16	0.2763309151	3.16	0.11007891085	3.16	0.243070193	3.16	0.054143131
3.165	0.28164806485	3.165	0.11066050995	3.165	0.245488134	3.165	0.0541677292
3.17	0.28977358025	3.17	0.111808295	3.17	0.24922891075	3.17	0.0544788747
3.175	0.30253172495	3.175	0.11383559505	3.175	0.25519647105	3.175	0.0551778186
3.18	0.3201002559	3.18	0.11723829345	3.18	0.2647156804	3.18	0.0564424163
3.185	0.33680675285	3.185	0.12008947765	3.185	0.2729996087	3.185	0.0574717704
3.19	0.35896163675	3.19	0.1248976538	3.19	0.2859864289	3.19	0.0593557639
3.195	0.3818585987	3.195	0.1301530215	3.195	0.30039269265	3.195	0.0613810879
3.2	0.4235575542	3.2	0.13997357995	3.2	0.3262760006	3.2	0.0653706058
3.205	0.42206412735	3.205	0.14098704365	3.205	0.3287746786	3.205	0.0660953196
3.21	0.3890531283	3.21	0.1365003637	3.21	0.32163487145	3.21	0.0636137145
3.215	0.38255179615	3.215	0.13644783595	3.215	0.32365307905	3.215	0.0633561579
3.22	0.3927457196	3.22	0.1391566611	3.22	0.3313733209	3.22	0.0645903809
3.225	0.41632658675	3.225	0.1490959707	3.225	0.35684807825	3.225	0.0691582284
3.23	0.4167879959	3.23	0.14885953405	3.23	0.357616164	3.23	0.069161697
3.235	0.41591360025	3.235	0.1490777281	3.235	0.3600985823	3.235	0.0693882662
3.24	0.4054363847	3.24	0.14307203335	3.24	0.34886610265	3.24	0.0653875442
3.245	0.38639315465	3.245	0.13598407475	3.245	0.3336703583	3.245	0.0619065701
3.25	0.3763875173	3.25	0.13234560205	3.25	0.327489581	3.25	0.0597696104
3.255	0.3749342202	3.255	0.13151832685	3.255	0.32830389175	3.255	0.058843491
3.26	0.38254589775	3.26	0.1360609864	3.26	0.3428748083	3.26	0.0602005216
3.265	0.37781497225	3.265	0.14236696725	3.265	0.3606025049	3.265	0.0623505762
3.27	0.34327383875	3.27	0.1238260366	3.27	0.31543555835	3.27	0.0541710937
3.275	0.31864641935	3.275	0.11394286475	3.275	0.28870874335	3.275	0.0502592085
3.28	0.30078168045	3.28	0.1066248241	3.28	0.2703339783	3.28	0.0470081581
3.285	0.2875463398	3.285	0.10103994415	3.285	0.2569890995	3.285	0.0443525141
3.29	0.27989412085	3.29	0.0979457886	3.29	0.25032020305	3.29	0.0427386443
3.295	0.2770002831	3.295	0.09741392305	3.295	0.25035091995	3.295	0.0422457956
3.3	0.2761624441	3.3	0.09845157105	3.3	0.25460868785	3.3	0.0423971368
3.305	0.2761344849	3.305	0.1001040723	3.305	0.26061903025	3.305	0.0427788554
3.31	0.27728793085	3.31	0.1025574319	3.31	0.2689923355	3.31	0.0434312524
3.315	0.31089422725	3.315	0.1223748553	3.315	0.32539080285	3.315	0.0509490386
3.32	0.30797953615	3.32	0.1209591253	3.32	0.32651404015	3.32	0.0496977447
3.325	0.3142843599	3.325	0.1246117039	3.325	0.33941693295	3.325	0.0507474369
3.33	0.31786147755	3.33	0.12823147025	3.33	0.35224411735	3.33	0.0517609073
3.335	0.3292000494	3.335	0.1339504847	3.335	0.37257495665	3.335	0.0533843486
3.34	0.36130441295	3.34	0.1481816614	3.34	0.41854568625	3.34	0.0583852916
3.345	0.39165062645	3.345	0.15633244555	3.345	0.4468624992	3.345	0.0611809387
3.35	0.38856070195	3.35	0.14764224895	3.35	0.42217009555	3.35	0.0580610777
3.355	0.38704335395	3.355	0.1395740299	3.355	0.3988872694	3.355	0.0552618128
3.36	0.3896464677	3.36	0.1349156137	3.36	0.3859922441	3.36	0.0537166287
3.365	0.38692611245	3.365	0.12895275145	3.365	0.36950466615	3.365	0.0515958216
3.37	0.38156536205	3.37	0.1224821544	3.37	0.35177662545	3.37	0.0491768168
3.375	0.3798487323	3.375	0.117357213	3.375	0.33777179785	3.375	0.047339701
3.38	0.38461517965	3.38	0.11494246575	3.38	0.330860543	3.38	0.0465930062
3.385	0.3807206162	3.385	0.11198369915	3.385	0.32399003215	3.385	0.0454251958
3.39	0.378014039	3.39	0.10784730355	3.39	0.31279006565	3.39	0.0439633113
3.395	0.37632079625	3.395	0.10068079195	3.395	0.29092511155	3.395	0.041623771
3.4	0.37894328615	3.4	0.09441074025	3.4	0.27089104215	3.4	0.0397964839
3.405	0.3852129033	3.405	0.09013354165	3.405	0.2569825969	3.405	0.0387333791
3.41	0.39292108315	3.41	0.0875290489	3.41	0.2485477022	3.41	0.0382279418
3.415	0.4042279893	3.415	0.0878186335	3.415	0.2491939265	3.415	0.038679515
3.42	0.4202801131	3.42	0.0890902015	3.42	0.25240510165	3.42	0.0397088456
3.425	0.43227482945	3.425	0.0889192816	3.425	0.2515177964	3.425	0.0402180652
3.43	0.4427848659	3.43	0.0884898483	3.43	0.25037961745	3.43	0.0405189497
3.435	0.4393272235	3.435	0.0854491684	3.435	0.24244129655	3.435	0.0394053318
3.44	0.43803203985	3.44	0.08274859415	3.44	0.23550544	3.44	0.038498987
3.445	0.4363300992	3.445	0.080246743	3.445	0.22901027955	3.445	0.0376190049
3.45	0.41533632695	3.45	0.0753383158	3.45	0.2163062871	3.45	0.0351991655
3.455	0.3763534461	3.455	0.0679466028	3.455	0.19709834385	3.455	0.0311389941
3.46	0.33418724835	3.46	0.05985892865	3.46	0.1738359363	3.46	0.0271529928
3.465	0.29450029815	3.465	0.05218189335	3.465	0.15044641185	3.465	0.0236128943
3.47	0.27330113205	3.47	0.04748793015	3.47	0.13592874205	3.47	0.021661279
3.475	0.26290680705	3.475	0.04498243155	3.475	0.1285757345	3.475	0.020615841
3.48	0.252077179	3.48	0.0424746394	3.48	0.1213288745	3.48	0.0195408435
3.485	0.2403833905	3.485	0.03990467685	3.485	0.1139410067	3.485	0.0184285501
3.49	0.22737843605	3.49	0.0372078513	3.49	0.10622993445	3.49	0.0172506107
3.495	0.2147658989	3.495	0.03465702125	3.495	0.09901959555	3.495	0.0161221754
3.5	0.20624841915	3.5	0.03287475105	3.5	0.09414287935	3.5	0.0153147157
3.505	0.20505575865	3.505	0.03255263445	3.505	0.0933342052	3.505	0.0151832286
3.51	0.2131781048	3.51	0.03402783625	3.51	0.09787921215	3.51	0.0158420894
3.515	0.2296554852	3.515	0.0371161237	3.515	0.1076424762	3.515	0.017139098
3.52	0.25652045035	3.52	0.04469795195	3.52	0.1385101916	3.52	0.0188332143
3.525	0.2524937165	3.525	0.042665061	3.525	0.1304483487	3.525	0.0187823076
3.53	0.25216803115	3.53	0.0415650591	3.53	0.1257230618	3.53	0.0183839913
3.535	0.2494814288	3.535	0.04064657815	3.535	0.12149708915	3.535	0.0180009875
3.54	0.2500735918	3.54	0.04037577565	3.54	0.1196132054	3.54	0.0178969359
3.545	0.25566662295	3.545	0.04088676735	3.545	0.11967200565	3.545	0.018157524
3.55	0.2658571219	3.55	0.04196777345	3.55	0.1208631173	3.55	0.0187154731
3.555	0.2773532515	3.555	0.04316688805	3.555	0.1223562341	3.555	0.0193560714
3.56	0.2887684371	3.56	0.0443037146	3.56	0.1237591944	3.56	0.0199874245
3.565	0.29924853065	3.565	0.0452694283	3.565	0.12474816	3.565	0.0205494284
3.57	0.30662552465	3.57	0.04574483085	3.57	0.1245562187	3.57	0.0208941522
3.575	0.3133837515	3.575	0.04605549325	3.575	0.12385424675	3.575	0.0211720909
3.58	0.32515447015	3.58	0.04688313535	3.58	0.12591887085	3.58	0.0216801369
3.585	0.32064678415	3.585	0.0456889622	3.585	0.11983681075	3.585	0.0212749926
3.59	0.3204967177	3.59	0.04518489875	3.59	0.1167144481	3.59	0.0211902822
3.595	0.32228252255	3.595	0.04481176915	3.595	0.11441081325	3.595	0.0211912745
3.6	0.3199251083	3.6	0.04382703935	3.6	0.11121427105	3.6	0.0208607349
3.605	0.31607568095	3.605	0.0429218837	3.605	0.1085163557	3.605	0.0205496629
3.61	0.31346347345	3.61	0.04232676975	3.61	0.1070339271	3.61	0.0203508062
3.615	0.31088908435	3.615	0.04173807255	3.615	0.1060112717	3.615	0.0201180345
3.62	0.31278439895	3.62	0.0417408797	3.62	0.1063761996	3.62	0.0201859417
3.625	0.3168242799	3.625	0.04200219465	3.625	0.1072209953	3.625	0.0203866271
3.63	0.32222407345	3.63	0.04244444445	3.63	0.10840182015	3.63	0.0206726498
3.635	0.3280962494	3.635	0.04298468945	3.635	0.10982277505	3.635	0.0209977569
3.64	0.32733819915	3.64	0.04269160495	3.64	0.10759513135	3.64	0.0209614016
3.645	0.32387407155	3.645	0.0420506662	3.645	0.10398416335	3.645	0.020778421
3.65	0.32334227225	3.65	0.04179594605	3.65	0.1019544549	3.65	0.0207657607
3.655	0.32625715955	3.655	0.0420401599	3.655	0.1020177511	3.655	0.0209538707
3.66	0.3324759172	3.66	0.0428156086	3.66	0.104258241	3.66	0.0213413782
3.665	0.34209663405	3.665	0.0439224576	3.665	0.1064785278	3.665	0.0220075455
3.67	0.3587299254	3.67	0.04594840265	3.67	0.1111048552	3.67	0.0231112824
3.675	0.37383445645	3.675	0.04768940205	3.675	0.11571686555	3.675	0.0240345869
3.68	0.3858663289	3.68	0.0488153541	3.68	0.1191805915	3.68	0.0246406353
3.685	0.39693373285	3.685	0.04984266315	3.685	0.1226005714	3.685	0.0251930969
3.69	0.40618397055	3.69	0.0506313391	3.69	0.12562973245	3.69	0.0256334504
3.695	0.4129846897	3.695	0.05108378635	3.695	0.12808977365	3.695	0.0259276847
3.7	0.41855863265	3.7	0.05138770875	3.7	0.1301902397	3.7	0.026172819
3.705	0.42299181605	3.705	0.05156955165	3.705	0.1319312437	3.705	0.0263758945
3.71	0.42695107795	3.71	0.0517514128	3.71	0.13362807735	3.71	0.0265753794
3.715	0.4277334444	3.715	0.05168662635	3.715	0.1346387304	3.715	0.0266052536
3.72	0.4247025985	3.72	0.0513155999	3.72	0.1348571074	3.72	0.026425452
3.725	0.4267510217	3.725	0.05147466165	3.725	0.1365520866	3.725	0.0265979259
3.73	0.42845247595	3.73	0.0515598548	3.73	0.1381316871	3.73	0.0267484927
3.735	0.4293819692	3.735	0.0515384284	3.735	0.1395127069	3.735	0.0268630415
3.74	0.43055436805	3.74	0.05157026945	3.74	0.1410892851	3.74	0.0270190298
3.745	0.43272448405	3.745	0.05176829765	3.745	0.14323174645	3.745	0.0272569831
3.75	0.43493815225	3.75	0.05199191815	3.75	0.14550104035	3.75	0.0275139569
3.755	0.4359109956	3.755	0.0520667603	3.755	0.14736892745	3.755	0.0277103589
3.76	0.43606537755	3.76	0.0520242383	3.76	0.1488458807	3.76	0.0278859219
3.765	0.43443442855	3.765	0.05174799195	3.765	0.1496953414	3.765	0.0279563123
3.77	0.4539320532	3.77	0.0545514878	3.77	0.16084476425	3.77	0.0295036814
3.775	0.4535119889	3.775	0.05444389815	3.775	0.16415404685	3.775	0.0296479262
3.78	0.437044822	3.78	0.05174276265	3.78	0.1580588486	3.78	0.028720106
3.785	0.42595067105	3.785	0.04996625965	3.785	0.15424837245	3.785	0.0281910094
3.79	0.4176722201	3.79	0.04851373645	3.79	0.15048433435	3.79	0.027840731
3.795	0.39061885065	3.795	0.0451303648	3.795	0.13983777665	3.795	0.0262342241
3.8	0.37921662885	3.8	0.0436581211	3.8	0.13581604405	3.8	0.0257613476
3.805	0.3699513201	3.805	0.04253570185	3.805	0.1330901924	3.805	0.025428286
3.81	0.3622730862	3.81	0.0416252051	3.81	0.1311032443	3.81	0.0251933113
3.815	0.3571455069	3.815	0.04105587865	3.815	0.13028813075	3.815	0.0251117676
3.82	0.3524552704	3.82	0.0405032332	3.82	0.1296913259	3.82	0.0250712942
3.825	0.349328436	3.825	0.0401686004	3.825	0.12995384945	3.825	0.0251591068
3.83	0.34762445935	3.83	0.0398654243	3.83	0.1300571166	3.83	0.0253079884
3.835	0.3468814902	3.835	0.03975456245	3.835	0.1309215525	3.835	0.0256703745
3.84	0.34482700805	3.84	0.0393793357	3.84	0.13137626935	3.84	0.0261167905
3.845	0.33604837375	3.845	0.0381798319	3.845	0.12877203385	3.845	0.0260792907
3.85	0.32471086395	3.85	0.03674013205	3.85	0.12517006775	3.85	0.0259163
3.855	0.30834842285	3.855	0.03413763245	3.855	0.1181221658	3.855	0.0256645823
3.86	0.3025416381	3.86	0.0331778588	3.86	0.11704969615	3.86	0.0262606728
3.865	0.29298994765	3.865	0.03195927715	3.865	0.1152224471	3.865	0.0266738272
3.87	0.27826240195	3.87	0.03027988495	3.87	0.1119632158	3.87	0.0268060898
3.875	0.2662059893	3.875	0.02898179205	3.875	0.10907817105	3.875	0.0271106091
3.88	0.25410530815	3.88	0.02770510775	3.88	0.10635369145	3.88	0.0274513453
3.885	0.25142890685	3.885	0.02764870445	3.885	0.10878086545	3.885	0.0284596029
3.89	0.24804422825	3.89	0.0275910686	3.89	0.11110649875	3.89	0.0295133735
3.895	0.2414501047	3.895	0.02716001815	3.895	0.11225906945	3.895	0.0305905497
3.9	0.2275599442	3.9	0.02590386165	3.9	0.1095750065	3.9	0.0312909938
3.905	0.19760394755	3.905	0.02302504075	3.905	0.09639844205	3.905	0.0304607026
3.91	0.18676891995	3.91	0.02226845515	3.91	0.09406415605	3.91	0.0311795937
3.915	0.1765487302	3.915	0.0215084917	3.915	0.0922543465	3.915	0.0327136879
3.92	0.19405943945	3.92	0.02401692855	3.92	0.10705065155	3.92	0.0403477767
3.925	0.19259022195	3.925	0.0239411897	3.925	0.10893363965	3.925	0.0430823097
3.93	0.15721009975	3.93	0.02033806545	3.93	0.0930690239	3.93	0.0409228537
3.935	0.12518809315	3.935	0.015619521	3.935	0.07298261595	3.935	0.0287252654
3.94	0.09102424365	3.94	0.0110811509	3.94	0.04853257355	3.94	0.0147706107
3.945	0.06465810165	3.945	0.00825962225	3.945	0.0335631256	3.945	0.008509521
3.95	0.04836629905	3.95	0.00637446325	3.95	0.0251090494	3.95	0.0053598544
3.955	0.04608006885	3.955	0.00588625305	3.955	0.02298838375	3.955	0.005524649
3.96	0.04487120025	3.96	0.0055512112	3.96	0.0214679347	3.96	0.0058219057
3.965	0.04447918455	3.965	0.0053444682	3.965	0.02043164135	3.965	0.0062297113
3.97	0.04582305615	3.97	0.0053529237	3.97	0.01994659235	3.97	0.0067995336
3.975	0.0515454008	3.975	0.00585164735	3.975	0.0213577884	3.975	0.0080456925
3.98	0.05176503705	3.98	0.00582240035	3.98	0.02107450105	3.98	0.0087205107
3.985	0.053275906	3.985	0.00598305625	3.985	0.02125715645	3.985	0.0095571678
3.99	0.054497462	3.99	0.00615533845	3.99	0.0214771512	3.99	0.010375559
3.995	0.05567214375	3.995	0.0063587833	3.995	0.0218210809	3.995	0.0112253185
4	0.05724310825	4	0.00662019575	4	0.02242359125	4	0.0122285437
4.005	0.0585924068	4.005	0.0068735222	4.005	0.02307744695	4.005	0.0132901424
4.01	0.05973776205	4.01	0.0071235515	4.01	0.02382819485	4.01	0.0144221086
4.015	0.0612191664	4.015	0.00744005985	4.015	0.02485395585	4.015	0.0157555547
4.02	0.06265181545	4.02	0.00778312395	4.02	0.0260226985	4.02	0.0172370314
4.025	0.0662598472	4.025	0.0086532849	4.025	0.02852595405	4.025	0.0204933668
4.03	0.35253471795	4.03	0.0870488174	4.03	0.21571097295	4.03	0.3024573735
4.035	0.45616897285	4.035	0.13272098305	4.035	0.3054595438	4.035	0.4598731732
4.04	0.4265093584	4.04	0.13025538535	4.04	0.2928693541	4.04	0.4467376496
4.045	0.43289766335	4.045	0.1305941996	4.045	0.30440385985	4.045	0.448384293
4.05	0.41902584705	4.05	0.12898310335	4.05	0.3022348847	4.05	0.4395318572
4.055	0.3307584931	4.055	0.11605208975	4.055	0.24983672845	4.055	0.3958413242
4.06	0.25928461305	4.06	0.10656807325	4.06	0.21634753685	4.06	0.3675410894
4.065	0.2502065821	4.065	0.10968277395	4.065	0.22936005825	4.065	0.384800803
4.07	0.27597301545	4.07	0.12255184405	4.07	0.27260728185	4.07	0.4381055767
4.075	0.31087268805	4.075	0.14299996375	4.075	0.34135020525	4.075	0.5217562129
4.08	0.35257780845	4.08	0.1724006185	4.08	0.43726411365	4.08	0.6365617746
4.085	0.33474561135	4.085	0.18285529785	4.085	0.48123951185	4.085	0.6794791443
4.09	0.19412813425	4.09	0.1271723701	4.09	0.30528742445	4.09	0.4913902319
4.095	0.0652702319	4.095	0.03410425185	4.095	0.0807444828	4.095	0.1251672638
4.1	0.0422353899	4.1	0.0182258622	4.1	0.04231961605	4.1	0.0661871214
4.105	0.02942951915	4.105	0.00968590465	4.105	0.02191411125	4.105	0.035915416
4.11	0.1760644073	4.11	0.08727515235	4.11	0.2526234719	4.11	0.3677999214
4.115	0.37451418205	4.115	0.21301530405	4.115	0.5533753772	4.115	0.8356550163
4.12	0.34236499185	4.12	0.17957665675	4.12	0.47371666785	4.12	0.7021346949
4.125	0.41090325055	4.125	0.20307651605	4.125	0.59096177885	4.125	0.8461817917
4.13	0.3372266859	4.13	0.15688105665	4.13	0.45225089345	4.13	0.64151685
4.135	0.30883648365	4.135	0.13508814645	4.135	0.37239806535	4.135	0.5387217869
4.14	0.28920455135	4.14	0.1237894931	4.14	0.34098100295	4.14	0.4932028622
4.145	0.28448777575	4.145	0.11820387635	4.145	0.3264925435	4.145	0.4704397713
4.15	0.27502603155	4.15	0.11479612255	4.15	0.3143825793	4.15	0.4558295943
4.155	0.25918196995	4.155	0.11688533555	4.155	0.30592475845	4.155	0.457670692
4.16	0.27291956195	4.16	0.1346878672	4.16	0.3217854341	4.16	0.5136258801
4.165	0.3444802203	4.165	0.20974022185	4.165	0.4594070778	4.165	0.7935281476
4.17	0.38212422365	4.17	0.1868676801	4.17	0.55348510565	4.17	0.7919617146
4.175	0.3585562423	4.175	0.15153162005	4.175	0.497379446	4.175	0.653948075
4.18	0.3400336741	4.18	0.13199988945	4.18	0.44194202785	4.18	0.5616879372
4.185	0.33131958375	4.185	0.12024282945	4.185	0.419910014	4.185	0.5157198767
4.19	0.3316528044	4.19	0.11311128995	4.19	0.41081603225	4.19	0.4886943294
4.195	0.32053038745	4.195	0.106110968	4.195	0.41072718785	4.195	0.4681684777
4.2	0.3350167967	4.2	0.10559283195	4.2	0.4376720864	4.2	0.4786996522
4.205	0.29870100315	4.205	0.0891576576	4.205	0.39176378305	4.205	0.4065248843
4.21	0.26961496595	4.21	0.07967901795	4.21	0.3712845586	4.21	0.3730311697
4.215	0.22038936595	4.215	0.0536963208	4.215	0.27066548835	4.215	0.2556408373
4.22	0.18240510575	4.22	0.04076371635	4.22	0.2174074054	4.22	0.1982880894
4.225	0.16424241225	4.225	0.03405290925	4.225	0.1901012453	4.225	0.1686260489
4.23	0.16758501785	4.23	0.03188052135	4.23	0.19085352585	4.23	0.1629763366
4.235	0.13767203685	4.235	0.0250221544	4.235	0.1462935398	4.235	0.1244179244
4.24	0.1351749814	4.24	0.02257095785	4.24	0.1303349965	4.24	0.1104970324
4.245	0.13899028375	4.245	0.0205917874	4.245	0.10749323565	4.245	0.0917254379
4.25	0.1395873582	4.25	0.01843799955	4.25	0.0835587223	4.25	0.0714631722
4.255	0.13825818385	4.255	0.01657997755	4.255	0.06876304815	4.255	0.060402523
4.26	0.08770038855	4.26	0.0106743951	4.26	0.03402179875	4.26	0.0325711264
4.265	0.0215381011	4.265	0.00332440625	4.265	0.01154479735	4.265	0.013641163
4.27	0.0084029474	4.27	0.00177461125	4.27	0.00522011725	4.27	0.0058548898
4.275	0.01157985505	4.275	0.00244949585	4.275	0.00765717335	4.275	0.0082552543
4.28	0.01815594255	4.28	0.003870941	4.28	0.0127708802	4.28	0.0132326588
4.285	0.0306016439	4.285	0.006444001	4.285	0.02304254215	4.285	0.0225185898
4.29	0.0447484351	4.29	0.0093581042	4.29	0.03614391405	4.29	0.0338144506
4.295	0.06829825845	4.295	0.01425567805	4.295	0.05788490225	4.295	0.0524782088
4.3	0.0903859758	4.3	0.01894850545	4.3	0.08218422235	4.3	0.072254074
4.305	0.1046557122	4.305	0.02228730655	4.305	0.1081298912	4.305	0.0927904196
4.31	0.12297569175	4.31	0.0265926715	4.31	0.14140720635	4.31	0.1200091082
4.315	0.12371505025	4.315	0.0285059959	4.315	0.17894588725	4.315	0.1462385192
4.32	0.14301802775	4.32	0.03419395025	4.32	0.23750356715	4.32	0.1910355034
4.325	0.16808835395	4.325	0.04117394075	4.325	0.3023875181	4.325	0.2417762823
4.33	0.1765661816	4.33	0.0420781414	4.33	0.2890271247	4.33	0.2379746159
4.335	0.1813176505	4.335	0.0437501315	4.335	0.29924072105	4.335	0.2482093161
4.34	0.1790900997	4.34	0.04617121975	4.34	0.31452341595	4.34	0.2664694446
4.345	0.18258712405	4.345	0.04914779235	4.345	0.3340357972	4.345	0.2882507485
4.35	0.17517420895	4.35	0.04606367105	4.35	0.2952963747	4.35	0.2611230863
4.355	0.1700647235	4.355	0.0436485231	4.355	0.2678216113	4.355	0.2415988714
4.36	0.16846216355	4.36	0.04087245805	4.36	0.2384568498	4.36	0.2171350889
4.365	0.17843203865	4.365	0.0405132436	4.365	0.22323079035	4.365	0.2058126319
4.37	0.181213579	4.37	0.03987420065	4.37	0.21074188605	4.37	0.1969971844
4.375	0.18473887715	4.375	0.0394441297	4.375	0.20039937045	4.375	0.1899556547
4.38	0.1893424839	4.38	0.03943684385	4.38	0.19332511675	4.38	0.1855647445
4.385	0.19474567155	4.385	0.0395927868	4.385	0.1878584225	4.385	0.1825174387
4.39	0.2079959647	4.39	0.04059579745	4.39	0.18567731295	4.39	0.1817801812
4.395	0.23332364895	4.395	0.0428184411	4.395	0.18691537495	4.395	0.1830829943
4.4	0.21630987765	4.4	0.04027510925	4.4	0.1695536626	4.4	0.1710831688
4.405	0.19146248005	4.405	0.0373207368	4.405	0.15352876355	4.405	0.1582595839
4.41	0.17647245735	4.41	0.035885373	4.41	0.1449087736	4.41	0.153228625
4.415	0.16113864685	4.415	0.0338278754	4.415	0.12770559735	4.415	0.1417099032
4.42	0.16309762635	4.42	0.0335979008	4.42	0.1198250173	4.42	0.1368150389
4.425	0.1612686892	4.425	0.03230504105	4.425	0.11018846895	4.425	0.1283870674
4.43	0.16162065225	4.43	0.03114746585	4.43	0.10173525875	4.43	0.120571724
4.435	0.16367211255	4.435	0.03015070955	4.435	0.09495807705	4.435	0.1138938231
4.44	0.16593988095	4.44	0.0292616118	4.44	0.09003677495	4.44	0.1085860626
4.445	0.16802813475	4.445	0.02824079675	4.445	0.08184191185	4.445	0.1004962768
4.45	0.17406789005	4.45	0.02804191165	4.45	0.0767292299	4.45	0.0959272775
4.455	0.18286557265	4.455	0.0280363219	4.455	0.07110754465	4.455	0.0907577296
4.46	0.19428113445	4.46	0.028292461	4.46	0.06623051075	4.46	0.0863309106
4.465	0.21024820355	4.465	0.0292063303	4.465	0.0631736348	4.465	0.0840715845
4.47	0.2271930084	4.47	0.0301478847	4.47	0.0603027355	4.47	0.0818612209
4.475	0.24711454095	4.475	0.03133798625	4.475	0.058402661	4.475	0.0797460436
4.48	0.26781835995	4.48	0.03253150965	4.48	0.0555731723	4.48	0.0771489146
4.485	0.28977898305	4.485	0.03384970905	4.485	0.0543556271	4.485	0.0761607763
4.49	0.4144867356	4.49	0.0428628624	4.49	0.060720868	4.49	0.0827486366
4.495	0.40023624975	4.495	0.0405486283	4.495	0.0560487438	4.495	0.0753425952
4.5	0.3814575737	4.5	0.03798431785	4.5	0.0500608119	4.5	0.0685569151
4.505	0.3591441737	4.505	0.03574642895	4.505	0.04614188705	4.505	0.0635222709
4.51	0.353031902	4.51	0.0344743482	4.51	0.0428504624	4.51	0.0585195511
4.515	0.35028548245	4.515	0.0334642539	4.515	0.03980594565	4.515	0.0536455318
4.52	0.3476989569	4.52	0.03161106645	4.52	0.03416613065	4.52	0.0439356517
4.525	0.3446398246	4.525	0.0299675904	4.525	0.02984242535	4.525	0.0357533539
4.53	0.3434452227	4.53	0.02924817895	4.53	0.02845082485	4.53	0.0322399608
4.535	0.33973451465	4.535	0.0286083918	4.535	0.02803838	4.535	0.0300700377
4.54	0.34381439	4.54	0.02878598845	4.54	0.0282228783	4.54	0.0295233208
4.545	0.34706743655	4.545	0.0288761738	4.545	0.0283432808	4.545	0.0288945709
4.55	0.3493991016	4.55	0.0288692001	4.55	0.02838906685	4.55	0.028210395
4.555	0.3512808806	4.555	0.0288195335	4.555	0.02839566455	4.555	0.0275355042
4.56	0.3528016275	4.56	0.02873751025	4.56	0.0283683856	4.56	0.0268782359
4.565	0.3539329396	4.565	0.0286218038	4.565	0.02830468815	4.565	0.0262342648
4.57	0.35378227115	4.57	0.02841457445	4.57	0.0281216325	4.57	0.025558157
4.575	0.35395375775	4.575	0.02823687315	4.575	0.02798216155	4.575	0.0249435895
4.58	0.3551205534	4.58	0.02813815755	4.58	0.02792067195	4.58	0.0244368342
4.585	0.35627030145	4.585	0.0280441462	4.585	0.02786239225	4.585	0.0239590432
4.59	0.35751960275	4.59	0.0279745265	4.59	0.02782497415	4.59	0.0235242358
4.595	0.35892356205	4.595	0.0279311737	4.595	0.02781104445	4.595	0.023131954
4.6	0.36039778595	4.6	0.02790607695	4.6	0.0278154545	4.6	0.0227739346
4.605	0.3625211053	4.605	0.02794862145	4.605	0.0279010111	4.605	0.0224933198
4.61	0.36644135835	4.61	0.0281352045	4.61	0.02815601565	4.61	0.0223631008
4.615	0.36983155325	4.615	0.02827627325	4.615	0.0283502048	4.615	0.0222040652
4.62	0.3728516609	4.62	0.028397571	4.62	0.0285023561	4.62	0.0220252856
4.625	0.37415495465	4.625	0.0283936892	4.625	0.02849613675	4.625	0.0217430962
4.63	0.3753481649	4.63	0.0283837302	4.63	0.02848347765	4.63	0.0214656479
4.635	0.37645172195	4.635	0.02837044935	4.635	0.0284674503	4.635	0.0211951117
4.64	0.37744332365	4.64	0.02835467355	4.64	0.0284486321	4.64	0.0209317115
4.645	0.3783559488	4.645	0.0283392333	4.645	0.02842985055	4.645	0.0206773641
4.65	0.37939629825	4.65	0.02833934035	4.65	0.0284293347	4.65	0.0204436183
4.655	0.38066763045	4.655	0.02836578595	4.655	0.02845697355	4.655	0.0202379227
4.66	0.3821528079	4.66	0.0284237556	4.66	0.02851707485	4.66	0.0200646837
4.665	0.38327739745	4.665	0.02844968795	4.665	0.02853786395	4.665	0.0198781112
4.67	0.3836602252	4.67	0.02840022795	4.67	0.0284807285	4.67	0.019647497
4.675	0.3835932714	4.675	0.0283062133	4.675	0.02837843225	4.675	0.0193949199
4.68	0.38354157415	4.68	0.0282078785	4.68	0.0282713605	4.68	0.0191481151
4.685	0.38384050405	4.685	0.02814075165	4.685	0.02820259765	4.685	0.0189324579
4.69	0.38466325995	4.69	0.02812701795	4.69	0.02819546295	4.69	0.0187606277
4.695	0.3858786548	4.695	0.0281482393	4.695	0.02822387455	4.695	0.0186151597
4.7	0.38733314135	4.7	0.0281836967	4.7	0.02826918905	4.7	0.0184825364
4.705	0.38908098275	4.705	0.0282392224	4.705	0.028342008	4.705	0.018367557
4.71	0.3907497169	4.71	0.02828451525	4.71	0.028405814	4.71	0.0182497021
4.715	0.3933663059	4.715	0.02838354015	4.715	0.0285478741	4.715	0.0181723292
4.72	0.39415027225	4.72	0.0283734835	4.72	0.02854125585	4.72	0.0180249487
4.725	0.39485410135	4.725	0.0283575724	4.725	0.02852717435	4.725	0.0178773477
4.73	0.39548247665	4.73	0.0283362514	4.73	0.028506155	4.73	0.0177297292
4.735	0.39603634065	4.735	0.02830951075	4.735	0.02847842275	4.735	0.0175821977
4.74	0.39651644205	4.74	0.0282773178	4.74	0.0284441863	4.74	0.0174348509
4.745	0.3969360267	4.745	0.0282403107	4.745	0.0284042558	4.745	0.0172881871
4.75	0.3973303814	4.75	0.0282002289	4.75	0.0283604882	4.75	0.0171433557
4.755	0.3977433883	4.755	0.028160444	4.755	0.02831688025	4.755	0.0170030982
4.76	0.39827236955	4.76	0.02813222545	4.76	0.02828689345	4.76	0.0168758443
4.765	0.3995049964	4.765	0.0281974722	4.765	0.02836895345	4.765	0.0168229134
4.77	0.4007869744	4.77	0.02828444435	4.77	0.0284644351	4.77	0.0167787442
4.775	0.40169157695	4.775	0.028299142	4.775	0.02846601255	4.775	0.0166775274
4.78	0.4032158091	4.78	0.02835375175	4.78	0.0285166533	4.78	0.0166045568
4.785	0.4047233816	4.785	0.0284078364	4.785	0.02856319295	4.785	0.0165312411
4.79	0.4062129137	4.79	0.0284608129	4.79	0.028606385	4.79	0.0164581898
4.795	0.4076994334	4.795	0.02851430805	4.795	0.02864868385	4.795	0.0163866098
4.8	0.4091992798	4.8	0.0285699961	4.8	0.0286925898	4.8	0.0163177402
4.805	0.41004589795	4.805	0.0285880073	4.805	0.02868649785	4.805	0.0162230337
4.81	0.41020026645	4.81	0.0285706931	4.81	0.02863294925	4.81	0.016103496
4.815	0.4102616621	4.815	0.02855811255	4.815	0.02858180405	4.815	0.0159878544
4.82	0.4101709863	4.82	0.02854993495	4.82	0.02852979305	4.82	0.0158746109
4.825	0.409949639	4.825	0.0285541881	4.825	0.02848479185	4.825	0.0157686973
4.83	0.40932606565	4.83	0.028540724	4.83	0.0284149941	4.83	0.0156506729
4.835	0.40844102295	4.835	0.0284847551	4.835	0.0282821772	4.835	0.0155043903
4.84	0.40704814375	4.84	0.0283756683	4.84	0.0281121511	4.84	0.0153256011
4.845	0.405579001	4.845	0.0282522857	4.845	0.02793347485	4.845	0.0151421143
4.85	0.4040529037	4.85	0.0281146796	4.85	0.0277463623	4.85	0.0149549362
4.855	0.40886243185	4.855	0.02831811535	4.855	0.0280205109	4.855	0.0150170226
4.86	0.40977324895	4.86	0.0282989247	4.86	0.0279906898	4.86	0.0149327959
4.865	0.4102716367	4.865	0.0282816273	4.865	0.02797093845	4.865	0.0148570331
4.87	0.411465895	4.87	0.0283223266	4.87	0.0280062731	4.87	0.0148009324
4.875	0.4130334313	4.875	0.02841075685	4.875	0.0280654788	4.875	0.0147479509
4.88	0.41308059585	4.88	0.02839818235	4.88	0.0280081413	4.88	0.0146299143
4.885	0.41267544195	4.885	0.02834830005	4.885	0.0279112939	4.885	0.0144932183
4.89	0.41204278975	4.89	0.02827740705	4.89	0.02779400915	4.89	0.0143501172
4.895	0.4112099298	4.895	0.0281878167	4.895	0.0276591935	4.895	0.0142023114
4.9	0.410608444	4.9	0.0281056918	4.9	0.02754006965	4.9	0.0140680946
4.905	0.41039203195	4.905	0.02804066315	4.905	0.0274470044	4.905	0.0139546648
4.91	0.4105005702	4.91	0.02799428775	4.91	0.02737540295	4.91	0.0138604158
4.915	0.41049833335	4.915	0.0279436955	4.915	0.02729275405	4.915	0.0137637597
4.92	0.41050261535	4.92	0.0279009598	4.92	0.02720235055	4.92	0.0136633842
4.925	0.42221062785	4.925	0.0286944872	4.925	0.0279165783	4.925	0.0139524591
4.93	0.42758734975	4.93	0.0291253742	4.93	0.0283130998	4.93	0.0140624081
4.935	0.421980423	4.935	0.0288135499	4.935	0.0277356809	4.935	0.0136723931
4.94	0.42342645975	4.94	0.0288259122	4.94	0.0275469285	4.94	0.0135052337
4.945	0.4262540401	4.945	0.0289308996	4.945	0.02746243655	4.945	0.0133819606
4.95	0.43011573595	4.95	0.02913550245	4.95	0.0274823751	4.95	0.0132975727
4.955	0.4350804368	4.955	0.02944639055	4.955	0.02760579745	4.955	0.0132502695
4.96	0.4413134247	4.96	0.02987774855	4.96	0.0278394037	4.96	0.0132428613
4.965	0.45686823855	4.965	0.0309597127	4.965	0.02874972035	4.965	0.0136310228
4.97	0.48022319395	4.97	0.03257919885	4.97	0.03012997175	4.97	0.0142933071
4.975	0.4915296579	4.975	0.0334384602	4.975	0.03052494225	4.975	0.0141954492
4.98	0.4845074395	4.98	0.0331275127	4.98	0.0296221434	4.98	0.0134915363
4.985	0.4686180955	4.985	0.0319987637	4.985	0.0281673589	4.985	0.0126580278
4.99	0.44106001315	4.99	0.03006881485	4.99	0.026356291	4.99	0.0116759512
4.995	0.42493126805	4.995	0.0289407316	4.995	0.02506368475	4.995	0.0110020408
5	0.40537881355	5	0.02760003545	5	0.0236359072	5	0.0102162926
5.005	0.37978322615	5.005	0.0259200069	5.005	0.02197203965	5.005	0.0092419674
5.01	0.33928543395	5.01	0.0232018489	5.01	0.01947462905	5.01	0.0079268302
5.015	0.31249789295	5.015	0.02129683215	5.015	0.01721710275	5.015	0.0067058653
5.02	0.2043513474	5.02	0.01361167745	5.02	0.01197769085	5.02	0.0047864752
5.025	0.16383989485	5.025	0.0107875535	5.025	0.00987922715	5.025	0.0039869354
5.03	0.14106225125	5.03	0.00927195695	5.03	0.00854588825	5.03	0.0034180507
5.035	0.1244449556	5.035	0.0081732032	5.035	0.00753595215	5.035	0.0029760084
5.04	0.10998135705	5.04	0.0072196307	5.04	0.0066473224	5.04	0.0025883371
5.045	0.1022600454	5.045	0.00662980575	5.045	0.00611509	5.045	0.0023672383
5.05	0.12300409125	5.05	0.0075626417	5.05	0.00717322015	5.05	0.0030888522
5.055	0.146263101	5.055	0.00917031055	5.055	0.00903598285	5.055	0.0043163064
5.06	0.1497525651	5.06	0.0094798111	5.06	0.00933152445	5.06	0.0045578535
5.065	0.1552454843	5.065	0.00996628595	5.065	0.00977630525	5.065	0.0049096665
5.07	0.16283484265	5.07	0.01060145615	5.07	0.0103224093	5.07	0.005336111
5.075	0.1723338217	5.075	0.01133356975	5.075	0.01090266575	5.075	0.005791217
5.08	0.18161003845	5.08	0.0118141526	5.08	0.0112728826	5.08	0.005996294
5.085	0.19663577275	5.085	0.01282639855	5.085	0.0124943854	5.085	0.0064539896
5.09	0.20953783885	5.09	0.0138298682	5.09	0.0134396042	5.09	0.0070599286
5.095	0.22174693545	5.095	0.0146143317	5.095	0.0140613192	5.095	0.0074418066
5.1	0.2447103333	5.1	0.01613587465	5.1	0.0151881663	5.1	0.0080806239
5.105	0.2528194339	5.105	0.01667763625	5.105	0.0156659119	5.105	0.0082422214
5.11	0.2640410207	5.11	0.0174546255	5.11	0.0164109945	5.11	0.0085840234
5.115	0.28102205625	5.115	0.0186976769	5.115	0.01761659435	5.115	0.0091549422
5.12	0.30490973815	5.12	0.02050543015	5.12	0.01933141685	5.12	0.0099251328
5.125	0.3397076957	5.125	0.02298148705	5.125	0.02169216535	5.125	0.0109495838
5.13	0.37519004945	5.13	0.0256529664	5.13	0.02415530095	5.13	0.011965609
5.135	0.4148323924	5.135	0.0285708691	5.135	0.02666376455	5.135	0.0130383388
5.14	0.45205883535	5.14	0.03128019675	5.14	0.02900255335	5.14	0.0139655854
5.145	0.4756354796	5.145	0.03340327605	5.145	0.0311202282	5.145	0.0147486241
5.15	0.5149701024	5.15	0.03639260875	5.15	0.0339277114	5.15	0.0157963563
5.155	0.55644385	5.155	0.03957922375	5.155	0.0368285965	5.155	0.0168757029
5.16	0.6029942963	5.16	0.04345191135	5.16	0.0404003472	5.16	0.0181502846
5.165	0.64412050275	5.165	0.04671642755	5.165	0.04334323395	5.165	0.019431931
5.17	0.71904443045	5.17	0.05229057345	5.17	0.04887166865	5.17	0.0213844694
5.175	0.7619791213	5.175	0.0561092688	5.175	0.052219083	5.175	0.0228112865
5.18	0.82069306875	5.18	0.0611663425	5.18	0.0572659455	5.18	0.0245304231
5.185	0.96237368065	5.185	0.07204133075	5.185	0.06745069625	5.185	0.0281891089
5.19	1.0816351614	5.19	0.0826938139	5.19	0.078183845	5.19	0.0321416194
5.195	1.148814096	5.195	0.0882385677	5.195	0.08463631305	5.195	0.0336779141
5.2	1.12619653455	5.2	0.0878342366	5.2	0.08482274785	5.2	0.0333137183
5.205	1.056291445	5.205	0.083519963	5.205	0.08148322675	5.205	0.0324355043
5.21	1.04413053465	5.21	0.08292581725	5.21	0.08094261585	5.21	0.0326198907
5.215	1.0387546311	5.215	0.08277985955	5.215	0.0809835194	5.215	0.0329585823
5.22	1.03970971395	5.22	0.0830179609	5.22	0.08143974665	5.22	0.0333785199
5.225	1.05680559465	5.225	0.0850996365	5.225	0.08359552	5.225	0.0342259639
5.23	1.0501331213	5.23	0.08477641045	5.23	0.0835135951	5.23	0.0346186291
5.235	1.05681165075	5.235	0.08620467065	5.235	0.08477048015	5.235	0.0354347512
5.24	1.0690597249	5.24	0.08821689845	5.24	0.08688540505	5.24	0.0364409458
5.245	1.09297763395	5.245	0.0911721061	5.245	0.09004488725	5.245	0.0377666558
5.25	1.1448685823	5.25	0.09646880465	5.25	0.0956472753	5.25	0.0399710087
5.255	1.1429178403	5.255	0.09717399555	5.255	0.0957122277	5.255	0.0403345465
5.26	1.16809887345	5.26	0.099744766	5.26	0.09837702855	5.26	0.0417280625
5.265	1.1655222162	5.265	0.1002245499	5.265	0.09819689075	5.265	0.0417365368
5.27	1.178019236	5.27	0.1023392225	5.27	0.10100240045	5.27	0.0427489866
5.275	1.1083810493	5.275	0.0966385706	5.275	0.09697490055	5.275	0.0410527226
5.28	0.9987810627	5.28	0.08713389045	5.28	0.08780252135	5.28	0.0376328367
5.285	0.9001272577	5.285	0.07836596085	5.285	0.0792398054	5.285	0.0345017136
5.29	0.82390498045	5.29	0.0713526736	5.29	0.07225550035	5.29	0.0320182012
5.295	0.77978430255	5.295	0.0670883934	5.295	0.0678042947	5.295	0.0305578085
5.3	0.75250960665	5.3	0.0645234114	5.3	0.06504425435	5.3	0.0297756007
5.305	0.72869353365	5.305	0.06260851155	5.305	0.06288541715	5.305	0.0293157687
5.31	0.7001911371	5.31	0.0603400413	5.31	0.0601087151	5.31	0.0286430638
5.315	0.6805978939	5.315	0.05888320525	5.315	0.0584032479	5.315	0.0282907594
5.32	0.6643546536	5.32	0.0577166896	5.32	0.05702307825	5.32	0.0280876813
5.325	0.651959584	5.325	0.05687459495	5.325	0.05597276475	5.325	0.0280673175
5.33	0.64133563815	5.33	0.0561177105	5.33	0.0550300186	5.33	0.0280125727
5.335	0.64667705205	5.335	0.05695037925	5.335	0.05580886775	5.335	0.0285013227
5.34	0.61921625855	5.34	0.0554475754	5.34	0.05426481585	5.34	0.0284769821
5.345	0.64909536355	5.345	0.05935755245	5.345	0.05769162275	5.345	0.0303771083
5.35	0.68901757015	5.35	0.0643285285	5.35	0.0629796592	5.35	0.0327392403
5.355	0.7162857752	5.355	0.0678260068	5.355	0.0669457103	5.355	0.0344767786
5.36	0.73013892305	5.36	0.0694896653	5.36	0.06907645185	5.36	0.0354625757
5.365	0.7024805689	5.365	0.06614469365	5.365	0.06533295925	5.365	0.0343024833
5.37	0.6917013406	5.37	0.0650480616	5.37	0.0640926938	5.37	0.0340844664
5.375	0.6874099295	5.375	0.0646427085	5.375	0.0635960109	5.375	0.0341520226
5.38	0.6865925976	5.38	0.0646687872	5.38	0.0635684017	5.38	0.0344160734
5.385	0.69101199415	5.385	0.06536357465	5.385	0.06418260635	5.385	0.0350896861
5.39	0.6969753539	5.39	0.06615803955	5.39	0.0650209871	5.39	0.0358352457
5.395	0.7016805671	5.395	0.06661084335	5.395	0.0655099018	5.395	0.0362509566
5.4	0.7068745265	5.4	0.0668216945	5.4	0.065585993	5.4	0.0363688863
5.405	0.7182586071	5.405	0.0678848763	5.405	0.0665220016	5.405	0.0371310769
5.41	0.72737276945	5.41	0.0692481412	5.41	0.0677619212	5.41	0.0381297582
5.415	0.72363616035	5.415	0.06933169685	5.415	0.0680495386	5.415	0.0379536664
5.42	0.72343046345	5.42	0.069667103	5.42	0.06870137175	5.42	0.0379970319
5.425	0.71851996745	5.425	0.0694418679	5.425	0.06870398015	5.425	0.0377876295
5.43	0.7159738158	5.43	0.06955801045	5.43	0.06911682865	5.43	0.037774429
5.435	0.72727681095	5.435	0.07048454615	5.435	0.07029273155	5.435	0.0382584255
5.44	0.7366797746	5.44	0.0719153933	5.44	0.07188128825	5.44	0.0389091238
5.445	0.74232520265	5.445	0.0734768408	5.445	0.07364488085	5.445	0.0398428995
5.45	0.72857570225	5.45	0.073841587	5.45	0.07408568035	5.45	0.0409375331
5.455	0.73319201225	5.455	0.0773118003	5.455	0.07788214785	5.455	0.0440357403
5.46	0.7505386051	5.46	0.08065622895	5.46	0.0815935785	5.46	0.0464570307
5.465	0.7359368697	5.465	0.08061596215	5.465	0.08183137605	5.465	0.0470409151
5.47	0.70632089285	5.47	0.0797946255	5.47	0.08157306235	5.47	0.0472127275
5.475	0.6642107379	5.475	0.07797413825	5.475	0.0800458424	5.475	0.0468481742
5.48	0.62098483685	5.48	0.0756010247	5.48	0.07722463975	5.48	0.0458609702
5.485	0.58257742315	5.485	0.07350359745	5.485	0.0750977955	5.485	0.0448670964
5.49	0.5624888129	5.49	0.07256779795	5.49	0.07419942395	5.49	0.0443695913
5.495	0.54099174675	5.495	0.0717565871	5.495	0.0735780417	5.495	0.0440600929
5.5	0.5141772319	5.5	0.0707479417	5.5	0.07253097105	5.5	0.0437174637
5.505	0.5027036382	5.505	0.0712136343	5.505	0.073202956	5.505	0.0440853161
5.51	0.4879212635	5.51	0.0712016771	5.51	0.0734358929	5.51	0.0441644377
5.515	0.47469643645	5.515	0.0714983918	5.515	0.07399004705	5.515	0.0443906939
5.52	0.4611222708	5.52	0.0717762705	5.52	0.07442217445	5.52	0.0446081857
5.525	0.45469930025	5.525	0.07290779725	5.525	0.07597719425	5.525	0.0453380507
5.53	0.43733537715	5.53	0.07288646565	5.53	0.07624681225	5.53	0.0453227099
5.535	0.42549007675	5.535	0.07309475735	5.535	0.07676802445	5.535	0.0454344157
5.54	0.41457502155	5.54	0.0734908359	5.54	0.07747923565	5.54	0.0456218911
5.545	0.40510912455	5.545	0.07421061835	5.545	0.0784855344	5.545	0.04598305
5.55	0.39695229725	5.55	0.0752876886	5.55	0.0797833991	5.55	0.0464881047
5.555	0.38904270105	5.555	0.07650941845	5.555	0.0811913572	5.555	0.0469969409
5.56	0.3820068331	5.56	0.07787980245	5.56	0.082806282	5.56	0.0475486321
5.565	0.391720671	5.565	0.08116952025	5.565	0.08698388365	5.565	0.0490608848
5.57	0.37658629835	5.57	0.0815307908	5.57	0.08707895135	5.57	0.0489576649
5.575	0.36354755135	5.575	0.08184722615	5.575	0.08724628205	5.575	0.0487498288
5.58	0.35770758165	5.58	0.08332811195	5.58	0.0886446372	5.58	0.0490648325
5.585	0.35051079515	5.585	0.0844770374	5.585	0.0902250044	5.585	0.0493987108
5.59	0.3480581326	5.59	0.0863469725	5.59	0.09274902975	5.59	0.0502041136
5.595	0.35986056905	5.595	0.0912672822	5.595	0.0980916046	5.595	0.0525317932
5.6	0.35506855015	5.6	0.09366713845	5.6	0.1008494407	5.6	0.0528601102
5.605	0.3476379889	5.605	0.09358179245	5.605	0.1002763257	5.605	0.0520782408
5.61	0.3411339397	5.61	0.09494066395	5.61	0.1012011764	5.61	0.0517511587
5.615	0.3510882886	5.615	0.1006913748	5.615	0.10535385085	5.615	0.0526012274
5.62	0.36094771355	5.62	0.10602998345	5.62	0.10969380215	5.62	0.0536167775
5.625	0.3637323588	5.625	0.10787074505	5.625	0.1126646122	5.625	0.0544031742
5.63	0.365470763	5.63	0.10890335585	5.63	0.11547766665	5.63	0.0550702892
5.635	0.3785715188	5.635	0.11219394165	5.635	0.1216465802	5.635	0.0567959388
5.64	0.41796069375	5.64	0.12530278205	5.64	0.14109782965	5.64	0.0616551579
5.645	0.43328749235	5.645	0.12526017845	5.645	0.14200109375	5.645	0.0635185244
5.65	0.3873017211	5.65	0.10593152665	5.65	0.11567383955	5.65	0.0564038311
5.655	0.38325393365	5.655	0.10034745895	5.655	0.1069174129	5.655	0.053697227
5.66	0.36679053715	5.66	0.09453761055	5.66	0.09917834255	5.66	0.0509795733
5.665	0.3557640789	5.665	0.08980632965	5.665	0.09253946455	5.665	0.0485690709
5.67	0.34921000445	5.67	0.0866157629	5.67	0.0876103566	5.67	0.0469497608
5.675	0.3328817895	5.675	0.08017917475	5.675	0.0790004061	5.675	0.0438922249
5.68	0.32584665055	5.68	0.0758818392	5.68	0.0734848558	5.68	0.0412733024
5.685	0.328632923	5.685	0.07551474705	5.685	0.07210549105	5.685	0.0411915604
5.69	0.3299093878	5.69	0.0747753279	5.69	0.07054923415	5.69	0.0408082055
5.695	0.3294636393	5.695	0.07347833375	5.695	0.0685682533	5.695	0.0400664976
5.7	0.32836013445	5.7	0.0720280193	5.7	0.06645534705	5.7	0.0390746267
5.705	0.32822612125	5.705	0.071187193	5.705	0.06496962275	5.705	0.038475259
5.71	0.3182317694	5.71	0.06622697055	5.71	0.05929281315	5.71	0.034887708
5.715	0.3086753397	5.715	0.06247960905	5.715	0.05490002905	5.715	0.0321555868
5.72	0.3023018572	5.72	0.0605778404	5.72	0.05251018505	5.72	0.0307919105
5.725	0.2963604809	5.725	0.0599502558	5.725	0.0518214876	5.725	0.0302612314
5.73	0.30417136955	5.73	0.06568219505	5.73	0.0577706256	5.73	0.0339119954
5.735	0.3182058205	5.735	0.0739961449	5.735	0.0666952651	5.735	0.039206867
5.74	0.3348398102	5.74	0.08387481735	5.74	0.07770469785	5.74	0.046025346
5.745	0.3674367802	5.745	0.1008800896	5.745	0.0974424472	5.745	0.0589274309
5.75	0.39521810705	5.75	0.11721141955	5.75	0.1167269929	5.75	0.0695944701
5.755	0.43235989525	5.755	0.14004054235	5.755	0.14375831295	5.755	0.0858042112
5.76	0.52114394675	5.76	0.1796199121	5.76	0.19406636205	5.76	0.1142916687
5.765	0.6858927363	5.765	0.26199644735	5.765	0.29759535165	5.765	0.1749167095
5.77	0.92692396525	5.77	0.4064085356	5.77	0.4732039546	5.77	0.2781479629
5.775	0.73807560795	5.775	0.31282460875	5.775	0.344842032	5.775	0.2039365141
5.78	0.6220012081	5.78	0.26458147705	5.78	0.29550633895	5.78	0.1727699033
5.785	0.5867618256	5.785	0.24554371065	5.785	0.27762825445	5.785	0.1604998061
5.79	0.6246799887	5.79	0.25981965135	5.79	0.2902457828	5.79	0.1642337897
5.795	0.5961276565	5.795	0.24253032335	5.795	0.2740770993	5.795	0.1568641954
5.8	0.59970812615	5.8	0.2395599322	5.8	0.2668485025	5.8	0.1561083773
5.805	0.55559082555	5.805	0.22284040455	5.805	0.25580974645	5.805	0.1422027728
5.81	0.49738516235	5.81	0.19785560735	5.81	0.22023618375	5.81	0.1239146263
5.815	0.4207772221	5.815	0.1607808672	5.815	0.16973860505	5.815	0.0956594557
5.82	0.3320201383	5.82	0.1381796002	5.82	0.14061376625	5.82	0.0746894557
5.825	0.27182947255	5.825	0.12711547885	5.825	0.12245677975	5.825	0.061475439
5.83	0.2256376193	5.83	0.12035551675	5.83	0.1104866539	5.83	0.0529627562
5.835	0.18111219815	5.835	0.11518951485	5.835	0.09790954925	5.835	0.0429882698
5.84	0.1499661983	5.84	0.13381124265	5.84	0.09466351925	5.84	0.0351762897
5.845	0.1264736376	5.845	0.17191208015	5.845	0.0961357257	5.845	0.025395758
5.85	0.09102782305	5.85	0.103439779	5.85	0.0541934175	5.85	0.0129230877
5.855	0.28433686645	5.855	0.36583144	5.855	0.1768879003	5.855	0.0305727904
5.86	0.517566535	5.86	0.68398024655	5.86	0.33440845285	5.86	0.0591632785
5.865	0.5489307084	5.865	0.73949709245	5.865	0.3637217421	5.865	0.0659928406
5.87	0.52232136965	5.87	0.72230425455	5.87	0.34582596695	5.87	0.058773195
5.875	0.47330944275	5.875	0.67722696465	5.875	0.3175448206	5.875	0.0497222682
5.88	0.4310807825	5.88	0.60314627885	5.88	0.2788488012	5.88	0.0420020323
5.885	0.37727256375	5.885	0.5266805788	5.885	0.2387093264	5.885	0.0336518899
5.89	0.28617657425	5.89	0.3642655865	5.89	0.1651044505	5.89	0.0229648455
5.895	0.2552606068	5.895	0.2978097304	5.895	0.13576540145	5.895	0.020342463
5.9	0.25583074495	5.9	0.2841060385	5.9	0.1295779923	5.9	0.0199093874
5.905	0.2677546774	5.905	0.2848587799	5.905	0.13043016405	5.905	0.0204221274
5.91	0.27165423905	5.91	0.2753200738	5.91	0.12584405725	5.91	0.0200287182
5.915	0.28091309875	5.915	0.2716547931	5.915	0.12429545575	5.915	0.0201777921
5.92	0.2929834359	5.92	0.27053637995	5.92	0.1240784053	5.92	0.020661033
5.925	0.30768084005	5.925	0.27015484835	5.925	0.1243456636	5.925	0.0213551421
5.93	0.3282977316	5.93	0.27014591255	5.93	0.12540618575	5.93	0.022634755
5.935	0.35875581605	5.935	0.27214773665	5.935	0.1279158147	5.935	0.0246171327
5.94	0.3973266292	5.94	0.27806404465	5.94	0.13192683615	5.94	0.0267800045
5.945	0.4295212026	5.945	0.2766145479	5.945	0.1320978766	5.945	0.028100416
5.95	0.45725596635	5.95	0.2733460959	5.95	0.1311289953	5.95	0.028732873
5.955	0.47128883485	5.955	0.2647899439	5.955	0.1266965523	5.955	0.027776004
5.96	0.47687147	5.96	0.25251061195	5.96	0.1199713718	5.96	0.0257470513
5.965	0.50679559075	5.965	0.2481534027	5.965	0.11788948985	5.965	0.0254722518
5.97	0.54187208605	5.97	0.24349242405	5.97	0.1157363064	5.97	0.0253008954
5.975	0.57583651155	5.975	0.23748007575	5.975	0.1132515743	5.975	0.0252997578
5.98	0.6149477821	5.98	0.23586517045	5.98	0.1128120529	5.98	0.0258226069
5.985	0.65507217705	5.985	0.23057973435	5.985	0.1112841944	5.985	0.0267691366
5.99	0.70132763795	5.99	0.2323094859	5.99	0.1132380505	5.99	0.0285525437
5.995	0.70142519475	5.995	0.2172524782	5.995	0.10758990365	5.995	0.0283406162
6	0.68443038105	6	0.20349259605	6	0.1022350509	6	0.0278186325
6.005	0.6648869625	6.005	0.1918155065	6.005	0.0973566883	6.005	0.0272985168
6.01	0.67424028815	6.01	0.18488880395	6.01	0.0950596511	6.01	0.0276242411
6.015	0.6804482555	6.015	0.17869582635	6.015	0.0930397811	6.015	0.0279425698
6.02	0.6861878474	6.02	0.17355250105	6.02	0.0914825777	6.02	0.0282947278
6.025	0.6982561336	6.025	0.1697474697	6.025	0.09064135785	6.025	0.0288460133
6.03	0.7120846446	6.03	0.16683826875	6.03	0.09023217325	6.03	0.0294484172
6.035	0.73556528265	6.035	0.16522312895	6.035	0.0906307281	6.035	0.0304521534
6.04	0.7715557009	6.04	0.16530986565	6.04	0.09208819105	6.04	0.031947619
6.045	0.85282202425	6.045	0.17153003255	6.045	0.0975930093	6.045	0.035436655
6.05	1.012387679	6.05	0.1873734687	6.05	0.10997930325	6.05	0.0424365061
6.055	1.03580585145	6.055	0.1876364935	6.055	0.11011059855	6.055	0.0435955057
6.06	0.64739286835	6.06	0.1588196719	6.06	0.0873920608	6.06	0.027667278
6.065	0.48248433125	6.065	0.143447282	6.065	0.07710044665	6.065	0.0209462756
6.07	0.5085511694	6.07	0.1499377168	6.07	0.08237202005	6.07	0.0228750376
6.075	0.50356894175	6.075	0.1451367597	6.075	0.0785331949	6.075	0.0215189895
6.08	0.5204561079	6.08	0.1480051967	6.08	0.0796462746	6.08	0.0217547207
6.085	0.5523786532	6.085	0.15599474415	6.085	0.08340283205	6.085	0.0226212464
6.09	0.5842486083	6.09	0.1618398751	6.09	0.0863114413	6.09	0.0234684209
6.095	0.62632340045	6.095	0.1674996719	6.095	0.09013272155	6.095	0.0252460988
6.1	0.6772769785	6.1	0.17350076875	6.1	0.0941975206	6.1	0.0273580213
6.105	0.73556017	6.105	0.18051933875	6.105	0.09901388035	6.105	0.0299809242
6.11	0.80942902215	6.11	0.1882315362	6.11	0.10414257915	6.11	0.0327675582
6.115	0.913868972	6.115	0.2022583339	6.115	0.11346652865	6.115	0.038422411
6.12	0.76741875365	6.12	0.18371256225	6.12	0.0985111904	6.12	0.0291272015
6.125	0.72887519275	6.125	0.17580685685	6.125	0.09317193895	6.125	0.0267379841
6.13	0.6558343595	6.13	0.1639706685	6.13	0.08565533825	6.13	0.0231794916
6.135	0.55287077045	6.135	0.14902167555	6.135	0.07614678325	6.135	0.018641313
6.14	0.4917378516	6.14	0.1404870458	6.14	0.07023878205	6.14	0.0158062534
6.145	0.483190608	6.145	0.1352108027	6.145	0.06629386915	6.145	0.0139346364
6.15	0.4898783564	6.15	0.13337990665	6.15	0.06410449485	6.15	0.0133342961
6.155	0.48901576475	6.155	0.130601477	6.155	0.0619865349	6.155	0.0130110134
6.16	0.49115146105	6.16	0.12501773945	6.16	0.05894834785	6.16	0.0128337655
6.165	0.4919278815	6.165	0.1183049441	6.165	0.0556510226	6.165	0.0127066447
6.17	0.4854380187	6.17	0.11233874795	6.17	0.0526010699	6.17	0.0122703365
6.175	0.48679055355	6.175	0.10806802715	6.175	0.0502973323	6.175	0.0119792935
6.18	0.4920791452	6.18	0.1046320391	6.18	0.0486076993	6.18	0.0119812245
6.185	0.49221403835	6.185	0.10018013735	6.185	0.0466075685	6.185	0.0118958246
6.19	0.4960770519	6.19	0.09782903735	6.19	0.04545570205	6.19	0.0120767163
6.195	0.4936795097	6.195	0.09476970345	6.195	0.04396261295	6.195	0.0120042811
6.2	0.50707926485	6.2	0.0916387893	6.2	0.04254485865	6.2	0.0121779611
6.205	0.48497729535	6.205	0.086107626	6.205	0.0399273464	6.205	0.0114033704
6.21	0.46321937085	6.21	0.0809492603	6.21	0.0374541509	6.21	0.0106572783
6.215	0.42914068055	6.215	0.07450563495	6.215	0.03442087895	6.215	0.0096954916
6.22	0.3704511775	6.22	0.0656029047	6.22	0.0302611716	6.22	0.0082549817
6.225	0.29607228025	6.225	0.0563823384	6.225	0.02595588115	6.225	0.0066076867
6.23	0.2337382475	6.23	0.04867620265	6.23	0.0223510037	6.23	0.0052882533
6.235	0.1806337908	6.235	0.0419397926	6.235	0.0191869919	6.235	0.0041454987
6.24	0.1360142585	6.24	0.0356372581	6.24	0.01627513525	6.24	0.003189794
6.245	0.09739891955	6.245	0.02834547335	6.245	0.01293149115	6.245	0.0023472409
6.25	0.0618664597	6.25	0.01932668995	6.25	0.008831917	6.25	0.0015287729
6.255	0.0267051424	6.255	0.00776946015	6.255	0.00356318	6.255	0.0006533805
6.26	1.59016e-05	6.26	3.2351e-06	6.26	1.5008e-06	6.26	3.638e-07
6.265	0	6.265	0	6.265	0	6.265	0
6.27	0.0101371367	6.27	0.0044119779	6.27	0.0026540457	6.27	0.0005604287
6.275	0.03881719145	6.275	0.01774717015	6.275	0.01027485795	6.275	0.0021087962
6.28	0.09653826595	6.28	0.0464395677	6.28	0.02553796095	6.28	0.0050157526
6.285	0.73432028375	6.285	0.4239867049	6.285	0.1849907476	6.285	0.0198192596
6.29	0.9652172494	6.29	0.5419529193	6.29	0.2344272188	6.29	0.0280415767
6.295	1.17803849915	6.295	0.65448737215	6.295	0.28255031685	6.295	0.035628029
6.3	1.5799169107	6.3	0.9386893246	6.3	0.40152425975	6.3	0.0494274748
6.305	1.7820289277	6.305	1.0541012914	6.305	0.4507397226	6.305	0.0587400885
6.31	1.67191189535	6.31	0.9433047712	6.31	0.3998850708	6.31	0.0525342661
6.315	1.40443874395	6.315	0.7843789143	6.315	0.3310225251	6.315	0.041192102
6.32	0.98529312875	6.32	0.53603807595	6.32	0.22698855675	6.32	0.027330425
6.325	0.88376634795	6.325	0.43292090525	6.325	0.1838963538	6.325	0.0227253373
6.33	0.8590754756	6.33	0.37975122395	6.33	0.16183543965	6.33	0.0209571592
6.335	0.86203847515	6.335	0.35177528635	6.335	0.15024506495	6.335	0.0198273371
6.34	0.87682947995	6.34	0.33331851505	6.34	0.14261151875	6.34	0.0189500304
6.345	0.89794649595	6.345	0.32006586625	6.345	0.1370697803	6.345	0.0182277904
6.35	0.94722391955	6.35	0.3181189555	6.35	0.136146048	6.35	0.0181611855
6.355	1.06873535285	6.355	0.33129598375	6.355	0.14146772085	6.355	0.0190894984
6.36	1.1554764633	6.36	0.34274218545	6.36	0.14565903695	6.36	0.0194937333
6.365	1.23510117715	6.365	0.3949508039	6.365	0.1659815835	6.365	0.0198476207
6.37	1.2857297014	6.37	0.35186806005	6.37	0.14808699865	6.37	0.0191591061
6.375	1.3171607676	6.375	0.29689903375	6.375	0.12587990645	6.375	0.0187136365
6.38	1.45646551825	6.38	0.299792475	6.38	0.1266799721	6.38	0.0189535464
6.385	1.6332690112	6.385	0.3093348038	6.385	0.1301837967	6.385	0.0193342645
6.39	1.68119455065	6.39	0.31615262315	6.39	0.13281808685	6.39	0.019746518
6.395	1.74696758535	6.395	0.33432780035	6.395	0.1399773778	6.395	0.0204859508
6.4	1.7445241879	6.4	0.33665872365	6.4	0.1407815759	6.4	0.0206194749
6.405	1.748776717	6.405	0.33509667425	6.405	0.14003403225	6.405	0.0205648108
6.41	1.68504141905	6.41	0.3258709502	6.41	0.13634724875	6.41	0.0197742925
6.415	1.5530864086	6.415	0.2863290838	6.415	0.1203056197	6.415	0.0176401877
6.42	1.49608025875	6.42	0.2741710412	6.42	0.11517914385	6.42	0.0167377477
6.425	1.48163303585	6.425	0.2767416632	6.425	0.11595596565	6.425	0.016504196
6.43	1.48361732785	6.43	0.28718048245	6.43	0.11992105675	6.43	0.0167715026
6.435	1.5066747081	6.435	0.30239143475	6.435	0.12578646715	6.435	0.0172349176
6.44	1.52874795105	6.44	0.3213237441	6.44	0.1332013766	6.44	0.0179070931
6.445	1.60817856755	6.445	0.38021965645	6.445	0.1568890177	6.445	0.0208587043
6.45	1.640151452	6.45	0.4530174126	6.45	0.1853373415	6.45	0.0216198725
6.455	1.72672150815	6.455	0.59130070935	6.455	0.23965748385	6.455	0.0227460775
6.46	1.7517439177	6.46	0.6395750183	6.46	0.2582913914	6.46	0.023059987
6.465	1.7527360182	6.465	0.6343944136	6.465	0.25556130155	6.465	0.0237659791
6.47	1.8722639859	6.47	0.653879338	6.47	0.26274160145	6.47	0.0256760914
6.475	1.38154109495	6.475	0.43381024025	6.475	0.17428734005	6.475	0.0199518983
6.48	0.95629905385	6.48	0.24862462465	6.48	0.10084095355	6.48	0.0131237319
6.485	0.81293651995	6.485	0.18634409775	6.485	0.07593090705	6.485	0.0108960833
6.49	0.7192515096	6.49	0.15402671425	6.49	0.0628558203	6.49	0.0096050899
6.495	0.63673485035	6.495	0.1348463354	6.495	0.05497836645	6.495	0.0085154708
6.5	0.5481736462	6.5	0.1304120779	6.5	0.0529379836	6.5	0.0075606552
6.505	0.46443075805	6.505	0.12598164355	6.505	0.0508720695	6.505	0.006626883
6.51	0.3711426637	6.51	0.0947720533	6.51	0.03832983145	6.51	0.0053765301
6.515	0.2743283806	6.515	0.06869303165	6.515	0.02781214735	6.515	0.004162741
6.52	0.2658796705	6.52	0.0540387503	6.52	0.02205099325	6.52	0.0040792504
6.525	0.01015944965	6.525	0.0348710776	6.525	0.0136616059	6.525	0.0003781186
6.53	0.00668665575	6.53	0.0262289972	6.53	0.010256025	6.53	0.0002686836
6.535	0.00402137195	6.535	0.01860152285	6.535	0.00725751825	6.535	0.0001761408
6.54	0.00209884335	6.54	0.0120446606	6.54	0.00468546445	6.54	0.0001005149
6.545	0.0008216874	6.545	0.00628385335	6.545	0.00243407415	6.545	4.23956e-05
6.55	0.0001850674	6.55	0.00191551235	6.55	0.00074011085	6.55	8.8827e-06
6.555	0	6.555	0	6.555	0	6.555	0
6.56	0	6.56	0	6.56	0	6.56	0
6.565	0	6.565	0	6.565	0	6.565	0
6.57	0	6.57	0	6.57	0	6.57	0
6.575	0	6.575	0	6.575	0	6.575	0
6.58	0	6.58	0	6.58	0	6.58	0
6.585	0	6.585	0	6.585	0	6.585	0
6.59	0.00095017365	6.59	0.00568883215	6.59	0.002212055	6.59	5.0594e-05
6.595	0.0034737982	6.595	0.01513888605	6.595	0.00589698015	6.595	0.0001338611
6.6	0.00802746925	6.6	0.0272996324	6.6	0.0106532457	6.6	0.0002403128
6.605	0.01544090235	6.605	0.04427621025	6.605	0.01730599905	6.605	0.000384561
6.61	0.02841027775	6.61	0.0684794466	6.61	0.026825366	6.61	0.0005900744
6.615	0.04555318605	6.615	0.09914388955	6.615	0.0388926336	6.615	0.0008405056
6.62	0.06502075945	6.62	0.1370114549	6.62	0.05376031275	6.62	0.001136973
6.625	0.08935135175	6.625	0.18838628205	6.625	0.0738899864	6.625	0.0015331627
6.63	0.12580695	6.63	0.26171018675	6.63	0.10268415565	6.63	0.0022004801
6.635	0.24043443775	6.635	0.47073712775	6.635	0.1855633168	6.635	0.0049503147
6.64	0.33172699855	6.64	0.56910426745	6.64	0.2244250879	6.64	0.0061001527
6.645	0.3324372487	6.645	0.50345841145	6.645	0.19905561775	6.645	0.0055240061
6.65	0.3238816176	6.65	0.4636813011	6.65	0.18331860065	6.65	0.0049904368
6.655	0.28703856905	6.655	0.4245585313	6.655	0.1674890256	6.655	0.0044000317
6.66	0.25437825595	6.66	0.3896293462	6.66	0.1535056237	6.66	0.0039061526
6.665	0.2321972862	6.665	0.36652403785	6.665	0.1443205908	6.665	0.0036315197
6.67	0.2124505756	6.67	0.3473351572	6.67	0.13669493095	6.67	0.0034045292
6.675	0.19521241465	6.675	0.3315001783	6.675	0.13039024725	6.675	0.0032152935
6.68	0.18029983865	6.68	0.31812574915	6.68	0.1250657371	6.68	0.0030517651
6.685	0.1684485525	6.685	0.30768612875	6.685	0.12093162755	6.685	0.0029294353
6.69	0.15611726835	6.69	0.2979037614	6.69	0.11704176115	6.69	0.002816475
6.695	0.146247112	6.695	0.2905611571	6.695	0.1141170673	6.695	0.0027242635
6.7	0.13726989835	6.7	0.28400212215	6.7	0.1115079599	6.7	0.0026425592
6.705	0.12964106665	6.705	0.2787498275	6.705	0.1094207067	6.705	0.0025776199
6.71	0.12354266585	6.71	0.2747125578	6.71	0.10782558625	6.71	0.0025329373
6.715	0.11768276515	6.715	0.26992247505	6.715	0.10595056965	6.715	0.0024936592
6.72	0.11219256825	6.72	0.26540112425	6.72	0.1041862582	6.72	0.0024595109
6.725	0.1074898969	6.725	0.2620118873	6.725	0.10286898645	6.725	0.0024352319
6.73	0.1036621299	6.73	0.25929817245	6.73	0.10182121325	6.73	0.0024182013
6.735	0.10034944	6.735	0.2569420354	6.735	0.10091668175	6.735	0.0024046049
6.74	0.0972585496	6.74	0.2547828477	6.74	0.1000907679	6.74	0.0023925069
6.745	0.0943718978	6.745	0.25292389925	6.745	0.099383889	6.745	0.0023821829
6.75	0.0918565638	6.75	0.2528751876	6.75	0.09938853865	6.75	0.0023811812
6.755	0.08969401485	6.755	0.25405334565	6.755	0.09992033815	6.755	0.0023922503
6.76	0.0883419682	6.76	0.2595920155	6.76	0.10238239945	6.76	0.0024469814
6.765	0.0875706154	6.765	0.26805111385	6.765	0.1062176119	6.765	0.0025446801
6.77	0.0861183219	6.77	0.27089117595	6.77	0.10801326075	6.77	0.0026448677
6.775	0.08478636025	6.775	0.27270223715	6.775	0.10946484405	6.775	0.002752313
6.78	0.08407271805	6.78	0.2773398474	6.78	0.11203470695	6.78	0.0028767798
6.785	0.0838418744	6.785	0.2826370758	6.785	0.1148802176	6.785	0.0030103491
6.79	0.116944228	6.79	0.46855651885	6.79	0.20219308085	6.79	0.0056797838
6.795	0.0906398608	6.795	0.3271639424	6.795	0.1368645639	6.795	0.0038695503
6.8	0.08067623445	6.8	0.27618322825	6.8	0.11415964715	6.8	0.0033144128
6.805	0.07366109395	6.805	0.23440555325	6.805	0.0962212873	6.805	0.0029150962
6.81	0.07056319925	6.81	0.22247356755	6.81	0.0909182677	6.81	0.0027839885
6.815	0.0668923104	6.815	0.21053227955	6.815	0.0857408513	6.815	0.0026561418
6.82	0.0635292159	6.82	0.19853063975	6.82	0.0806355535	6.82	0.0025360844
6.825	0.0604097855	6.825	0.1872269085	6.825	0.07590996625	6.825	0.0024319334
6.83	0.05754490025	6.83	0.17675479405	6.83	0.0715841729	6.83	0.0023399437
6.835	0.0821826742	6.835	0.1779197254	6.835	0.07203782655	6.835	0.0024361876
6.84	0.1069739378	6.84	0.18225829235	6.84	0.07389296205	6.84	0.0025108525
6.845	0.1469255918	6.845	0.1972292695	6.845	0.08015815295	6.845	0.0026737633
6.85	0.135098369	6.85	0.1874400763	6.85	0.07622389885	6.85	0.0025589149
6.855	0.1287001038	6.855	0.17969217935	6.855	0.073092295	6.855	0.0024826562
6.86	0.1264357629	6.86	0.17388666135	6.86	0.07076233635	6.86	0.0024316307
6.865	0.11817558425	6.865	0.1648080135	6.865	0.0670376694	6.865	0.002356008
6.87	0.1172020719	6.87	0.16017285065	6.87	0.06518763265	6.87	0.0023181748
6.875	0.11893635125	6.875	0.15728787975	6.875	0.0640806026	6.875	0.0022954026
6.88	0.1207861851	6.88	0.15482276575	6.88	0.06314960265	6.88	0.0022783668
6.885	0.1228021714	6.885	0.1528673323	6.885	0.0624302387	6.885	0.0022682504
6.89	0.1261024058	6.89	0.15220460035	6.89	0.0622555662	6.89	0.0022775345
6.895	0.13440545885	6.895	0.15436399215	6.895	0.06327092925	6.895	0.0023127116
6.9	0.141222058	6.9	0.1576731013	6.9	0.06469133035	6.9	0.002332418
6.905	0.1430274762	6.905	0.1563949644	6.905	0.0642293808	6.905	0.0023051733
6.91	0.14453911545	6.91	0.15549049945	6.91	0.0639872394	6.91	0.0022856141
6.915	0.1437355212	6.915	0.15228941305	6.915	0.0629205769	6.915	0.0022314159
6.92	0.1435555535	6.92	0.1496608422	6.92	0.06225720405	6.92	0.0022042056
6.925	0.14113834485	6.925	0.1450603099	6.925	0.0609722273	6.925	0.0021885402
6.93	0.1403760454	6.93	0.14181888705	6.93	0.0604257722	6.93	0.0021976324
6.935	0.14112867955	6.935	0.13987012205	6.935	0.0606046933	6.935	0.0022340635
6.94	0.14248807905	6.94	0.13848396065	6.94	0.0610871677	6.94	0.0022802063
6.945	0.144252132	6.945	0.13720602045	6.945	0.06148371645	6.945	0.0023215671
6.95	0.1465205933	6.95	0.13657328885	6.95	0.061987818	6.95	0.0023655198
6.955	0.14903807375	6.955	0.13635816435	6.955	0.0628196458	6.955	0.00242506
6.96	0.1515747368	6.96	0.13594587135	6.96	0.0630411988	6.96	0.0024489575
6.965	0.1547790512	6.965	0.1370839734	6.965	0.06392148845	6.965	0.0025007227
6.97	0.1591884833	6.97	0.1402674843	6.97	0.0656577886	6.97	0.0025830151
6.975	0.1633118161	6.975	0.14281647075	6.975	0.06705756125	6.975	0.0026108793
6.98	0.16612209185	6.98	0.14076834615	6.98	0.0664874049	6.98	0.0025346319
6.985	0.1686372071	6.985	0.13892304185	6.985	0.06605233325	6.985	0.0024888748
6.99	0.1700432671	6.99	0.1353647408	6.99	0.06491019395	6.99	0.0024256892
6.995	0.1714250386	6.995	0.13037246655	6.995	0.06317276905	6.995	0.0023382178
7	0.17539996645	7	0.1329324621	7	0.0646601353	7	0.0023961737
7.005	0.1793844652	7.005	0.1329453094	7.005	0.0650826714	7.005	0.0023956847
7.01	0.1815823015	7.01	0.1126000619	7.01	0.05650703615	7.01	0.0018613815
7.015	0.18804910975	7.015	0.11705473195	7.015	0.05882426685	7.015	0.0019426288
7.02	0.19585330135	7.02	0.12206524555	7.02	0.0614522239	7.02	0.002037401
7.025	0.2032940935	7.025	0.1268287394	7.025	0.06417807035	7.025	0.002149019
7.03	0.2102492282	7.03	0.1313228188	7.03	0.06666487975	7.03	0.002253108
7.035	0.2178837553	7.035	0.1367531119	7.035	0.0695181221	7.035	0.0023648817
7.04	0.2260447809	7.04	0.14329544765	7.04	0.07283509095	7.04	0.0024852229
7.045	0.23492306955	7.045	0.151353118	7.045	0.0767710256	7.045	0.0026123771
7.05	0.24482449645	7.05	0.16026512695	7.05	0.0810917134	7.05	0.0027627613
7.055	0.2549136288	7.055	0.1694324979	7.055	0.085557218	7.055	0.0029231751
7.06	0.26376917755	7.06	0.17737872345	7.06	0.08954987945	7.06	0.0030782506
7.065	0.2733571951	7.065	0.1858039776	7.065	0.09378255775	7.065	0.0032478912
7.07	0.2837415556	7.07	0.1949562237	7.07	0.0983445225	7.07	0.0034291903
7.075	0.2968600854	7.075	0.20744339635	7.075	0.10432925365	7.075	0.0036678072
7.08	0.3154656803	7.08	0.2293066565	7.08	0.1142223974	7.08	0.004024587
7.085	0.35251664215	7.085	0.29266161685	7.085	0.1420482186	7.085	0.00520176
7.09	0.3738757837	7.09	0.3161764229	7.09	0.1531374845	7.09	0.0056305078
7.095	0.3934215713	7.095	0.32454026375	7.095	0.15804168105	7.095	0.0057848215
7.1	0.41804844155	7.1	0.33711456815	7.1	0.16605577555	7.1	0.0061679425
7.105	0.44172690475	7.105	0.35386852155	7.105	0.1767477493	7.105	0.0066979636
7.11	0.46165537785	7.11	0.3703465813	7.11	0.1869754966	7.11	0.0071777387
7.115	0.4830539671	7.115	0.39192666345	7.115	0.2003714303	7.115	0.0078733132
7.12	0.50744720525	7.12	0.4174772557	7.12	0.2159558707	7.12	0.008711568
7.125	0.5316607903	7.125	0.4274451752	7.125	0.22283383065	7.125	0.0090129403
7.13	0.5556656749	7.13	0.42845423495	7.13	0.22358707895	7.13	0.0088276137
7.135	0.5713500689	7.135	0.41951373405	7.135	0.2179543272	7.135	0.0082465006
7.14	0.59280868315	7.14	0.4200173204	7.14	0.2185036707	7.14	0.0080779361
7.145	0.65198411085	7.145	0.4453026068	7.145	0.2318027897	7.145	0.0083542176
7.15	0.68616850775	7.15	0.4558913473	7.15	0.23936950845	7.15	0.0085587024
7.155	0.65948844015	7.155	0.42467495535	7.155	0.22471137255	7.155	0.007926837
7.16	0.5985163896	7.16	0.3722993648	7.16	0.1987837969	7.16	0.0069121932
7.165	0.4948375446	7.165	0.297284265	7.165	0.1637046365	7.165	0.0057868861
7.17	0.4461395002	7.17	0.2599227862	7.17	0.14524545285	7.17	0.0051088517
7.175	0.40364213405	7.175	0.2279700035	7.175	0.12938554805	7.175	0.0045418816
7.18	0.365506874	7.18	0.2005028242	7.18	0.1160688121	7.18	0.0040976354
7.185	0.34122309145	7.185	0.18248562865	7.185	0.1083209003	7.185	0.0038677501
7.19	0.30938229435	7.19	0.159639907	7.19	0.09820650845	7.19	0.0035623317
7.195	0.27805100985	7.195	0.1388740807	7.195	0.0883076651	7.195	0.0032507584
7.2	0.2564335876	7.2	0.1240034007	7.2	0.0826092234	7.2	0.0031339441
7.205	0.27041354925	7.205	0.12206026755	7.205	0.089298932	7.205	0.0035987373
7.21	0.22471575115	7.21	0.10125185215	7.21	0.07484434565	7.21	0.0029941884
7.215	0.1568149134	7.215	0.0658738874	7.215	0.0506615924	7.215	0.0020652942
7.22	0.09202273605	7.22	0.0369120485	7.22	0.0286560041	7.22	0.0011526833
7.225	0.00790838995	7.225	0.0027837386	7.225	0.00317637065	7.225	0.0001581677
7.23	0	7.23	0	7.23	0	7.23	0
7.235	0	7.235	0	7.235	0	7.235	0
7.24	0	7.24	0	7.24	0	7.24	0
7.245	0	7.245	0	7.245	0	7.245	0
7.25	0	7.25	0	7.25	0	7.25	0
7.255	0	7.255	0	7.255	0	7.255	0
7.26	0	7.26	0	7.26	0	7.26	0
7.265	0	7.265	0	7.265	0	7.265	0
7.27	0	7.27	0	7.27	0	7.27	0
7.275	0	7.275	0	7.275	0	7.275	0
7.28	0	7.28	0	7.28	0	7.28	0
7.285	0.0003200009	7.285	0.0001399654	7.285	6.556415e-05	7.285	8.96e-07
7.29	0.003426153	7.29	0.00146430205	7.29	0.0007416726	7.29	1.2781e-05
7.295	0.0098180968	7.295	0.00409751665	7.295	0.0022396326	7.295	4.58015e-05
7.3	0.02017860735	7.3	0.008105699	7.3	0.0048987287	7.3	0.0001176304
7.305	0.03730432065	7.305	0.0143369661	7.305	0.0096028676	7.305	0.0002592804
7.31	0.06612830035	7.31	0.0248095222	7.31	0.01755125085	7.31	0.0004960293
7.315	0.1034364103	7.315	0.0385652229	7.315	0.027507752	7.315	0.000775207
7.32	0.13413976615	7.32	0.05016649265	7.32	0.0354364981	7.32	0.0009855807
7.325	0.15852997345	7.325	0.0589310407	7.325	0.0420027215	7.325	0.0011754544
7.33	0.1750120431	7.33	0.06392954385	7.33	0.04697139285	7.33	0.0013496196
7.335	0.19010254695	7.335	0.06819516675	7.335	0.051618934	7.335	0.001517117
7.34	0.1934099972	7.34	0.06825668055	7.34	0.0532032623	7.34	0.0016013458
7.345	0.19182164615	7.345	0.06683749515	7.345	0.0531100296	7.345	0.001613333
7.35	0.19035052435	7.35	0.0656843926	7.35	0.05278158915	7.35	0.0016077109
7.355	0.1945900032	7.355	0.06645505135	7.355	0.05420543205	7.355	0.0016628605
7.36	0.20658744565	7.36	0.07009388025	7.36	0.05761506805	7.36	0.0017692344
7.365	0.21689029795	7.365	0.0730348895	7.365	0.060635642	7.365	0.0018679813
7.37	0.2084695801	7.37	0.0677067019	7.37	0.05985445825	7.37	0.0019270807
7.375	0.19670837385	7.375	0.06090045995	7.375	0.0583283651	7.375	0.0019758063
7.38	0.18890326795	7.38	0.056005517	7.38	0.05768790145	7.38	0.0020373551
7.385	0.18063011405	7.385	0.05107801125	7.385	0.0570230577	7.385	0.0021013322
7.39	0.1752139048	7.39	0.04744435905	7.39	0.05698438715	7.39	0.002173469
7.395	0.17084705715	7.395	0.0442660777	7.395	0.05724179805	7.395	0.0022540619
7.4	0.16642557025	7.4	0.04126676145	7.4	0.0574530496	7.4	0.0023309136
7.405	0.16407413185	7.405	0.03915400125	7.405	0.0580762049	7.405	0.0024117095
7.41	0.1633352914	7.41	0.0377248031	7.41	0.05898772265	7.41	0.0024928313
7.415	0.1625546787	7.415	0.0364170459	7.415	0.0597858164	7.415	0.0025648279
7.42	0.16151362965	7.42	0.0351718885	7.42	0.0604034644	7.42	0.0026253589
7.425	0.1604638877	7.425	0.0340431008	7.425	0.06093877245	7.425	0.002678822
7.43	0.1605473311	7.43	0.0333154095	7.43	0.06171981525	7.43	0.0027363015
7.435	0.16172804045	7.435	0.03288937125	7.435	0.06284239745	7.435	0.0028054425
7.44	0.16341155535	7.44	0.0326034391	7.44	0.0641319677	7.44	0.0028803672
7.445	0.1652607073	7.445	0.0323782281	7.445	0.06546830445	7.445	0.002956275
7.45	0.1672905086	7.45	0.03221488175	7.45	0.0668583597	7.45	0.0030335132
7.455	0.16950203795	7.455	0.03211238855	7.455	0.0683026358	7.455	0.0031121059
7.46	0.17189637365	7.46	0.0320697369	7.46	0.06980163535	7.46	0.0031920772
7.465	0.1744731136	7.465	0.0320855921	7.465	0.0713550462	7.465	0.0032734015
7.47	0.17743412545	7.47	0.03220056615	7.47	0.0730250658	7.47	0.0033582263
7.475	0.18070317625	7.475	0.03239146295	7.475	0.0747896639	7.475	0.0034457672
7.48	0.18426323405	7.48	0.0326487752	7.48	0.07665648435	7.48	0.0035366785
7.485	0.18798819265	7.485	0.0329450379	7.485	0.0785808273	7.485	0.0036292815
7.49	0.1918199326	7.49	0.03326659895	7.49	0.0805405364	7.49	0.0037226527
7.495	0.19577070635	7.495	0.03361348945	7.495	0.08254271705	7.495	0.0038171895
7.5	0.19985264725	7.5	0.03398607115	7.5	0.0845946006	7.5	0.0039133044
7.505	0.20407581745	7.505	0.034384165	7.505	0.08670172725	7.505	0.004011281
7.51	0.20844669765	7.51	0.0348074774	7.51	0.0888682331	7.51	0.0041113263
7.515	0.2135905338	7.515	0.0353607233	7.515	0.0913682655	7.515	0.004226243
7.52	0.21977445965	7.52	0.03609316655	7.52	0.09431754635	7.52	0.0043605255
7.525	0.2262653187	7.525	0.03687929075	7.525	0.0973907261	7.525	0.0044990767
7.53	0.2336478499	7.53	0.03781152945	7.53	0.1008426553	7.53	0.0046535656
7.535	0.2422532191	7.535	0.03894084945	7.535	0.10481720185	7.535	0.0048305553
7.54	0.25100814795	7.54	0.0400915348	7.54	0.1088429137	7.54	0.0050085085
7.545	0.26017747665	7.545	0.0413042556	7.545	0.1130405006	7.545	0.005192725
7.55	0.26999452265	7.55	0.04261285415	7.55	0.1175174922	7.55	0.0053881116
7.555	0.2808162989	7.555	0.0440653497	7.555	0.1224239905	7.555	0.0056009169
7.56	0.29206942935	7.56	0.04559107055	7.56	0.1275276623	7.56	0.0058225339
7.565	0.3045582551	7.565	0.04730030195	7.565	0.13315794275	7.565	0.0060660962
7.57	0.3183398068	7.57	0.04919950205	7.57	0.13934060325	7.57	0.006332568
7.575	0.3333042438	7.575	0.0512721558	7.575	0.1460367833	7.575	0.0066205081
7.58	0.34926710635	7.58	0.05348504795	7.58	0.15316423265	7.58	0.0069259399
7.585	0.36627156285	7.585	0.05584304975	7.585	0.16074853365	7.585	0.0072497038
7.59	0.38455153425	7.59	0.0583837353	7.59	0.16890593625	7.59	0.007596528
7.595	0.40407301495	7.595	0.06110117685	7.595	0.17762634555	7.595	0.0079656967
7.6	0.4273653855	7.6	0.0644760231	7.6	0.1882261826	7.6	0.0084284562
7.605	0.46931604205	7.605	0.0705137728	7.605	0.20659966905	7.605	0.0092415054
7.61	0.5190901403	7.61	0.07774939125	7.61	0.22890305605	7.61	0.0101946141
7.615	0.56384592775	7.615	0.08426833345	7.615	0.24944675815	7.615	0.0110571066
7.62	0.6281589131	7.62	0.09322202235	7.62	0.27743724625	7.62	0.0122203137
7.625	0.7580593567	7.625	0.1128600978	7.625	0.3369177481	7.625	0.0148817483
7.63	0.77432056885	7.63	0.1149036132	7.63	0.34598599915	7.63	0.0152285768
7.635	0.7031517062	7.635	0.1035185565	7.635	0.3126268792	7.635	0.0136558901
7.64	0.6842015349	7.64	0.10026207865	7.64	0.303673182	7.64	0.0131665733
7.645	0.6612533531	7.645	0.09633975065	7.645	0.2925297898	7.645	0.0125829577
7.65	0.643230938	7.65	0.0930501853	7.65	0.2834823954	7.65	0.0121382341
7.655	0.65816388375	7.655	0.0953423984	7.655	0.2912446779	7.655	0.0124497285
7.66	0.5402499016	7.66	0.0767052805	7.66	0.2345511411	7.66	0.0098298963
7.665	0.492547618	7.665	0.06913486215	7.665	0.21185641575	7.665	0.008743569
7.67	0.456867843	7.67	0.0635349675	7.67	0.19499308425	7.67	0.0079557289
7.675	0.42489233765	7.675	0.05851848685	7.675	0.17990445685	7.675	0.0072350391
7.68	0.3995437902	7.68	0.0545325062	7.68	0.1679393909	7.68	0.0066622862
7.685	0.3838459667	7.685	0.0520399204	7.685	0.16055250545	7.685	0.006298315
7.69	0.36862077275	7.69	0.0496431589	7.69	0.15340449235	7.69	0.0059525934
7.695	0.35259924695	7.695	0.04697569515	7.695	0.1453918066	7.695	0.0055621203
7.7	0.33536927125	7.7	0.04414968975	7.7	0.1368107612	7.7	0.0051590507
7.705	0.32339412335	7.705	0.0422065028	7.705	0.1309947805	7.705	0.0048753112
7.71	0.31407469515	7.71	0.0406466886	7.71	0.1263774411	7.71	0.0046377796
7.715	0.30498613215	7.715	0.03923021985	7.715	0.12212846675	7.715	0.0044194968
7.72	0.2936144624	7.72	0.03752888395	7.72	0.1169830889	7.72	0.0041672451
7.725	0.2831869243	7.725	0.03587168335	7.725	0.1120093557	7.725	0.0039188145
7.73	0.27478187355	7.73	0.03447639985	7.73	0.1078410242	7.73	0.0037048751
7.735	0.26677957165	7.735	0.0331572484	7.735	0.1038840493	7.735	0.0035044857
7.74	0.25910023585	7.74	0.0319035582	7.74	0.10010568065	7.74	0.0033155719
7.745	0.255000375	7.745	0.0310999374	7.745	0.0977095634	7.745	0.0031812295
7.75	0.2605360318	7.75	0.03145470255	7.75	0.09899037195	7.75	0.0031745292
7.755	0.2630968686	7.755	0.0318020325	7.755	0.1002398943	7.755	0.0031899202
7.76	0.22295225455	7.76	0.0266151205	7.76	0.0839015076	7.76	0.00257513
7.765	0.20662999145	7.765	0.024264673	7.765	0.076614177	7.765	0.0022668985
7.77	0.2097008735	7.77	0.02437838555	7.77	0.07719573955	7.77	0.0022365809
7.775	0.2047469199	7.775	0.02366656285	7.775	0.07509842115	7.775	0.0021379613
7.78	0.1889522222	7.78	0.0217006137	7.78	0.0688661893	7.78	0.0019053116
7.785	0.1970099452	7.785	0.02232045715	7.785	0.0705649424	7.785	0.0018463621
7.79	0	7.79	0	7.79	0	7.79	0
7.795	0	7.795	0	7.795	0	7.795	0
7.8	0	7.8	0	7.8	0	7.8	0
7.805	0	7.805	0	7.805	0	7.805	0
7.81	0	7.81	0	7.81	0	7.81	0
7.815	0	7.815	0	7.815	0	7.815	0
7.82	0	7.82	0	7.82	0	7.82	0
7.825	0	7.825	0	7.825	0	7.825	0
7.83	0	7.83	0	7.83	0	7.83	0
7.835	0	7.835	0	7.835	0	7.835	0
7.84	0	7.84	0	7.84	0	7.84	0
7.845	0	7.845	0	7.845	0	7.845	0
7.85	0	7.85	0	7.85	0	7.85	0
7.855	0	7.855	0	7.855	0	7.855	0
7.86	0	7.86	0	7.86	0	7.86	0
7.865	0	7.865	0	7.865	0	7.865	0
7.87	0	7.87	0	7.87	0	7.87	0
7.875	0	7.875	0	7.875	0	7.875	0
7.88	0	7.88	0	7.88	0	7.88	0
7.885	0	7.885	0	7.885	0	7.885	0
7.89	0	7.89	0	7.89	0	7.89	0
7.895	0	7.895	0	7.895	0	7.895	0
7.9	0	7.9	0	7.9	0	7.9	0
7.905	0	7.905	0	7.905	0	7.905	0
7.91	0	7.91	0	7.91	0	7.91	0
7.915	0	7.915	0	7.915	0	7.915	0
7.92	0	7.92	0	7.92	0	7.92	0
7.925	0	7.925	0	7.925	0	7.925	0
7.93	0	7.93	0	7.93	0	7.93	0
7.935	0	7.935	0	7.935	0	7.935	0
7.94	0	7.94	0	7.94	0	7.94	0
7.945	0	7.945	0	7.945	0	7.945	0
7.95	0	7.95	0	7.95	0	7.95	0
7.955	0	7.955	0	7.955	0	7.955	0
7.96	0	7.96	0	7.96	0	7.96	0
7.965	0	7.965	0	7.965	0	7.965	0
7.97	0	7.97	0	7.97	0	7.97	0
7.975	0.07745198095	7.975	0.01151646365	7.975	0.0371559538	7.975	0.0013414981
7.98	0.2492659914	7.98	0.02833492425	7.98	0.0910366209	7.98	0.0032591285
7.985	0.4185098339	7.985	0.0435932716	7.985	0.1397124597	7.985	0.0049639938
7.99	0.6105473083	7.99	0.06121616645	7.99	0.1957135406	7.99	0.0069025777
7.995	1.30869856255	7.995	0.11694601155	7.995	0.3731752892	7.995	0.0133440963
8	0.95305173255	8	0.09610574625	8	0.30619591715	8	0.0106610072
8.005	1.1309673328	8.005	0.11340932155	8.005	0.36062776475	8.005	0.0124575256
8.01	1.3543734761	8.01	0.13616887645	8.01	0.43207783435	8.01	0.0148223145
8.015	1.67791573075	8.015	0.1668336891	8.015	0.5281885744	8.015	0.0180516603
8.02	1.99996771045	8.02	0.19950674595	8.02	0.6300828336	8.02	0.0213571655
8.025	2.86986066115	8.025	0.2862912089	8.025	0.90317257635	8.025	0.0307203697
8.03	3.3517040682	8.03	0.33030022655	8.03	1.0408076072	8.03	0.0349792541
8.035	3.0704370195	8.035	0.29607506125	8.035	0.9281159378	8.035	0.0305233995
8.04	3.28711679525	8.04	0.31496756405	8.04	0.98310680085	8.04	0.0320262472
8.045	3.3315512518	8.045	0.3242870335	8.045	1.01755338185	8.045	0.0324482561
8.05	3.10870572525	8.05	0.2974760192	8.05	0.93503532225	8.05	0.0286417829
8.055	3.07709422075	8.055	0.29153999445	8.055	0.92036431845	8.055	0.0269566105
8.06	3.2131532689	8.06	0.2986120528	8.06	0.9488158355	8.06	0.0266425996
8.065	3.42170974075	8.065	0.3119407728	8.065	0.99838298555	8.065	0.0266367911
8.07	4.1955175268	8.07	0.3743710968	8.07	1.21115627915	8.07	0.0302338592
8.075	5.0427054567	8.075	0.43802177905	8.075	1.4310674994	8.075	0.0336838932
8.08	5.67829651995	8.08	0.48979843485	8.08	1.61075738355	8.08	0.0363032774
8.085	6.50491389645	8.085	0.557344187	8.085	1.843197635	8.085	0.0407709778
8.09	3.63225889015	8.09	0.3080164453	8.09	1.00967801755	8.09	0.0227422885
8.095	2.4305124742	8.095	0.21330551615	8.095	0.6938189633	8.095	0.0159189112
8.1	1.8671735786	8.1	0.16418976	8.1	0.5292685645	8.1	0.0124254308
8.105	1.5455721804	8.105	0.13639667325	8.105	0.43660379275	8.105	0.0104612879
8.11	1.2538726737	8.11	0.1111652987	8.11	0.35505552265	8.11	0.0085704399
8.115	0.9784427505	8.115	0.08665309245	8.115	0.2777200339	8.115	0.0066387723
8.12	0.7825149867	8.12	0.0687877956	8.12	0.2210024674	8.12	0.0052842414
8.125	0.55052109705	8.125	0.0479006903	8.125	0.15506625545	8.125	0.0036435148
8.13	0.34350130825	8.13	0.0297726635	8.13	0.09705357665	8.13	0.002252849
8.135	0.8640792974	8.135	0.0739522707	8.135	0.2444146905	8.135	0.0064717061
8.14	4.36238678675	8.14	0.3729559449	8.14	1.23633790315	8.14	0.0320018717
8.145	10.0017715887	8.145	0.8502130709	8.145	2.84603696025	8.145	0.0685724669
8.15	10.86430864015	8.15	0.9107899047	8.15	3.07610140765	8.15	0.0723560151
8.155	2.3552178685	8.155	0.20903756535	8.155	0.68693416735	8.155	0.0175251106
8.16	1.7174448314	8.16	0.1533649406	8.16	0.49993728525	8.16	0.0130395177
8.165	1.36145714	8.165	0.1220606384	8.165	0.39688133815	8.165	0.0103986637
8.17	1.1085642055	8.17	0.09927665415	8.17	0.32272886595	8.17	0.0084171604
8.175	0.94016333755	8.175	0.0845697996	8.175	0.2750542529	8.175	0.0071191285
8.18	0.8197285011	8.18	0.0740763936	8.18	0.2409562635	8.18	0.0061978414
8.185	0.7336688862	8.185	0.0663582051	8.185	0.2155754767	8.185	0.0055379301
8.19	0.66357469815	8.19	0.0598699294	8.19	0.1942199681	8.19	0.0049817217
8.195	0.60878867795	8.195	0.05494257605	8.195	0.17812363065	8.195	0.0045485621
8.2	0.55945790195	8.2	0.0505521732	8.2	0.16381476965	8.2	0.004159547
8.205	0.51290015935	8.205	0.04644285995	8.205	0.1504406423	8.205	0.0037934328
8.21	0.47170552875	8.21	0.0427987202	8.21	0.1385764926	8.21	0.0034691062
8.215	0.4372856875	8.215	0.03971038715	8.215	0.1285321292	8.215	0.0031988888
8.22	0.4075138582	8.22	0.0368832691	8.22	0.1192847426	8.22	0.0029598716
8.225	0.37822506	8.225	0.03410791815	8.225	0.1101940054	8.225	0.0027272329
8.23	0.34854197275	8.23	0.03132643255	8.23	0.10108568115	8.23	0.0024941043
8.235	0.3185513436	8.235	0.02858401295	8.235	0.0920904282	8.235	0.0022657574
8.24	0.2942873545	8.24	0.026885721	8.24	0.08671433735	8.24	0.0021177841
8.245	0.2580679774	8.245	0.02367690455	8.245	0.07620617355	8.245	0.0018738691
8.25	0.22596785435	8.25	0.0207194292	8.25	0.0665119833	8.25	0.0016524109
8.255	0.19684670865	8.255	0.0179691944	8.255	0.05756131725	8.255	0.0014481801
8.26	0.16826224825	8.26	0.0152363491	8.26	0.04869557635	8.26	0.0012489591
8.265	0.14143786855	8.265	0.0126968725	8.265	0.04047348195	8.265	0.0010625284
8.27	0.10436214765	8.27	0.0092860053	8.27	0.0294840796	8.27	0.0008082322
8.275	0.0576500226	8.275	0.0052509258	8.275	0.01662272115	8.275	0.0004674434
8.28	0.03882045275	8.28	0.0035803643	8.28	0.0113256556	8.28	0.000322005
8.285	0.02645503525	8.285	0.00245362895	8.285	0.0077496377	8.285	0.0002244876
8.29	0.0164790299	8.29	0.00153697475	8.29	0.0048470575	8.29	0.0001429993
8.295	0.0088719801	8.295	0.00083212945	8.295	0.0026202561	8.295	7.87017e-05
8.3	0.0036134291	8.3	0.00034082055	8.3	0.00107157505	8.3	3.27561e-05
8.305	0.0006829203	8.305	6.477585e-05	8.305	0.00020335565	8.305	6.3242e-06
8.31	0	8.31	0	8.31	0	8.31	0
8.315	0	8.315	0	8.315	0	8.315	0
8.32	0	8.32	0	8.32	0	8.32	0
8.325	0	8.325	0	8.325	0	8.325	0
8.33	0	8.33	0	8.33	0	8.33	0
8.335	0	8.335	0	8.335	0	8.335	0
8.34	0	8.34	0	8.34	0	8.34	0
8.345	0	8.345	0	8.345	0	8.345	0
8.35	0	8.35	0	8.35	0	8.35	0
8.355	0	8.355	0	8.355	0	8.355	0
8.36	0	8.36	0	8.36	0	8.36	0
8.365	0	8.365	0	8.365	0	8.365	0
8.37	0	8.37	0	8.37	0	8.37	0
8.375	0	8.375	0	8.375	0	8.375	0
8.38	0	8.38	0	8.38	0	8.38	0
8.385	0	8.385	0	8.385	0	8.385	0
8.39	0	8.39	0	8.39	0	8.39	0
8.395	0	8.395	0	8.395	0	8.395	0
8.4	0	8.4	0	8.4	0	8.4	0
8.405	0	8.405	0	8.405	0	8.405	0
8.41	0	8.41	0	8.41	0	8.41	0
8.415	0	8.415	0	8.415	0	8.415	0
8.42	0	8.42	0	8.42	0	8.42	0
8.425	0	8.425	0	8.425	0	8.425	0
8.43	0	8.43	0	8.43	0	8.43	0
8.435	0	8.435	0	8.435	0	8.435	0
8.44	0	8.44	0	8.44	0	8.44	0
8.445	0	8.445	0	8.445	0	8.445	0
8.45	0	8.45	0	8.45	0	8.45	0
8.455	0	8.455	0	8.455	0	8.455	0
8.46	0	8.46	0	8.46	0	8.46	0
8.465	0	8.465	0	8.465	0	8.465	0
8.47	0	8.47	0	8.47	0	8.47	0
8.475	0	8.475	0	8.475	0	8.475	0
8.48	0	8.48	0	8.48	0	8.48	0
8.485	0	8.485	0	8.485	0	8.485	0
8.49	0	8.49	0	8.49	0	8.49	0
8.495	0	8.495	0	8.495	0	8.495	0
8.5	0	8.5	0	8.5	0	8.5	0
8.505	0	8.505	0	8.505	0	8.505	0
8.51	0	8.51	0	8.51	0	8.51	0
8.515	0	8.515	0	8.515	0	8.515	0
8.52	0	8.52	0	8.52	0	8.52	0
8.525	0	8.525	0	8.525	0	8.525	0
8.53	0	8.53	0	8.53	0	8.53	0
8.535	0	8.535	0	8.535	0	8.535	0
8.54	0	8.54	0	8.54	0	8.54	0
8.545	0	8.545	0	8.545	0	8.545	0
8.55	0	8.55	0	8.55	0	8.55	0
8.555	0	8.555	0	8.555	0	8.555	0
8.56	0	8.56	0	8.56	0	8.56	0
8.565	0	8.565	0	8.565	0	8.565	0
8.57	0	8.57	0	8.57	0	8.57	0
8.575	0	8.575	0	8.575	0	8.575	0
8.58	0	8.58	0	8.58	0	8.58	0
8.585	0	8.585	0	8.585	0	8.585	0
8.59	0	8.59	0	8.59	0	8.59	0
8.595	0	8.595	0	8.595	0	8.595	0
8.6	0	8.6	0	8.6	0	8.6	0
8.605	0	8.605	0	8.605	0	8.605	0
8.61	0	8.61	0	8.61	0	8.61	0
8.615	0	8.615	0	8.615	0	8.615	0
8.62	0	8.62	0	8.62	0	8.62	0
8.625	0	8.625	0	8.625	0	8.625	0
8.63	0	8.63	0	8.63	0	8.63	0
8.635	0	8.635	0	8.635	0	8.635	0
8.64	0	8.64	0	8.64	0	8.64	0
8.645	0	8.645	0	8.645	0	8.645	0
8.65	0	8.65	0	8.65	0	8.65	0
8.655	0	8.655	0	8.655	0	8.655	0
8.66	0	8.66	0	8.66	0	8.66	0
8.665	0	8.665	0	8.665	0	8.665	0
8.67	0	8.67	0	8.67	0	8.67	0
8.675	0	8.675	0	8.675	0	8.675	0
8.68	0	8.68	0	8.68	0	8.68	0
8.685	0	8.685	0	8.685	0	8.685	0
8.69	0	8.69	0	8.69	0	8.69	0
8.695	0	8.695	0	8.695	0	8.695	0
8.7	0	8.7	0	8.7	0	8.7	0
8.705	0	8.705	0	8.705	0	8.705	0
8.71	0	8.71	0	8.71	0	8.71	0
8.715	0	8.715	0	8.715	0	8.715	0
8.72	0	8.72	0	8.72	0	8.72	0
8.725	0	8.725	0	8.725	0	8.725	0
8.73	0	8.73	0	8.73	0	8.73	0
8.735	0	8.735	0	8.735	0	8.735	0
8.74	0	8.74	0	8.74	0	8.74	0
8.745	0	8.745	0	8.745	0	8.745	0
8.75	0	8.75	0	8.75	0	8.75	0
8.755	0	8.755	0	8.755	0	8.755	0
8.76	0	8.76	0	8.76	0	8.76	0
8.765	0	8.765	0	8.765	0	8.765	0
8.77	0	8.77	0	8.77	0	8.77	0
8.775	0	8.775	0	8.775	0	8.775	0
8.78	0	8.78	0	8.78	0	8.78	0
8.785	0	8.785	0	8.785	0	8.785	0
8.79	0	8.79	0	8.79	0	8.79	0
8.795	0	8.795	0	8.795	0	8.795	0
8.8	0	8.8	0	8.8	0	8.8	0
8.805	0	8.805	0	8.805	0	8.805	0
8.81	0	8.81	0	8.81	0	8.81	0
8.815	0	8.815	0	8.815	0	8.815	0
8.82	0	8.82	0	8.82	0	8.82	0
8.825	0	8.825	0	8.825	0	8.825	0
8.83	0	8.83	0	8.83	0	8.83	0
8.835	0	8.835	0	8.835	0	8.835	0
8.84	0	8.84	0	8.84	0	8.84	0
8.845	0	8.845	0	8.845	0	8.845	0
8.85	0	8.85	0	8.85	0	8.85	0
8.855	0	8.855	0	8.855	0	8.855	0
8.86	0	8.86	0	8.86	0	8.86	0
8.865	0	8.865	0	8.865	0	8.865	0
8.87	0	8.87	0	8.87	0	8.87	0
8.875	0	8.875	0	8.875	0	8.875	0
8.88	0	8.88	0	8.88	0	8.88	0
8.885	0	8.885	0	8.885	0	8.885	0
8.89	0	8.89	0	8.89	0	8.89	0
8.895	0	8.895	0	8.895	0	8.895	0
8.9	0	8.9	0	8.9	0	8.9	0
8.905	0	8.905	0	8.905	0	8.905	0
8.91	0	8.91	0	8.91	0	8.91	0
8.915	0	8.915	0	8.915	0	8.915	0
8.92	0	8.92	0	8.92	0	8.92	0
8.925	0	8.925	0	8.925	0	8.925	0
8.93	0	8.93	0	8.93	0	8.93	0
8.935	0	8.935	0	8.935	0	8.935	0
8.94	0	8.94	0	8.94	0	8.94	0
8.945	0	8.945	0	8.945	0	8.945	0
8.95	0	8.95	0	8.95	0	8.95	0
8.955	0	8.955	0	8.955	0	8.955	0
8.96	0	8.96	0	8.96	0	8.96	0
8.965	0	8.965	0	8.965	0	8.965	0
8.97	0	8.97	0	8.97	0	8.97	0
8.975	0	8.975	0	8.975	0	8.975	0
8.98	0	8.98	0	8.98	0	8.98	0
8.985	0	8.985	0	8.985	0	8.985	0
8.99	0	8.99	0	8.99	0	8.99	0
8.995	0	8.995	0	8.995	0	8.995	0
9	0	9	0	9	0	9	0
9.005	0	9.005	0	9.005	0	9.005	0
9.01	0	9.01	0	9.01	0	9.01	0
9.015	0	9.015	0	9.015	0	9.015	0
9.02	0	9.02	0	9.02	0	9.02	0
9.025	0	9.025	0	9.025	0	9.025	0
9.03	0	9.03	0	9.03	0	9.03	0
9.035	0	9.035	0	9.035	0	9.035	0
9.04	0	9.04	0	9.04	0	9.04	0
9.045	0	9.045	0	9.045	0	9.045	0
9.05	0	9.05	0	9.05	0	9.05	0
9.055	0	9.055	0	9.055	0	9.055	0
9.06	0	9.06	0	9.06	0	9.06	0
9.065	0	9.065	0	9.065	0	9.065	0
9.07	0	9.07	0	9.07	0	9.07	0
9.075	0	9.075	0	9.075	0	9.075	0
9.08	0	9.08	0	9.08	0	9.08	0
9.085	0	9.085	0	9.085	0	9.085	0
9.09	0	9.09	0	9.09	0	9.09	0
9.095	0	9.095	0	9.095	0	9.095	0
9.1	0	9.1	0	9.1	0	9.1	0
9.105	0	9.105	0	9.105	0	9.105	0
9.11	0	9.11	0	9.11	0	9.11	0
9.115	0	9.115	0	9.115	0	9.115	0
9.12	0	9.12	0	9.12	0	9.12	0
9.125	0	9.125	0	9.125	0	9.125	0
9.13	0	9.13	0	9.13	0	9.13	0
9.135	0	9.135	0	9.135	0	9.135	0
9.14	0	9.14	0	9.14	0	9.14	0
9.145	0	9.145	0	9.145	0	9.145	0
9.15	0	9.15	0	9.15	0	9.15	0
9.155	0	9.155	0	9.155	0	9.155	0
9.16	0	9.16	0	9.16	0	9.16	0
9.165	0	9.165	0	9.165	0	9.165	0
9.17	0	9.17	0	9.17	0	9.17	0
9.175	0	9.175	0	9.175	0	9.175	0
9.18	0	9.18	0	9.18	0	9.18	0
9.185	0	9.185	0	9.185	0	9.185	0
9.19	0	9.19	0	9.19	0	9.19	0
9.195	0	9.195	0	9.195	0	9.195	0
9.2	0	9.2	0	9.2	0	9.2	0
9.205	0	9.205	0	9.205	0	9.205	0
9.21	0	9.21	0	9.21	0	9.21	0
9.215	0	9.215	0	9.215	0	9.215	0
9.22	0	9.22	0	9.22	0	9.22	0
9.225	0	9.225	0	9.225	0	9.225	0
9.23	0	9.23	0	9.23	0	9.23	0
9.235	0	9.235	0	9.235	0	9.235	0
9.24	0	9.24	0	9.24	0	9.24	0
9.245	0	9.245	0	9.245	0	9.245	0
9.25	0	9.25	0	9.25	0	9.25	0
9.255	0	9.255	0	9.255	0	9.255	0
9.26	0	9.26	0	9.26	0	9.26	0
9.265	0	9.265	0	9.265	0	9.265	0
9.27	0	9.27	0	9.27	0	9.27	0
9.275	0	9.275	0	9.275	0	9.275	0
9.28	0	9.28	0	9.28	0	9.28	0
9.285	0	9.285	0	9.285	0	9.285	0
9.29	0	9.29	0	9.29	0	9.29	0
9.295	0	9.295	0	9.295	0	9.295	0
9.3	0	9.3	0	9.3	0	9.3	0
9.305	0	9.305	0	9.305	0	9.305	0
9.31	0	9.31	0	9.31	0	9.31	0
9.315	0	9.315	0	9.315	0	9.315	0
9.32	0	9.32	0	9.32	0	9.32	0
9.325	0	9.325	0	9.325	0	9.325	0
9.33	0	9.33	0	9.33	0	9.33	0
9.335	0	9.335	0	9.335	0	9.335	0
9.34	0	9.34	0	9.34	0	9.34	0
9.345	0	9.345	0	9.345	0	9.345	0
9.35	0	9.35	0	9.35	0	9.35	0
9.355	0	9.355	0	9.355	0	9.355	0
9.36	0	9.36	0	9.36	0	9.36	0
9.365	0	9.365	0	9.365	0	9.365	0
9.37	0	9.37	0	9.37	0	9.37	0
9.375	0	9.375	0	9.375	0	9.375	0
9.38	0	9.38	0	9.38	0	9.38	0
9.385	0	9.385	0	9.385	0	9.385	0
9.39	0	9.39	0	9.39	0	9.39	0
9.395	0	9.395	0	9.395	0	9.395	0
9.4	0	9.4	0	9.4	0	9.4	0
9.405	0	9.405	0	9.405	0	9.405	0
9.41	0	9.41	0	9.41	0	9.41	0
9.415	0	9.415	0	9.415	0	9.415	0
9.42	0.21119749295	9.42	0.46892406355	9.42	0.1646135826	9.42	0.8297842966
9.425	0.57491204035	9.425	1.2466558372	9.425	0.43831603	9.425	2.1996807714
9.43	0.76624042365	9.43	1.5553238015	9.43	0.55332595995	9.43	2.7315230883
9.435	0.59602242625	9.435	1.15785495555	9.435	0.41626676555	9.435	2.0241300658
9.44	0.10814112765	9.44	0.23748617145	9.44	0.0840393656	9.44	0.4203259312
9.445	0.09278554475	9.445	0.19842500865	9.445	0.0720572722	9.445	0.3518607549
9.45	0.16788877785	9.45	0.3252538755	9.45	0.12022680145	9.45	0.5760089926
9.455	0.2821680778	9.455	0.50656618305	9.455	0.18851404125	9.455	0.894881555
9.46	0.57673712705	9.46	0.96070955035	9.46	0.3602911461	9.46	1.6935547757
9.465	0.9488961518	9.465	1.816196404	9.465	0.6897656205	9.465	3.206859554
9.47	0.7287382538	9.47	1.2658903854	9.47	0.48585930595	9.47	2.2346250385
9.475	0.365349137	9.475	0.67673054	9.475	0.2555654288	9.475	1.1976897062
9.48	0.4875676518	9.48	0.82815772495	9.48	0.31655784015	9.48	1.4608400881
9.485	0.49603723345	9.485	0.68047085775	9.485	0.25867265145	9.485	1.1964573685
9.49	0.82065013185	9.49	1.1855963212	9.49	0.4455640213	9.49	2.0920543729
9.495	1.3458098346	9.495	1.9843840887	9.495	0.7382137609	9.495	3.4975125846
9.5	0.5285766384	9.5	0.81992334235	9.5	0.3088655338	9.5	1.443422988
9.505	0.3725192551	9.505	0.55314790445	9.505	0.20664761675	9.505	0.9725472544
9.51	1.5885498989	9.51	2.1857994862	9.51	0.8136853832	9.51	3.824418232
9.515	0.748452973	9.515	1.25342237375	9.515	0.4806703099	9.515	2.1814339071
9.52	0.56672709675	9.52	1.0449838381	9.52	0.40592420425	9.52	1.8127281529
9.525	0	9.525	0	9.525	0	9.525	0
9.53	0	9.53	0	9.53	0	9.53	0
9.535	0	9.535	0	9.535	0	9.535	0
9.54	0	9.54	0	9.54	0	9.54	0
9.545	0	9.545	0	9.545	0	9.545	0
9.55	0	9.55	0	9.55	0	9.55	0
9.555	0	9.555	0	9.555	0	9.555	0
9.56	0	9.56	0	9.56	0	9.56	0
9.565	0	9.565	0	9.565	0	9.565	0
9.57	0	9.57	0	9.57	0	9.57	0
9.575	0	9.575	0	9.575	0	9.575	0
9.58	0	9.58	0	9.58	0	9.58	0
9.585	0	9.585	0	9.585	0	9.585	0
9.59	0	9.59	0	9.59	0	9.59	0
9.595	0	9.595	0	9.595	0	9.595	0
9.6	0	9.6	0	9.6	0	9.6	0
9.605	0	9.605	0	9.605	0	9.605	0
9.61	0	9.61	0	9.61	0	9.61	0
9.615	0	9.615	0	9.615	0	9.615	0
9.62	0	9.62	0	9.62	0	9.62	0
9.625	0	9.625	0	9.625	0	9.625	0
9.63	0	9.63	0	9.63	0	9.63	0
9.635	0	9.635	0	9.635	0	9.635	0
9.64	0	9.64	0	9.64	0	9.64	0
9.645	0	9.645	0	9.645	0	9.645	0
9.65	0	9.65	0	9.65	0	9.65	0
9.655	0	9.655	0	9.655	0	9.655	0
9.66	0	9.66	0	9.66	0	9.66	0
9.665	0	9.665	0	9.665	0	9.665	0
9.67	0	9.67	0	9.67	0	9.67	0
9.675	0	9.675	0	9.675	0	9.675	0
9.68	0	9.68	0	9.68	0	9.68	0
9.685	0	9.685	0	9.685	0	9.685	0
9.69	0	9.69	0	9.69	0	9.69	0
9.695	0	9.695	0	9.695	0	9.695	0
9.7	0	9.7	0	9.7	0	9.7	0
9.705	0	9.705	0	9.705	0	9.705	0
9.71	0	9.71	0	9.71	0	9.71	0
9.715	0	9.715	0	9.715	0	9.715	0
9.72	0	9.72	0	9.72	0	9.72	0
9.725	0	9.725	0	9.725	0	9.725	0
9.73	0	9.73	0	9.73	0	9.73	0
9.735	0	9.735	0	9.735	0	9.735	0
9.74	0	9.74	0	9.74	0	9.74	0
9.745	0	9.745	0	9.745	0	9.745	0
9.75	0	9.75	0	9.75	0	9.75	0
9.755	0	9.755	0	9.755	0	9.755	0
9.76	0	9.76	0	9.76	0	9.76	0
9.765	0	9.765	0	9.765	0	9.765	0
9.77	0	9.77	0	9.77	0	9.77	0
9.775	0	9.775	0	9.775	0	9.775	0
9.78	0	9.78	0	9.78	0	9.78	0
9.785	0	9.785	0	9.785	0	9.785	0
9.79	0	9.79	0	9.79	0	9.79	0
9.795	0	9.795	0	9.795	0	9.795	0
9.8	0	9.8	0	9.8	0	9.8	0
9.805	0	9.805	0	9.805	0	9.805	0
9.81	0	9.81	0	9.81	0	9.81	0
9.815	0	9.815	0	9.815	0	9.815	0
9.82	0	9.82	0	9.82	0	9.82	0
9.825	0	9.825	0	9.825	0	9.825	0
9.83	0	9.83	0	9.83	0	9.83	0
9.835	0	9.835	0	9.835	0	9.835	0
9.84	0	9.84	0	9.84	0	9.84	0
9.845	0	9.845	0	9.845	0	9.845	0
9.85	0	9.85	0	9.85	0	9.85	0
9.855	0	9.855	0	9.855	0	9.855	0
9.86	0	9.86	0	9.86	0	9.86	0
9.865	0	9.865	0	9.865	0	9.865	0
9.87	0	9.87	0	9.87	0	9.87	0
9.875	0	9.875	0	9.875	0	9.875	0
9.88	0	9.88	0	9.88	0	9.88	0
9.885	0	9.885	0	9.885	0	9.885	0
9.89	0	9.89	0	9.89	0	9.89	0
9.895	0	9.895	0	9.895	0	9.895	0
9.9	0	9.9	0	9.9	0	9.9	0
9.905	0	9.905	0	9.905	0	9.905	0
9.91	0	9.91	0	9.91	0	9.91	0
9.915	0	9.915	0	9.915	0	9.915	0
9.92	0	9.92	0	9.92	0	9.92	0
9.925	0	9.925	0	9.925	0	9.925	0
9.93	0	9.93	0	9.93	0	9.93	0
9.935	0	9.935	0	9.935	0	9.935	0
9.94	0	9.94	0	9.94	0	9.94	0
9.945	0	9.945	0	9.945	0	9.945	0
9.95	0	9.95	0	9.95	0	9.95	0
9.955	0	9.955	0	9.955	0	9.955	0
9.96	0	9.96	0	9.96	0	9.96	0
9.965	0	9.965	0	9.965	0	9.965	0
9.97	0	9.97	0	9.97	0	9.97	0
9.975	0	9.975	0	9.975	0	9.975	0
9.98	0	9.98	0	9.98	0	9.98	0
9.985	0	9.985	0	9.985	0	9.985	0
9.99	0	9.99	0	9.99	0	9.99	0
9.995	0	9.995	0	9.995	0	9.995	0
10	0	10	0	10	0	10	0
