N_X	N_Y	C_X	C_Y	H_X	H_Y	Zn_X	Zn_Y
0.005	3.16606e-05	0.005	3.25981e-05	0.005	1.8254e-06	0.005	1.47798e-05
0.01	0.0001266218	0.01	0.0001304485	0.01	7.3115e-06	0.01	5.91156e-05
0.015	0.0002848276	0.015	0.0002936108	0.015	1.64717e-05	0.015	0.0001329902
0.02	0.0005062233	0.02	0.0005221441	0.02	2.9319e-05	0.02	0.0002363862
0.025	0.0007907529	0.025	0.0008161079	0.025	4.58668e-05	0.025	0.0003692867
0.03	0.0011383606	0.03	0.0011755619	0.03	6.61286e-05	0.03	0.0005316744
0.035	0.0015489918	0.035	0.0016005649	0.035	9.01177e-05	0.035	0.0007235321
0.04	0.0020225902	0.04	0.0020911766	0.04	0.0001178476	0.04	0.0009448425
0.045	0.0025591007	0.045	0.0026474564	0.045	0.0001493309	0.045	0.0011955887
0.05	0.003158468	0.05	0.0032694635	0.05	0.0001845817	0.05	0.0014757534
0.055	0.0038206357	0.055	0.0039572576	0.055	0.0002236129	0.055	0.0017853194
0.06	0.0045455492	0.06	0.0047108978	0.06	0.0002664379	0.06	0.0021242694
0.065	0.0053331529	0.065	0.0055304434	0.065	0.0003130699	0.065	0.0024925865
0.07	0.0061833903	0.07	0.0064159538	0.07	0.0003635228	0.07	0.0028902532
0.075	0.0070962075	0.075	0.0073674881	0.075	0.0004178089	0.075	0.0033172525
0.08	0.0080715477	0.08	0.0083851065	0.08	0.0004759422	0.08	0.0037735673
0.085	0.0091093559	0.085	0.0094688674	0.085	0.0005379363	0.085	0.0042591803
0.09	0.0102095771	0.09	0.0106188309	0.09	0.0006038037	0.09	0.0047740742
0.095	0.0113721544	0.095	0.0118350561	0.095	0.0006735585	0.095	0.0053182321
0.1	0.0125970335	0.1	0.0131176021	0.1	0.0007472135	0.1	0.0058916366
0.105	0.0138841587	0.105	0.0144665289	0.105	0.0008247819	0.105	0.0064942706
0.11	0.0152334744	0.11	0.0158818952	0.11	0.0009062774	0.11	0.0071261169
0.115	0.0166449248	0.115	0.0173637608	0.115	0.0009917133	0.115	0.0077871584
0.12	0.0181184549	0.12	0.018912185	0.12	0.0010811026	0.12	0.0084773779
0.125	0.0196540086	0.125	0.0205272269	0.125	0.0011744591	0.125	0.009196758
0.13	0.0212515309	0.13	0.022208946	0.13	0.0012717959	0.13	0.0099452819
0.135	0.0615507904	0.135	0.0644836041	0.135	0.0037096904	0.135	0.028891667
0.14	0.0334843992	0.14	0.0351469452	0.14	0.0020258304	0.14	0.015693941
0.145	0.0324477668	0.145	0.0340581069	0.145	0.0019629281	0.145	0.0151923359
0.15	0.0348333862	0.15	0.0366002923	0.15	0.0021125298	0.15	0.0163008816
0.155	0.0372083625	0.155	0.0391364133	0.155	0.0022621726	0.155	0.0174019026
0.16	0.0395726213	0.16	0.0416665538	0.16	0.0024118944	0.16	0.0184953514
0.165	0.0419260884	0.165	0.0441907988	0.165	0.0025617331	0.165	0.0195811806
0.17	0.0442686888	0.17	0.0467092316	0.17	0.0027117256	0.17	0.0206593425
0.175	0.0466003486	0.175	0.0492219372	0.175	0.0028619101	0.175	0.0217297897
0.18	0.0489209936	0.18	0.0517289994	0.18	0.0030123237	0.18	0.0227924747
0.185	0.0512305492	0.185	0.0542305027	0.185	0.0031630044	0.185	0.0238473499
0.19	0.0535289411	0.19	0.0567265311	0.19	0.0033139901	0.19	0.0248943678
0.195	0.055816095	0.195	0.0592171692	0.195	0.003465318	0.195	0.0259334809
0.2	0.0580919365	0.2	0.0617025008	0.2	0.0036170257	0.2	0.0269646417
0.205	0.0603814741	0.205	0.0642089857	0.205	0.0037706534	0.205	0.0279994189
0.21	0.0628405455	0.21	0.0669008266	0.21	0.0039355968	0.21	0.0291099311
0.215	0.0654958494	0.215	0.0698067092	0.215	0.0041135532	0.215	0.0303084258
0.22	0.0683471507	0.22	0.0729270151	0.22	0.0043046085	0.22	0.0315946717
0.225	0.0713942128	0.225	0.076262126	0.225	0.0045088492	0.225	0.0329684369
0.23	0.0746379903	0.23	0.0798137098	0.23	0.0047264376	0.23	0.0344300452
0.235	0.0781435738	0.235	0.0836529043	0.235	0.0049616617	0.235	0.0360095131
0.24	0.0819480454	0.24	0.0878213217	0.24	0.005217161	0.24	0.0377232158
0.245	0.0860510212	0.245	0.0923202597	0.245	0.0054932162	0.245	0.0395699599
0.25	0.0904521168	0.25	0.0971510147	0.25	0.0057901087	0.25	0.0415485521
0.255	0.1061426627	0.255	0.1136301338	0.255	0.0067505699	0.255	0.0487176937
0.26	0.1101252497	0.26	0.1180583983	0.26	0.007029625	0.26	0.0504944585
0.265	0.1144310636	0.265	0.1228572967	0.265	0.0073324041	0.265	0.0524101485
0.27	0.1190601944	0.27	0.1280271731	0.27	0.0076591234	0.27	0.0544641147
0.275	0.1240127303	0.275	0.1335683711	0.275	0.0080099989	0.275	0.056655708
0.28	0.1289811547	0.28	0.1391508795	0.28	0.0083649625	0.28	0.0588432918
0.285	0.1332992583	0.285	0.1440549533	0.285	0.0086798915	0.285	0.0607185354
0.29	0.1383754752	0.29	0.1498185384	0.29	0.0090509743	0.29	0.0629255616
0.295	0.150233542	0.295	0.163051572	0.295	0.0098901101	0.295	0.0681630608
0.3	0.1585815979	0.3	0.1724940107	0.3	0.0104947046	0.3	0.0717702244
0.305	0.1652897199	0.305	0.1801793017	0.305	0.0109944077	0.305	0.0746215359
0.31	0.1708937988	0.31	0.1866802235	0.31	0.0114261221	0.31	0.0769572624
0.315	0.1767145205	0.315	0.1934457353	0.315	0.0118770526	0.315	0.0793718467
0.32	0.1828103244	0.32	0.2005434225	0.32	0.0123514983	0.32	0.0818901385
0.325	0.1891803209	0.325	0.2079756716	0.325	0.0128498775	0.325	0.0845102229
0.33	0.1958236207	0.33	0.2157448687	0.33	0.0133726093	0.33	0.0872301841
0.335	0.2027393339	0.335	0.2238534006	0.335	0.0139201122	0.335	0.0900481068
0.34	0.2099265709	0.34	0.2323036529	0.34	0.0144928051	0.34	0.0929620757
0.345	0.2173853363	0.345	0.2410990903	0.345	0.0150911802	0.345	0.0959705218
0.35	0.2251185733	0.35	0.2502474518	0.35	0.0157160925	0.35	0.0990724859
0.355	0.2331255751	0.355	0.2597530657	0.355	0.016368255	0.355	0.1022648886
0.36	0.2414812452	0.36	0.2697069284	0.36	0.0170542235	0.36	0.1055763405
0.365	0.2506536207	0.365	0.2806528589	0.365	0.0178112555	0.365	0.1091989264
0.37	0.2607399703	0.37	0.2927117844	0.37	0.0186482792	0.37	0.113167653
0.375	0.2728713016	0.375	0.3071317015	0.375	0.019640965	0.375	0.1179886047
0.38	0.2854052541	0.38	0.3221521553	0.38	0.0206861619	0.38	0.1229067789
0.385	0.2983051566	0.385	0.3377173751	0.385	0.0217796207	0.385	0.1279081467
0.39	0.3120161656	0.39	0.3543389681	0.39	0.0229524564	0.39	0.1331912823
0.395	0.326736764	0.395	0.3722627051	0.395	0.0242220626	0.395	0.1388326533
0.4	0.3428049497	0.4	0.3918608325	0.4	0.0256190282	0.4	0.1449280183
0.405	0.3618796644	0.405	0.4150801022	0.405	0.0272810382	0.405	0.1520940529
0.41	0.3825621589	0.41	0.4404686411	0.41	0.029107541	0.41	0.1597564431
0.415	0.3946530844	0.415	0.4559847547	0.415	0.0302864491	0.415	0.1638320376
0.42	0.4084031511	0.42	0.4735599489	0.42	0.0316191805	0.42	0.1684889352
0.425	0.4237810872	0.425	0.4932392262	0.425	0.0331160925	0.425	0.1736594319
0.43	0.4387716322	0.43	0.5127069655	0.43	0.0346174777	0.43	0.1785332265
0.435	0.4546349552	0.435	0.5334419524	0.435	0.0362266984	0.435	0.1836030184
0.44	0.4825848828	0.44	0.5688607607	0.44	0.0389206338	0.44	0.1930348043
0.445	0.5107349437	0.445	0.6050579244	0.445	0.0417316976	0.445	0.2019952588
0.45	0.5299299344	0.45	0.6308181633	0.45	0.0437886079	0.45	0.2076911684
0.455	0.5546558146	0.455	0.6631027463	0.455	0.0462887917	0.455	0.2155477043
0.46	0.5782420793	0.46	0.694992467	0.46	0.0488504193	0.46	0.2224602506
0.465	0.6041148667	0.465	0.7301444612	0.465	0.051688765	0.465	0.2299245663
0.47	0.6309098324	0.47	0.7668461921	0.47	0.0546904563	0.47	0.2373678595
0.475	0.6595237011	0.475	0.8063259896	0.475	0.0579470817	0.475	0.2451008454
0.48	0.6899498562	0.48	0.8486412088	0.48	0.0614676201	0.48	0.2530882519
0.485	0.7230524059	0.485	0.8949176527	0.485	0.065342938	0.485	0.2615791647
0.49	0.7702640167	0.49	0.9596287356	0.49	0.0706968873	0.49	0.2741803238
0.495	0.821302707	0.495	1.0299002459	0.495	0.076562371	0.495	0.2874564549
0.5	0.8705425838	0.5	1.0994030992	0.5	0.0825243941	0.5	0.2989771414
0.505	0.9224140608	0.505	1.1744556899	0.505	0.0891075838	0.505	0.3099037831
0.51	0.9902193066	0.51	1.2720814831	0.51	0.0975714009	0.51	0.3250283329
0.515	1.0534078068	0.515	1.3661942916	0.515	0.1058520706	0.515	0.3382018439
0.52	1.1088260225	0.52	1.4519497768	0.52	0.113600449	0.52	0.3481411205
0.525	1.1736791655	0.525	1.5529655493	0.525	0.1227895909	0.525	0.3592844686
0.53	1.2431800608	0.53	1.6630652224	0.53	0.1329177029	0.53	0.3702637784
0.535	1.3239975989	0.535	1.7919129014	0.535	0.1447971034	0.535	0.3827998416
0.54	1.456383751	0.54	1.9932813614	0.54	0.1632504772	0.54	0.4049313275
0.545	1.6438162034	0.545	2.2767740808	0.545	0.1892798236	0.545	0.4356803934
0.55	1.9426202604	0.55	2.7343678224	0.55	0.2314797388	0.55	0.4825683057
0.555	2.1630623931	0.555	3.1073005002	0.555	0.2669308391	0.555	0.5063441396
0.56	2.3653875725	0.56	3.493772849	0.56	0.3047662222	0.56	0.5164460643
0.565	2.7671362501	0.565	4.2482438716	0.565	0.3781008498	0.565	0.5422192172
0.57	2.5763082153	0.57	3.999796033	0.57	0.3568992973	0.57	0.4987552422
0.575	2.2982007244	0.575	3.5900361066	0.575	0.3197822655	0.575	0.4507564387
0.58	2.2560994899	0.58	3.5572210384	0.58	0.3180274737	0.58	0.4335766857
0.585	2.2102320027	0.585	3.5121283197	0.585	0.314920206	0.585	0.417744493
0.59	2.1654836663	0.59	3.464814033	0.59	0.3115986772	0.59	0.4023684084
0.595	2.1325675912	0.595	3.4361241923	0.595	0.3098769965	0.595	0.389574315
0.6	2.1222195097	0.6	3.4473563184	0.6	0.3119227515	0.6	0.3794868336
0.605	2.1325441291	0.605	3.4942024001	0.605	0.3172967153	0.605	0.3720606256
0.61	2.159222697	0.61	3.5747061475	0.61	0.3261743332	0.61	0.3636951622
0.615	2.2071596182	0.615	3.7017980234	0.615	0.3399651204	0.615	0.3532918922
0.62	2.2597153605	0.62	3.8443287005	0.62	0.3556450061	0.62	0.3396289314
0.625	2.1187413906	0.625	3.5888115447	0.625	0.3308901577	0.625	0.3279624431
0.63	1.783124783	0.63	2.9698581352	0.63	0.2704423533	0.63	0.3055378247
0.635	1.573535099	0.635	2.5859042593	0.635	0.2330364237	0.635	0.2904960176
0.64	1.4835648642	0.64	2.4304182449	0.64	0.2181868031	0.64	0.2811312958
0.645	1.4039119525	0.645	2.2944369092	0.645	0.2054061268	0.645	0.2714221162
0.65	1.3329451715	0.65	2.1727031203	0.65	0.1938895191	0.65	0.2633700635
0.655	1.2436627269	0.655	2.0193316049	0.655	0.1801678389	0.655	0.2483997688
0.66	1.1671050396	0.66	1.8878766081	0.66	0.1688763644	0.66	0.2327430581
0.665	1.0637341183	0.665	1.7060305296	0.665	0.1528999588	0.665	0.2137981847
0.67	0.9911348111	0.67	1.5785495473	0.67	0.1413517279	0.67	0.2029046261
0.675	0.9388592864	0.675	1.4872924636	0.675	0.1328573958	0.675	0.1967646453
0.68	0.8873336724	0.68	1.3963622934	0.68	0.1243173014	0.68	0.1913912614
0.685	0.8603541132	0.685	1.3509784157	0.685	0.1200930741	0.685	0.1885754606
0.69	0.8287932454	0.69	1.2943074766	0.69	0.1147663252	0.69	0.1857313165
0.695	0.8195496133	0.695	1.2723431569	0.695	0.112777728	0.695	0.1855527296
0.7	0.8114407713	0.7	1.2492146644	0.7	0.1106447733	0.7	0.1861406928
0.705	0.6409877164	0.705	0.9330032895	0.705	0.0792040723	0.705	0.1815245687
0.71	0.406872165	0.71	0.488770636	0.71	0.03461119	0.71	0.1787936997
0.715	0.4151709076	0.715	0.4974414884	0.715	0.0351649197	0.715	0.1838218272
0.72	0.4265068819	0.72	0.5114639593	0.72	0.0362804334	0.72	0.188913609
0.725	0.4376622046	0.725	0.5251478943	0.725	0.0373816538	0.725	0.1939408163
0.73	0.4491195247	0.73	0.5395158985	0.73	0.0385511163	0.73	0.1990025657
0.735	0.458530428	0.735	0.5519527732	0.735	0.0396005321	0.735	0.2029338387
0.74	0.4666774948	0.74	0.5631415419	0.74	0.0405687738	0.74	0.2061652421
0.745	0.4760487147	0.745	0.5757045452	0.745	0.041649127	0.745	0.2100025066
0.75	0.488406567	0.75	0.5916006444	0.75	0.0429984725	0.75	0.215359293
0.755	0.5028900354	0.755	0.6099686126	0.755	0.0445595443	0.755	0.2217401346
0.76	0.5242416872	0.76	0.6350464094	0.76	0.0467001234	0.76	0.231309059
0.765	0.5536630137	0.765	0.6682145775	0.765	0.0495280721	0.765	0.2446070076
0.77	0.5898675727	0.77	0.7086709903	0.77	0.0529707827	0.77	0.260970449
0.775	0.6330421634	0.775	0.7563722593	0.775	0.0570237288	0.775	0.2805738439
0.78	0.6834055056	0.78	0.8117239713	0.78	0.06172099	0.78	0.3035216307
0.785	0.7405012827	0.785	0.8743013229	0.785	0.0670251076	0.785	0.3296008949
0.79	0.7756186626	0.79	0.9182517037	0.79	0.0708773442	0.79	0.3449401704
0.795	0.8159867494	0.795	0.9663092488	0.795	0.0750499879	0.795	0.3629231121
0.8	0.8448758334	0.8	1.0023684559	0.8	0.0782078754	0.8	0.3754706839
0.805	0.8737598215	0.805	1.038686261	0.805	0.0813717536	0.805	0.3880471673
0.81	0.9088078028	0.81	1.0821249832	0.81	0.0850800295	0.81	0.4036780785
0.815	0.9509982198	0.815	1.1350507531	0.815	0.089534428	0.815	0.4228541451
0.82	1.0057295585	0.82	1.2048705716	0.82	0.0953709744	0.82	0.4481228626
0.825	1.1195650493	0.825	1.3527817434	0.825	0.1074997267	0.825	0.5028206364
0.83	1.3558758635	0.83	1.6858111101	0.83	0.1350722967	0.83	0.619294121
0.835	1.61394691	0.835	2.0546937432	0.835	0.1663930259	0.835	0.7420591479
0.84	1.7620532227	0.84	2.2583685671	0.84	0.1844116585	0.84	0.8100359303
0.845	1.8528564326	0.845	2.3734751391	0.845	0.1953307264	0.845	0.8502523035
0.85	1.9267657025	0.85	2.4670449384	0.85	0.2047109849	0.85	0.8808393611
0.855	2.1097524617	0.855	2.6976214126	0.855	0.2264904867	0.855	0.9613299216
0.86	2.343232323	0.86	2.9928000605	0.86	0.25364412	0.86	1.0641144604
0.865	2.4699167627	0.865	3.1569263611	0.865	0.2682119653	0.865	1.1172038526
0.87	2.5324891341	0.87	3.2378717903	0.87	0.2748578374	0.87	1.1421946228
0.875	2.6311335112	0.875	3.3715422367	0.875	0.2854163588	0.875	1.18312816
0.88	2.6248406994	0.88	3.4090524748	0.88	0.2881687837	0.88	1.166894721
0.885	2.515454175	0.885	3.3475194061	0.885	0.2834006312	0.885	1.0933756951
0.89	2.360605425	0.89	3.2415964111	0.89	0.2751774425	0.89	0.9944031451
0.895	2.1596893881	0.895	3.0983525019	0.895	0.2646953051	0.895	0.864204502
0.9	1.9917289278	0.9	3.0734525124	0.9	0.2663323174	0.9	0.7269859684
0.905	1.8877827036	0.905	3.0874227066	0.905	0.2709008246	0.905	0.6318376498
0.91	1.6522919951	0.91	2.7991445721	0.91	0.2467422505	0.91	0.5141090341
0.915	1.505976545	0.915	2.5164990788	0.915	0.2215541766	0.915	0.4608973362
0.92	1.4250206057	0.92	2.3741661403	0.92	0.2090797009	0.92	0.4261398234
0.925	1.3824362409	0.925	2.3175910861	0.925	0.2044991252	0.925	0.4006082216
0.93	1.3590779465	0.93	2.3036532746	0.93	0.2038199658	0.93	0.3790304329
0.935	1.4143276945	0.935	2.4333797559	0.935	0.2163823885	0.935	0.3738012889
0.94	1.5628161371	0.94	2.7163013311	0.94	0.2427554308	0.94	0.399855929
0.945	1.7319348619	0.945	3.0275334063	0.945	0.2720958357	0.945	0.4329548287
0.95	2.1590528667	0.95	3.7547561049	0.95	0.3389956455	0.95	0.5412023989
0.955	2.3166588924	0.955	3.9687509522	0.955	0.3599556813	0.955	0.5797863694
0.96	2.3840420302	0.96	4.0692671006	0.96	0.3723570034	0.96	0.5838175185
0.965	2.2251759334	0.965	3.7351019594	0.965	0.3422225685	0.965	0.5608542778
0.97	1.998026782	0.97	3.2827675233	0.97	0.3004812671	0.97	0.5315942701
0.975	1.9299404187	0.975	3.0949058498	0.975	0.2834889026	0.975	0.5349026719
0.98	1.7945933782	0.98	2.822981341	0.98	0.2590947016	0.98	0.5084539696
0.985	1.7498752356	0.985	2.7245353363	0.985	0.2493642075	0.985	0.5086425585
0.99	1.7449848214	0.99	2.6911441804	0.99	0.2457132397	0.99	0.520650744
0.995	1.7483305379	0.995	2.671061786	0.995	0.2432756145	0.995	0.5354797467
1	1.8061025945	1	2.7330621241	1	0.2485253197	1	0.5649618089
1.005	1.869210016	1.005	2.8122180955	1.005	0.2552450645	1.005	0.5920630144
1.01	1.8994314038	1.01	2.8406994001	1.01	0.2573637289	1.01	0.6134649102
1.015	1.9345728512	1.015	2.883002034	1.015	0.261305332	1.015	0.6361977769
1.02	1.9671635676	1.02	2.9233453666	1.02	0.2651667593	1.02	0.658472838
1.025	2.0382159558	1.025	3.0269260709	1.025	0.2750331973	1.025	0.6915458208
1.03	2.474468377	1.03	3.700403599	1.03	0.3362042863	1.03	0.8396819238
1.035	2.4649175517	1.035	3.6602799809	1.035	0.3357507259	1.035	0.8792674339
1.04	2.4522491422	1.04	3.632975305	1.04	0.3372242351	1.04	0.9007588881
1.045	2.4427905342	1.045	3.6877437541	1.045	0.3457941911	1.045	0.8776848323
1.05	2.2818668022	1.05	3.4990774158	1.05	0.3292073162	1.05	0.8179883191
1.055	2.0464818069	1.055	3.152041679	1.055	0.2962317856	1.055	0.7557603275
1.06	1.9708731406	1.06	3.119368254	1.06	0.2946937032	1.06	0.7250187639
1.065	1.9430352165	1.065	3.1278833506	1.065	0.2968893298	1.065	0.7151837369
1.07	1.6997239616	1.07	2.7136252986	1.07	0.256964539	1.07	0.6259457343
1.075	1.424056243	1.075	2.2147725067	1.075	0.2082002079	1.075	0.527641766
1.08	1.299384453	1.08	1.9603182323	1.08	0.1834844093	1.08	0.4811900731
1.085	1.1700634733	1.085	1.7119697186	1.085	0.1599088178	1.085	0.4241324787
1.09	1.2813329909	1.09	1.8955954934	1.09	0.1785657943	1.09	0.4228151733
1.095	1.6332677334	1.095	2.4285764394	1.095	0.2320412409	1.095	0.4671042761
1.1	1.9456781169	1.1	2.927326605	1.1	0.2868149407	1.1	0.4998229506
1.105	2.1423906906	1.105	3.2216651169	1.105	0.3177740364	1.105	0.5202077928
1.11	3.152983049	1.11	5.0920337519	1.11	0.4989677585	1.11	0.6167015066
1.115	3.3979573255	1.115	5.3761330548	1.115	0.5316271499	1.115	0.6857888997
1.12	3.5578851574	1.12	5.5557795007	1.12	0.5543645616	1.12	0.7350901508
1.125	3.9943845799	1.125	6.173769908	1.125	0.6223087191	1.125	0.8403653688
1.13	4.1439075342	1.13	6.3443459087	1.13	0.6414428393	1.13	0.8967045367
1.135	4.1145313221	1.135	6.2546892269	1.135	0.6314974456	1.135	0.9167034796
1.14	3.9492243624	1.14	5.9794308	1.14	0.6024767864	1.14	0.8947400244
1.145	3.4966485595	1.145	5.1974925346	1.145	0.52677875	1.145	0.8396243221
1.15	3.3488190091	1.15	4.995754546	1.15	0.5104482582	1.15	0.8112292425
1.155	3.5499206177	1.155	5.4950407758	1.155	0.5715831582	1.155	0.8087697737
1.16	4.275359647	1.16	6.9185033192	1.16	0.7205646103	1.16	0.8973701746
1.165	4.0140960064	1.165	6.4530256403	1.165	0.6682458843	1.165	0.8298888797
1.17	3.9696599508	1.17	6.4004448872	1.17	0.6665563776	1.17	0.8179042062
1.175	3.5351661846	1.175	5.6077779543	1.175	0.5865304374	1.175	0.7542488959
1.18	3.0409881532	1.18	4.7258777955	1.18	0.4944195496	1.18	0.6857198803
1.185	2.6003023365	1.185	3.9908086227	1.185	0.41688795	1.185	0.6143099892
1.19	2.3511006769	1.19	3.5980618227	1.19	0.3753849031	1.19	0.5689368567
1.195	2.2133816287	1.195	3.3943040388	1.195	0.3538915839	1.195	0.5374017797
1.2	2.1261927022	1.2	3.2767186422	1.2	0.3418837067	1.2	0.5137179725
1.205	2.0615792616	1.205	3.1927714579	1.205	0.333762482	1.205	0.4978411362
1.21	1.9600316318	1.21	3.0468718481	1.21	0.3184536763	1.21	0.4804268707
1.215	1.8146133618	1.215	2.8384540369	1.215	0.2952583362	1.215	0.454788468
1.22	1.712550511	1.22	2.6833045305	1.22	0.2785024271	1.22	0.4358196727
1.225	1.6467002974	1.225	2.5909095842	1.225	0.2686537953	1.225	0.4217060581
1.23	1.5990250102	1.23	2.5296188145	1.23	0.2622507092	1.23	0.4099773884
1.235	1.5663829581	1.235	2.4929829148	1.235	0.2585428021	1.235	0.4013112792
1.24	1.5564828181	1.24	2.4896522713	1.24	0.2583383087	1.24	0.39980043
1.245	1.567204561	1.245	2.5161435013	1.245	0.2615574496	1.245	0.403994889
1.25	1.5736421919	1.25	2.5533756582	1.25	0.2663658265	1.25	0.3969753661
1.255	1.6493749383	1.255	2.7022665195	1.255	0.2849342934	1.255	0.3973347887
1.26	1.8577653965	1.26	3.0354115726	1.26	0.3247854958	1.26	0.4235096995
1.265	2.0684320357	1.265	3.3324390363	1.265	0.3617615286	1.265	0.4473367262
1.27	2.1498116475	1.27	3.4081956539	1.27	0.3733320118	1.27	0.4500694787
1.275	2.0522401121	1.275	3.2884625844	1.275	0.3605712792	1.275	0.4050049488
1.28	1.9878183554	1.28	3.2623224248	1.28	0.3585204385	1.28	0.3680882226
1.285	1.985856	1.285	3.3611007639	1.285	0.3703647759	1.285	0.3404662913
1.29	1.9948335141	1.29	3.472426773	1.29	0.3837850684	1.29	0.3195531277
1.295	2.1446450709	1.295	3.8662627741	1.295	0.4281923611	1.295	0.3092539345
1.3	2.552026115	1.3	4.8421208107	1.3	0.5428157647	1.3	0.3104391804
1.305	2.5599024986	1.305	4.9730725376	1.305	0.5598393693	1.305	0.3073163696
1.31	2.1986810091	1.31	4.1786629855	1.31	0.4652990181	1.31	0.2981369951
1.315	2.0104749018	1.315	3.8082201278	1.315	0.423242347	1.315	0.2899117703
1.32	1.9047557937	1.32	3.5873264782	1.32	0.397448505	1.32	0.2931571055
1.325	1.8669866862	1.325	3.4988108847	1.325	0.3861959021	1.325	0.3010864227
1.33	1.8183662552	1.33	3.4092737393	1.33	0.375038694	1.33	0.2993985351
1.335	1.7915085458	1.335	3.355555431	1.335	0.3681663823	1.335	0.3033155628
1.34	1.7670858992	1.34	3.312514775	1.34	0.3627387691	1.34	0.3065143544
1.345	1.7412058201	1.345	3.267178982	1.345	0.3572624307	1.345	0.3090306554
1.35	1.7455233789	1.35	3.2765815436	1.35	0.3576099824	1.35	0.3174551101
1.355	1.7386569072	1.355	3.2588489617	1.355	0.3554997017	1.355	0.3259416068
1.36	1.6965803936	1.36	3.1685331258	1.36	0.3460131471	1.36	0.3289008705
1.365	1.5130758337	1.365	2.8832035227	1.365	0.3165919387	1.365	0.274692519
1.37	1.4295759945	1.37	2.7651757417	1.37	0.3049518937	1.37	0.2473266302
1.375	1.3551889567	1.375	2.6629012104	1.375	0.2950276395	1.375	0.2233854698
1.38	1.3052801906	1.38	2.6003662557	1.38	0.2894112033	1.38	0.2052189446
1.385	1.2633175497	1.385	2.5502195444	1.385	0.285122197	1.385	0.1889661868
1.39	1.2292674197	1.39	2.5112321333	1.39	0.2821154462	1.39	0.1751195312
1.395	1.199729227	1.395	2.4759914453	1.395	0.2796088769	1.395	0.1634900486
1.4	1.1729474899	1.4	2.4418695055	1.4	0.277280427	1.4	0.1537352514
1.405	1.1531257377	1.405	2.4197818159	1.405	0.2763422726	1.405	0.146230035
1.41	1.1516091013	1.41	2.4343527599	1.41	0.2794047664	1.41	0.1424922109
1.415	1.1614670939	1.415	2.4677931733	1.415	0.2845907252	1.415	0.1431223375
1.42	1.164574471	1.42	2.4824567309	1.42	0.2879817259	1.42	0.1445252749
1.425	1.1585838653	1.425	2.467664907	1.425	0.2886550737	1.425	0.1462591868
1.43	1.1551651407	1.43	2.4562408386	1.43	0.2901175189	1.43	0.1481972929
1.435	1.1661213942	1.435	2.4698559539	1.435	0.2954077647	1.435	0.1518752912
1.44	1.2058003302	1.44	2.5399683353	1.44	0.3087163155	1.44	0.1583411251
1.445	1.4332186613	1.445	3.1159152814	1.445	0.3789087757	1.445	0.1665367504
1.45	1.3629483201	1.45	2.921726772	1.45	0.370206159	1.45	0.1718143567
1.455	1.4230574626	1.455	3.0592761428	1.455	0.3967984574	1.455	0.1786279372
1.46	1.5272777043	1.46	3.3056510293	1.46	0.4365553124	1.46	0.1876436172
1.465	1.6679649865	1.465	3.6575961689	1.465	0.4908741223	1.465	0.2000342694
1.47	2.0029085357	1.47	4.5924273834	1.47	0.6123392257	1.47	0.2163402519
1.475	1.7980655755	1.475	4.0875137106	1.475	0.5840230321	1.475	0.2262719283
1.48	1.9298701536	1.48	4.4569363097	1.48	0.6485279986	1.48	0.2475096067
1.485	2.1054111032	1.485	4.9308256205	1.485	0.7279344934	1.485	0.2709850811
1.49	2.1832156708	1.49	4.9069723777	1.49	0.7197291021	1.49	0.2949781496
1.495	2.282880216	1.495	4.9047221072	1.495	0.7131941166	1.495	0.323953148
1.5	2.5160745223	1.5	5.4023357819	1.5	0.7905522565	1.5	0.3612821411
1.505	2.617508948	1.505	5.6820499709	1.505	0.8328213959	1.505	0.3719696167
1.51	2.6642555751	1.51	5.8453473976	1.51	0.8561334034	1.51	0.3751523167
1.515	2.6857007326	1.515	5.9502063655	1.515	0.8635399822	1.515	0.3642594747
1.52	2.8043466	1.52	6.2256777203	1.52	0.8939749008	1.52	0.3642238796
1.525	3.2985108283	1.525	7.1996126646	1.525	1.0225257205	1.525	0.4145842488
1.53	3.31859385	1.53	7.2237517176	1.53	1.0205579568	1.53	0.4062204812
1.535	2.7552909934	1.535	6.151687824	1.535	0.8717628722	1.535	0.3398004832
1.54	2.3786822069	1.54	5.3530603983	1.54	0.7598599083	1.54	0.293902987
1.545	2.1317907041	1.545	4.8344424155	1.545	0.6856620567	1.545	0.26437144
1.55	2.0434162511	1.55	4.6576700223	1.55	0.658321995	1.55	0.2526596154
1.555	1.9296031725	1.555	4.4084616721	1.555	0.6216153287	1.555	0.2394353166
1.56	1.8447080056	1.56	4.2255868897	1.56	0.595568154	1.56	0.2295451874
1.565	1.7948335065	1.565	4.1701186451	1.565	0.5888289825	1.565	0.2231609569
1.57	1.8165957808	1.57	4.2998294819	1.57	0.6106261942	1.57	0.2242597327
1.575	1.9582966853	1.575	4.7084589858	1.575	0.6760408861	1.575	0.2445936898
1.58	2.0139597532	1.58	4.9251179565	1.58	0.7083912349	1.58	0.2511493697
1.585	2.0863313945	1.585	5.2377642451	1.585	0.7549782696	1.585	0.2587644586
1.59	2.2699297794	1.59	5.910091417	1.59	0.8524532447	1.59	0.2739976717
1.595	2.4989965128	1.595	7.0581747658	1.595	1.0297181547	1.595	0.295205185
1.6	2.7617568875	1.6	8.0276378181	1.6	1.1746484745	1.6	0.313608114
1.605	2.660713175	1.605	7.6028344977	1.605	1.1074446924	1.605	0.301552007
1.61	2.6266753311	1.61	7.4394584953	1.61	1.0750980226	1.61	0.3018781975
1.615	2.6896946905	1.615	7.5510653935	1.615	1.0829115714	1.615	0.3138037785
1.62	2.6191173988	1.62	7.2098726966	1.62	1.0316328701	1.62	0.3142142852
1.625	2.5478969733	1.625	6.973634098	1.625	0.9975177539	1.625	0.3113543633
1.63	2.4316536181	1.63	6.6601659239	1.63	0.9516380829	1.63	0.2958064322
1.635	2.6472168601	1.635	7.3778930036	1.635	1.0470158781	1.635	0.3276377061
1.64	2.9758330067	1.64	8.5995352376	1.64	1.1860890353	1.64	0.3782516258
1.645	2.5165800698	1.645	6.9626665214	1.645	0.9495968533	1.645	0.3124192695
1.65	2.2682868272	1.65	5.948808351	1.65	0.8098288404	1.65	0.2736345426
1.655	2.2104018018	1.655	5.5269966183	1.655	0.7512683945	1.655	0.260066171
1.66	2.061535901	1.66	4.9426321585	1.66	0.6864019295	1.66	0.2508778336
1.665	2.0977771058	1.665	4.9368254029	1.665	0.6926824342	1.665	0.2611501462
1.67	2.1234520405	1.67	4.9731388104	1.67	0.7043954688	1.67	0.2672021273
1.675	2.2184894968	1.675	5.2280560322	1.675	0.7486880141	1.675	0.2924636995
1.68	2.219417027	1.68	5.2583882239	1.68	0.7506076639	1.68	0.299570905
1.685	2.0104051285	1.685	4.698047861	1.685	0.665226153	1.685	0.2739908892
1.69	1.8592582052	1.69	4.3375494416	1.69	0.6127675597	1.69	0.2631210351
1.695	1.7985045401	1.695	4.2035092754	1.695	0.5928963974	1.695	0.2626674497
1.7	1.8655289376	1.7	4.3532868252	1.7	0.6112719287	1.7	0.2741531403
1.705	1.9172249888	1.705	4.4726043187	1.705	0.6216511915	1.705	0.2795853604
1.71	1.9760879163	1.71	4.6292889076	1.71	0.6308891752	1.71	0.2826023734
1.715	2.0365162256	1.715	4.7784565525	1.715	0.648260226	1.715	0.2934880167
1.72	2.0783141141	1.72	4.8710021217	1.72	0.659459906	1.72	0.3015530659
1.725	2.1414079407	1.725	5.0014641649	1.725	0.6768837886	1.725	0.3109296935
1.73	2.1458264826	1.73	5.0020336774	1.73	0.6792016573	1.73	0.3120381395
1.735	2.2301730729	1.735	5.2322381716	1.735	0.7090312628	1.735	0.3238611441
1.74	2.1466869345	1.74	4.9965233937	1.74	0.6865655892	1.74	0.3105869192
1.745	2.1121799588	1.745	4.8870912543	1.745	0.6797635372	1.745	0.3043783465
1.75	2.1100297361	1.75	4.8642124134	1.75	0.6842454086	1.75	0.303197424
1.755	2.0062798533	1.755	4.6789519961	1.755	0.6645401524	1.755	0.2854845867
1.76	1.9268338353	1.76	4.5353669289	1.76	0.6506531819	1.76	0.2740461369
1.765	1.5339617884	1.765	3.5953430269	1.765	0.5246401339	1.765	0.2132772995
1.77	1.4050355748	1.77	3.2512808434	1.77	0.4742951686	1.77	0.1938941052
1.775	1.3387040381	1.775	3.0863735141	1.775	0.4485497771	1.775	0.1835563574
1.78	1.3441502479	1.78	3.1089107997	1.78	0.4541098206	1.78	0.1872917029
1.785	1.368741938	1.785	3.1621408232	1.785	0.4650961733	1.785	0.1954099986
1.79	1.4619266328	1.79	3.3116933097	1.79	0.4847808326	1.79	0.2080229351
1.795	1.5960446968	1.795	3.5306845267	1.795	0.5132820146	1.795	0.2257644551
1.8	1.9240586774	1.8	4.0373454721	1.8	0.5807067039	1.8	0.2698388559
1.805	2.3424674493	1.805	4.7231532652	1.805	0.6691289281	1.805	0.3247966538
1.81	2.723593509	1.81	5.3267053266	1.81	0.7424071535	1.81	0.3729354087
1.815	3.0379600193	1.815	5.6994790094	1.815	0.784859351	1.815	0.4062790802
1.82	3.2500271851	1.82	5.8908741461	1.82	0.8021490322	1.82	0.4269491836
1.825	3.0408639393	1.825	5.469196685	1.825	0.7542781495	1.825	0.3967854738
1.83	3.061418221	1.83	5.4416108249	1.83	0.7531487686	1.83	0.3938153389
1.835	3.0216006282	1.835	5.3065937121	1.835	0.7385788738	1.835	0.3812157815
1.84	2.7399955153	1.84	4.7934723054	1.84	0.6748096225	1.84	0.3455527819
1.845	2.6137625716	1.845	4.5331887822	1.845	0.641599747	1.845	0.3271670672
1.85	2.7882150676	1.85	4.7951501717	1.85	0.6847848107	1.85	0.3420116762
1.855	2.6628996908	1.855	4.4807758397	1.855	0.6379459653	1.855	0.3204560024
1.86	2.7812197484	1.86	4.6466695842	1.86	0.6673809336	1.86	0.3216055393
1.865	2.5301615312	1.865	4.2501298616	1.865	0.6131114914	1.865	0.2964989031
1.87	2.3281739366	1.87	3.9390638219	1.87	0.5705350713	1.87	0.2777981584
1.875	2.3400278517	1.875	3.9400110505	1.875	0.5634750965	1.875	0.2690233647
1.88	2.0959701831	1.88	3.4604641796	1.88	0.4952789823	1.88	0.2534277725
1.885	1.9832404691	1.885	3.2373379597	1.885	0.4602485469	1.885	0.239877403
1.89	2.0209717471	1.89	3.3246497048	1.89	0.4741347723	1.89	0.2511459453
1.895	1.9686198578	1.895	3.273062571	1.895	0.4700916947	1.895	0.2494498654
1.9	1.9920210909	1.9	3.3427402115	1.9	0.4842730677	1.9	0.2571564814
1.905	1.9990600254	1.905	3.3600669237	1.905	0.4907906445	1.905	0.2642086715
1.91	2.0120431252	1.91	3.3673388571	1.91	0.494214253	1.91	0.2687562635
1.915	2.1576915225	1.915	3.5889425493	1.915	0.524561835	1.915	0.2787190719
1.92	2.4859905468	1.92	4.0716060227	1.92	0.5909469793	1.92	0.2986359228
1.925	2.9861968569	1.925	4.7701975699	1.925	0.6837290345	1.925	0.3270344423
1.93	3.246508474	1.93	5.179217116	1.93	0.7390346532	1.93	0.3379153718
1.935	3.6140913253	1.935	5.7858401026	1.935	0.8138473083	1.935	0.3447290395
1.94	4.198743553	1.94	6.7506108048	1.94	0.9319738076	1.94	0.3641931283
1.945	4.7989891254	1.945	7.793121796	1.945	1.0422267233	1.945	0.3777904302
1.95	4.5843917021	1.95	7.4661207125	1.95	0.9881614817	1.95	0.3693469914
1.955	4.4106530165	1.955	7.1639202253	1.955	0.9380624049	1.955	0.3680601171
1.96	3.3436387451	1.96	5.3909147858	1.96	0.7363353301	1.96	0.3200724033
1.965	2.9803661674	1.965	4.8126064581	1.965	0.6738601906	1.965	0.3055951437
1.97	2.8829218014	1.97	4.6819065497	1.97	0.662275075	1.97	0.301691773
1.975	2.8598910864	1.975	4.7008671694	1.975	0.6699861861	1.975	0.3041450171
1.98	2.8649279124	1.98	4.8040402146	1.98	0.6909349031	1.98	0.3103998124
1.985	2.9919101376	1.985	5.1737327035	1.985	0.7485925637	1.985	0.3252515553
1.99	3.2473097334	1.99	6.0203368311	1.99	0.8769959041	1.99	0.3473932347
1.995	3.1938557409	1.995	5.9776208296	1.995	0.8815760009	1.995	0.3435529893
2	2.7573260199	2	4.9968325056	2	0.7417609082	2	0.2919977383
2.005	2.6080397335	2.005	4.711322747	2.005	0.7031510967	2.005	0.2745446318
2.01	2.3441689157	2.01	4.2556431836	2.01	0.6319771396	2.01	0.2469747293
2.015	2.1924075356	2.015	4.0572095709	2.015	0.6006122059	2.015	0.2399018351
2.02	2.263651359	2.02	4.2234637934	2.02	0.6258744811	2.02	0.2553152574
2.025	2.4261328814	2.025	4.5992760825	2.025	0.6853499751	2.025	0.2797203988
2.03	3.488859376	2.03	6.9621749597	2.03	1.0349189925	2.03	0.3662286422
2.035	4.119510666	2.035	8.1927423533	2.035	1.231265268	2.035	0.4398704901
2.04	4.5442112149	2.04	8.7667843475	2.04	1.3458313939	2.04	0.4984765257
2.045	5.1151919251	2.045	9.5267915179	2.045	1.4872662291	2.045	0.5843342823
2.05	6.3396558871	2.05	11.370707442	2.05	1.7975472238	2.05	0.7556864276
2.055	7.101937896	2.055	12.2892671808	2.055	1.9547106454	2.055	0.8378672569
2.06	6.6737858297	2.06	11.3906256079	2.06	1.7652945434	2.06	0.8133414451
2.065	5.3540009933	2.065	8.5101506308	2.065	1.2691905611	2.065	0.6624849439
2.07	5.2879097824	2.07	7.9123629764	2.07	1.1762803211	2.07	0.6533235013
2.075	4.3980269289	2.075	6.54675602	2.075	0.9968931783	2.075	0.5138242375
2.08	2.9377356563	2.08	4.387996078	2.08	0.6647886388	2.08	0.322342
2.085	1.7935790176	2.085	2.7628727826	2.085	0.4177524991	2.085	0.2152488226
2.09	1.5734139151	2.09	2.4388554814	2.09	0.3746678142	2.09	0.2038101686
2.095	1.6152638407	2.095	2.5446395744	2.095	0.3975932206	2.095	0.2210524562
2.1	1.9646616051	2.1	3.2184419298	2.1	0.5142408806	2.1	0.2746065915
2.105	2.9062526415	2.105	4.6423910935	2.105	0.7316135874	2.105	0.4346721001
2.11	3.296068453	2.11	5.2098013073	2.11	0.8279320312	2.11	0.4571224483
2.115	3.4769831152	2.115	5.5245298546	2.115	0.8864383391	2.115	0.4859312805
2.12	3.4613197591	2.12	5.572912768	2.12	0.898504965	2.12	0.4905393673
2.125	3.4516257909	2.125	5.6260499999	2.125	0.9120106525	2.125	0.4911501107
2.13	3.6079316249	2.13	5.937005611	2.13	0.9641955624	2.13	0.5192134499
2.135	4.1224803745	2.135	6.8624961483	2.135	1.1109147615	2.135	0.6027221666
2.14	4.4006080012	2.14	7.3454697256	2.14	1.1985557841	2.14	0.661123565
2.145	4.3550620506	2.145	7.2357846855	2.145	1.19549554	2.145	0.6571456128
2.15	4.4737510945	2.15	7.4606077662	2.15	1.2519990179	2.15	0.6674007774
2.155	4.3358595543	2.155	7.3761333764	2.155	1.257752035	2.155	0.6474057872
2.16	4.6610466338	2.16	8.0766141214	2.16	1.3988837371	2.16	0.6846615682
2.165	3.7709722869	2.165	6.9635665818	2.165	1.2282914052	2.165	0.5476416437
2.17	2.688330896	2.17	5.115431317	2.17	0.9113506319	2.17	0.3937772012
2.175	2.8390446116	2.175	5.5176048368	2.175	1.0124046738	2.175	0.3445224653
2.18	3.2581916386	2.18	6.2106856179	2.18	1.1358676664	2.18	0.3962675053
2.185	2.3536122695	2.185	4.5162893615	2.185	0.8234487546	2.185	0.3089705907
2.19	1.800860899	2.19	3.2702946914	2.19	0.5826952382	2.19	0.2590352608
2.195	1.8187202435	2.195	3.1922066263	2.195	0.5606880296	2.195	0.2813800794
2.2	1.9279512273	2.2	3.2830244558	2.2	0.5690266026	2.2	0.3160896482
2.205	2.0376564129	2.205	3.3792012342	2.205	0.5786130773	2.205	0.3484340726
2.21	2.1078603209	2.21	3.4108179165	2.21	0.5768821296	2.21	0.3712557951
2.215	2.0711110599	2.215	3.2423322692	2.215	0.5346448005	2.215	0.3713754807
2.22	1.9996509554	2.22	3.1011321345	2.22	0.503373183	2.22	0.3615213067
2.225	1.9416287513	2.225	2.9842562875	2.225	0.4803338527	2.225	0.3487854391
2.23	1.8720967408	2.23	2.8572712901	2.23	0.4571259145	2.23	0.3307413052
2.235	1.8366188984	2.235	2.778435209	2.235	0.4414012374	2.235	0.3204875417
2.24	1.8190268613	2.24	2.7219738508	2.24	0.429497964	2.24	0.313808425
2.245	1.8528479596	2.245	2.7334046912	2.245	0.426874632	2.245	0.3143647343
2.25	1.8908977443	2.25	2.7548913184	2.25	0.426643079	2.25	0.3143013781
2.255	1.9434995544	2.255	2.798554638	2.255	0.4299244791	2.255	0.3156765484
2.26	1.9914900216	2.26	2.8351881598	2.26	0.4322427478	2.26	0.3164905278
2.265	2.008531885	2.265	2.8287403779	2.265	0.4282092967	2.265	0.3121745509
2.27	2.0159256146	2.27	2.7979860906	2.27	0.4199589753	2.27	0.3058969637
2.275	2.0700612047	2.275	2.8255588006	2.275	0.4198739397	2.275	0.3090739337
2.28	2.1151504937	2.28	2.8481820421	2.28	0.4201395047	2.28	0.3052850194
2.285	2.1185206059	2.285	2.8215537651	2.285	0.4144199497	2.285	0.3001934657
2.29	2.0939309751	2.29	2.7600638856	2.29	0.4038801231	2.29	0.2913091068
2.295	2.0562481733	2.295	2.6825297336	2.295	0.391360231	2.295	0.2812440518
2.3	2.0134684993	2.3	2.599207574	2.3	0.3783757225	2.3	0.2699518388
2.305	1.9003751659	2.305	2.4265752005	2.305	0.3537475136	2.305	0.2551220744
2.31	1.7898601982	2.31	2.3000773693	2.31	0.3362790373	2.31	0.2341289044
2.315	1.7557003769	2.315	2.2349729382	2.315	0.3262018784	2.315	0.225616144
2.32	1.7419500934	2.32	2.1900667577	2.32	0.3191261884	2.32	0.2195753954
2.325	1.7086485801	2.325	2.1120267723	2.325	0.3080151323	2.325	0.2094983741
2.33	1.8160556417	2.33	2.1819845783	2.33	0.316555623	2.33	0.2155929093
2.335	1.9394880927	2.335	2.2679338388	2.335	0.3275255356	2.335	0.2243830052
2.34	1.6378712881	2.34	1.8735569151	2.34	0.2759576384	2.34	0.1824807963
2.345	0.8924969477	2.345	1.0189290161	2.345	0.148004386	2.345	0.1114826591
2.35	0.6051933889	2.35	0.6954043379	2.35	0.1015788297	2.35	0.0807870893
2.355	0.5088652812	2.355	0.5783383477	2.355	0.0846211552	2.355	0.0691595086
2.36	0.4356994265	2.36	0.4898027817	2.36	0.0718143278	2.36	0.0602194077
2.365	0.3757154152	2.365	0.4174852111	2.365	0.0614130861	2.365	0.0526172918
2.37	0.3296169305	2.37	0.3613628103	2.37	0.0533450716	2.37	0.0465085121
2.375	0.2956178413	2.375	0.3190233401	2.375	0.0471891643	2.375	0.0417909677
2.38	0.2655337837	2.38	0.2818338578	2.38	0.0417608287	2.38	0.0374969372
2.385	0.294252525	2.385	0.2965915377	2.385	0.0436128829	2.385	0.0389910592
2.39	0.3872381103	2.39	0.3710391234	2.39	0.0538505387	2.39	0.0472551427
2.395	0.5479107063	2.395	0.5201612763	2.395	0.0761889833	2.395	0.063514116
2.4	0.7988233025	2.4	0.7639215046	2.4	0.1137111986	2.4	0.0873378782
2.405	1.2223558295	2.405	1.1983129899	2.405	0.1812745283	2.405	0.1313784992
2.41	1.6757405446	2.41	1.6185270267	2.41	0.241346913	2.41	0.1809172063
2.415	2.377692784	2.415	2.2618186886	2.415	0.3318856042	2.415	0.271324957
2.42	2.9241567325	2.42	2.7668776164	2.42	0.4033102409	2.42	0.3392100013
2.425	3.6530795452	2.425	3.4335514706	2.425	0.4935297293	2.425	0.4229226434
2.43	4.3867450701	2.43	4.1293813543	2.43	0.5827891263	2.43	0.5148085516
2.435	4.9954707578	2.435	4.7198731322	2.435	0.6589277744	2.435	0.5925266121
2.44	5.4149161991	2.44	5.1626554218	2.44	0.7179625634	2.44	0.6469499409
2.445	6.0130496929	2.445	5.806116987	2.445	0.7929210966	2.445	0.7320031232
2.45	5.4054934851	2.45	5.2845666293	2.45	0.7258050693	2.45	0.6238298052
2.455	5.2226384749	2.455	5.1431755797	2.455	0.7068467592	2.455	0.5520132641
2.46	4.8034719315	2.46	4.7662627467	2.46	0.6654626013	2.46	0.4396357057
2.465	4.5680995271	2.465	4.5975945767	2.465	0.6490452971	2.465	0.3671788362
2.47	4.2227350525	2.47	4.3250445036	2.47	0.6119045679	2.47	0.313731244
2.475	4.1078090042	2.475	4.2754412412	2.475	0.6003269802	2.475	0.2778850412
2.48	4.2650852324	2.48	4.464509531	2.48	0.6190436028	2.48	0.2683337567
2.485	4.9668112787	2.485	5.2155209204	2.485	0.7129937406	2.485	0.3096112644
2.49	7.2102781205	2.49	7.4614419114	2.49	1.000543035	2.49	0.4875917455
2.495	9.9536692152	2.495	10.6339924994	2.495	1.4027834289	2.495	0.5978368323
2.5	9.5715614019	2.5	10.5587758243	2.5	1.353234249	2.5	0.5496613889
2.505	9.6968534085	2.505	10.4564737156	2.505	1.3469321322	2.505	0.6313665097
2.51	8.680758595	2.51	9.3155040511	2.51	1.2335244932	2.51	0.5788066161
2.515	6.7179170549	2.515	7.2317017772	2.515	0.9612012901	2.515	0.506674509
2.52	5.8386661105	2.52	6.2867259941	2.52	0.8433779426	2.52	0.4706357019
2.525	5.1440355474	2.525	5.5369543054	2.525	0.7487442724	2.525	0.442096386
2.53	4.7569909824	2.53	5.1038312027	2.53	0.6967719143	2.53	0.4274069612
2.535	4.6328777077	2.535	4.9555462252	2.535	0.6860918857	2.535	0.4274662198
2.54	4.8717592416	2.54	5.1969917178	2.54	0.735841048	2.54	0.4419979005
2.545	4.9641834924	2.545	5.2763389002	2.545	0.7484359812	2.545	0.4476723372
2.55	4.9374875066	2.55	5.1788736488	2.55	0.7377715758	2.55	0.4418828344
2.555	5.4050244453	2.555	5.5266110778	2.555	0.7914158721	2.555	0.4834464182
2.56	5.7479989556	2.56	5.6506466808	2.56	0.8172185889	2.56	0.5171725927
2.565	5.491744731	2.565	5.3270886549	2.565	0.7761729297	2.565	0.4754179232
2.57	5.1480626973	2.57	4.96080131	2.57	0.7296197096	2.57	0.4224593499
2.575	4.5518978742	2.575	4.4449132498	2.575	0.6603213294	2.575	0.3588151828
2.58	4.0285007034	2.58	4.017610582	2.58	0.6000199984	2.58	0.3033100069
2.585	3.5804037675	2.585	3.6703992146	2.585	0.5524572531	2.585	0.2544066195
2.59	3.3854910297	2.59	3.5401059969	2.59	0.5274041598	2.59	0.240761735
2.595	3.6925542134	2.595	4.0110136264	2.595	0.5885933984	2.595	0.2683240959
2.6	4.6929469071	2.6	5.3651049162	2.6	0.7681617495	2.6	0.3551394213
2.605	6.6415544763	2.605	7.7637686835	2.605	1.0656459838	2.605	0.4458623698
2.61	6.8056517771	2.61	7.8679405752	2.61	1.0643293475	2.61	0.4777126861
2.615	6.438065154	2.615	7.4079396949	2.615	0.9988896805	2.615	0.4731085892
2.62	6.4518739217	2.62	7.440551201	2.62	0.994935583	2.62	0.4791836085
2.625	6.0280887059	2.625	6.9713530984	2.625	0.9327289104	2.625	0.4401589747
2.63	5.3699802686	2.63	6.1514489554	2.63	0.8247535251	2.63	0.374388467
2.635	4.6996121139	2.635	5.3326880015	2.635	0.7204607367	2.635	0.3104341767
2.64	4.2609415455	2.64	4.8792010574	2.64	0.6704173234	2.64	0.2684810457
2.645	4.1223574123	2.645	4.7875025136	2.645	0.6747567232	2.645	0.2412221805
2.65	5.3469768792	2.65	6.3237818729	2.65	0.9346382454	2.65	0.2480072941
2.655	2.1436160584	2.655	2.3533692785	2.655	0.3305746182	2.655	0.1327058847
2.66	1.0172196663	2.66	0.9743334232	2.66	0.1243382152	2.66	0.1092400967
2.665	1.0729045142	2.665	1.0063499699	2.665	0.1315363756	2.665	0.1182097546
2.67	1.1430177008	2.67	1.0712823174	2.67	0.1438405732	2.67	0.124528825
2.675	1.1616053973	2.675	1.1162053061	2.675	0.1583582579	2.675	0.1114338012
2.68	1.5088056661	2.68	1.4819082613	2.68	0.2107502263	2.68	0.1334507155
2.685	2.3824512667	2.685	2.384842953	2.685	0.3364142544	2.685	0.2052567875
2.69	3.7333010002	2.69	3.8396124232	2.69	0.5317735296	2.69	0.3013790703
2.695	4.9580264372	2.695	5.0593016486	2.695	0.696077785	2.695	0.3755538152
2.7	5.4624336359	2.7	5.4157574131	2.7	0.7383535018	2.7	0.4128198501
2.705	5.617595183	2.705	5.4249949982	2.705	0.7290680245	2.705	0.4383895622
2.71	5.6348872616	2.71	5.3933543469	2.71	0.7146708986	2.71	0.4354586897
2.715	5.8738205579	2.715	5.5648992085	2.715	0.7272755376	2.715	0.4497292088
2.72	6.0544581286	2.72	5.6996533292	2.72	0.734392252	2.72	0.4600296388
2.725	6.3114223969	2.725	5.8944575746	2.725	0.7501710509	2.725	0.4759198702
2.73	5.7121262295	2.73	5.3145246871	2.73	0.6651475655	2.73	0.424353805
2.735	5.6085899117	2.735	5.1478310342	2.735	0.6334571887	2.735	0.404272672
2.74	5.644856652	2.74	5.0327540671	2.74	0.6090270337	2.74	0.3855397418
2.745	5.4744443244	2.745	4.6833670485	2.745	0.5577279177	2.745	0.3487471496
2.75	4.5972851817	2.75	3.8019724135	2.75	0.4451721976	2.75	0.2781982757
2.755	3.6751936889	2.755	2.9602608628	2.755	0.3398970713	2.755	0.2131766157
2.76	3.1575257122	2.76	2.4806507396	2.76	0.2779089482	2.76	0.1764791223
2.765	2.9748421837	2.765	2.2856304315	2.765	0.2528918441	2.765	0.162159494
2.77	2.9939674815	2.77	2.2690524815	2.77	0.2536361254	2.77	0.1610389523
2.775	3.4620433994	2.775	2.5973253701	2.775	0.291113176	2.775	0.1948996679
2.78	3.5783673372	2.78	2.693545503	2.78	0.3033157669	2.78	0.2173814178
2.785	3.6256525904	2.785	2.7758996784	2.785	0.3157641005	2.785	0.2368839183
2.79	2.7204839733	2.79	2.3858970393	2.79	0.2863395005	2.79	0.2180106688
2.795	3.1394692355	2.795	2.8019884548	2.795	0.3383076772	2.795	0.2773030628
2.8	3.5138878614	2.8	3.1651074443	2.8	0.3809670392	2.8	0.3348428295
2.805	3.7713968638	2.805	3.4148271768	2.805	0.4126829947	2.805	0.3620227063
2.81	4.0363583635	2.81	3.679291051	2.81	0.4471789306	2.81	0.3895932043
2.815	4.2840039071	2.815	3.9314544553	2.815	0.4825425895	2.815	0.4181549188
2.82	4.6467071359	2.82	4.304194792	2.82	0.5337449533	2.82	0.4532019568
2.825	4.8806040001	2.825	4.4530675625	2.825	0.5532088853	2.825	0.4684645251
2.83	5.770366985	2.83	5.2959436268	2.83	0.66229861	2.83	0.5161419507
2.835	5.6492104086	2.835	5.1121883274	2.835	0.6398328966	2.835	0.5071804618
2.84	4.9667182274	2.84	4.333114573	2.84	0.5373862888	2.84	0.4210782236
2.845	4.8487032036	2.845	4.1542241816	2.845	0.5100356491	2.845	0.389280954
2.85	4.6883481574	2.85	3.9770547305	2.85	0.4858448151	2.85	0.3637044704
2.855	4.4619312986	2.855	3.6687440932	2.855	0.4497476215	2.855	0.3387422732
2.86	4.3766256923	2.86	3.5265193274	2.86	0.4339846051	2.86	0.3226625612
2.865	4.311287493	2.865	3.409326966	2.865	0.4215094883	2.865	0.3085478783
2.87	4.2824240491	2.87	3.3264292228	2.87	0.413043234	2.87	0.2999973629
2.875	4.3896212606	2.875	3.3789487308	2.875	0.4194180015	2.875	0.3012498548
2.88	4.2377010236	2.88	3.2272714383	2.88	0.4009584832	2.88	0.2892852542
2.885	3.70210888	2.885	2.7189844557	2.885	0.3384458884	2.885	0.2448389517
2.89	3.3773593424	2.89	2.4459893333	2.89	0.3050259746	2.89	0.2268570998
2.895	2.9775429153	2.895	2.2271444052	2.895	0.2770873155	2.895	0.2184119349
2.9	2.6104728928	2.9	2.1279132808	2.9	0.264814518	2.9	0.2318168885
2.905	3.1097074568	2.905	2.7420437826	2.905	0.3412035357	2.905	0.3262468802
2.91	2.9970640898	2.91	2.7483724088	2.91	0.3408454354	2.91	0.3162173459
2.915	3.1078524003	2.915	2.9815307924	2.915	0.3678549728	2.915	0.3340801525
2.92	3.7126270144	2.92	3.6513580413	2.92	0.4480296797	2.92	0.4007810788
2.925	4.2290666704	2.925	4.1711899587	2.925	0.5108382071	2.925	0.451477048
2.93	4.3985241572	2.93	4.2180520317	2.93	0.5140600135	2.93	0.4158396602
2.935	4.73881324	2.935	4.4153561745	2.935	0.5341159606	2.935	0.3959911675
2.94	5.3080603328	2.94	4.8137119461	2.94	0.5795624933	2.94	0.4185177437
2.945	6.5366456423	2.945	5.734004486	2.945	0.6883688455	2.945	0.4989100253
2.95	7.0324830288	2.95	6.267029337	2.95	0.7503019698	2.95	0.527293745
2.955	7.0951848032	2.955	6.4640883992	2.955	0.7704436991	2.955	0.5150319009
2.96	7.1856615449	2.96	6.673003848	2.96	0.7935829113	2.96	0.5082003478
2.965	6.9335942343	2.965	6.3862052029	2.965	0.7593440554	2.965	0.4513047814
2.97	7.0476782861	2.97	6.3855388789	2.97	0.7606099755	2.97	0.4351504318
2.975	6.9613041026	2.975	6.2809885366	2.975	0.7508338818	2.975	0.4050157942
2.98	6.1958537167	2.98	5.6463456154	2.98	0.6754985651	2.98	0.3376579181
2.985	5.0243888792	2.985	4.6076111416	2.985	0.555552096	2.985	0.2883439566
2.99	3.9625320948	2.99	3.7740487413	2.99	0.4591538243	2.99	0.260057259
2.995	3.7783594215	2.995	3.4481616607	2.995	0.4255172282	2.995	0.3079004681
3	4.0700284451	3	3.305304269	3	0.4142292208	3	0.3442015302
3.005	4.2370419777	3.005	3.0100082824	3.005	0.3820559269	3.005	0.3872222742
3.01	4.2308775111	3.01	2.6024761924	3.01	0.3323858584	3.01	0.4287990771
3.015	4.6027917804	3.015	2.6718380611	3.015	0.3418900294	3.015	0.4689022204
3.02	4.640474265	3.02	2.6097620443	3.02	0.3326609499	3.02	0.4794639573
3.025	4.3918894973	3.025	2.4448484314	3.025	0.3110337747	3.025	0.4643719367
3.03	4.2278306871	3.03	2.335919604	3.03	0.2967820697	3.03	0.4615955463
3.035	4.2422613162	3.035	2.3233671103	3.035	0.2946112577	3.035	0.4834487322
3.04	4.0264924586	3.04	2.1998192954	3.04	0.2775757669	3.04	0.4752341721
3.045	3.919397143	3.045	2.1276616086	3.045	0.2671971221	3.045	0.4793332342
3.05	3.8177750477	3.05	2.0491544052	3.05	0.2559707927	3.05	0.4799948218
3.055	3.7364722728	3.055	1.9745266626	3.055	0.245374698	3.055	0.4800052849
3.06	3.6795931241	3.06	1.9141535907	3.06	0.2365838713	3.06	0.4827191236
3.065	3.6685610196	3.065	1.8813223047	3.065	0.2313066562	3.065	0.4910677414
3.07	3.652988916	3.07	1.8477635508	3.07	0.226095141	3.07	0.4964706367
3.075	3.6289833925	3.075	1.8050624685	3.075	0.2197770941	3.075	0.497510022
3.08	3.5977825727	3.08	1.7580130552	3.08	0.2129295589	3.08	0.4970291333
3.085	3.9753057046	3.085	1.9022280378	3.085	0.2353114176	3.085	0.5278130234
3.09	3.7492149007	3.09	1.7725975765	3.09	0.2158886319	3.09	0.5133554829
3.095	3.9491202995	3.095	1.8307305538	3.095	0.2241128712	3.095	0.5336422682
3.1	3.9819550889	3.1	1.835861359	3.1	0.2238630012	3.1	0.5492002854
3.105	3.9618285438	3.105	1.8286828846	3.105	0.222998196	3.105	0.5655020806
3.11	3.9529400862	3.11	1.7886717818	3.11	0.2182299235	3.11	0.5688158189
3.115	3.8649307129	3.115	1.706461356	3.115	0.2075419468	3.115	0.5502204281
3.12	3.6138786176	3.12	1.5599672658	3.12	0.1861667639	3.12	0.528567962
3.125	3.5619063855	3.125	1.4990194986	3.125	0.1765265608	3.125	0.5289198986
3.13	3.414264147	3.13	1.4224004887	3.13	0.1656162681	3.13	0.5249598332
3.135	3.3204125434	3.135	1.3678696477	3.135	0.1578749474	3.135	0.5280112582
3.14	3.2398045307	3.14	1.3176107688	3.14	0.1508740514	3.14	0.5302221027
3.145	3.1883602678	3.145	1.2776024391	3.145	0.1452317266	3.145	0.533084097
3.15	3.1649131711	3.15	1.2484491651	3.15	0.1409852609	3.15	0.5382251867
3.155	3.1595668894	3.155	1.2271272316	3.155	0.1377744149	3.155	0.5452610593
3.16	3.1487626093	3.16	1.205958725	3.16	0.134688905	3.16	0.5526618302
3.165	3.1673698753	3.165	1.2001273261	3.165	0.1335092937	3.165	0.5632961297
3.17	3.2059613528	3.17	1.2038204906	3.17	0.1336242919	3.17	0.5795471605
3.175	3.2782227805	3.175	1.2216172953	3.175	0.1356980168	3.175	0.6050634499
3.18	3.3975840206	3.18	1.2542004082	3.18	0.1396279226	3.18	0.6402005118
3.185	3.4720559622	3.185	1.2748533789	3.185	0.141819537	3.185	0.6736135057
3.19	3.6080480125	3.19	1.3114154265	3.19	0.1461186586	3.19	0.7179232735
3.195	3.75730881	3.195	1.3483041481	3.195	0.1503526277	3.195	0.7637171974
3.2	4.0378747347	3.2	1.4244301364	3.2	0.1597660731	3.2	0.8471151084
3.205	4.0705796286	3.205	1.4082826976	3.205	0.1560524754	3.205	0.8441282547
3.21	3.9315132996	3.21	1.3124040408	3.21	0.1419267863	3.21	0.7781062566
3.215	3.9423872184	3.215	1.2865554329	3.215	0.1376087133	3.215	0.7651035923
3.22	4.0445102588	3.22	1.3030545158	3.22	0.1385373314	3.22	0.7854914392
3.225	4.2805232632	3.225	1.3577132793	3.225	0.1436683224	3.225	0.8326531735
3.23	4.3423443309	3.23	1.3656238741	3.23	0.1438969911	3.23	0.8335759918
3.235	4.3097618699	3.235	1.3567419907	3.235	0.1424238949	3.235	0.8318272005
3.24	4.2101137769	3.24	1.3244793339	3.24	0.1382870493	3.24	0.8108727694
3.245	4.037635729	3.245	1.2535976205	3.245	0.1305516936	3.245	0.7727863093
3.25	3.9537694494	3.25	1.2089988525	3.25	0.1255542513	3.25	0.7527750346
3.255	3.9431116244	3.255	1.1868762418	3.255	0.1227842228	3.255	0.7498684404
3.26	4.0608432495	3.26	1.1890822084	3.26	0.1223782004	3.26	0.7650917955
3.265	4.167627566	3.265	1.1855304045	3.265	0.121195838	3.265	0.7556299445
3.27	3.7592535341	3.27	1.0856853014	3.27	0.1112094626	3.27	0.6865476775
3.275	3.431173308	3.275	1.0042895996	3.275	0.1031322083	3.275	0.6372928387
3.28	3.1922772536	3.28	0.9434215574	3.28	0.0969750059	3.28	0.6015633609
3.285	3.0302721783	3.285	0.8986559505	3.285	0.0923457151	3.285	0.5750926796
3.29	2.9461475072	3.29	0.8704527474	3.29	0.0893390364	3.29	0.5597882417
3.295	2.9348085254	3.295	0.8575048974	3.295	0.0878131475	3.295	0.5540005662
3.3	2.9721625433	3.3	0.8549144753	3.3	0.0872880004	3.3	0.5523248882
3.305	3.0281732	3.305	0.8558072047	3.305	0.0871107624	3.305	0.5522689698
3.31	3.1066654302	3.31	0.8606177846	3.31	0.0873543678	3.31	0.5545758617
3.315	3.8442369635	3.315	0.973691033	3.315	0.0975718717	3.315	0.6217884545
3.32	3.8105052543	3.32	0.9611992178	3.32	0.0963021505	3.32	0.6159590723
3.325	3.9529368947	3.325	0.9764374796	3.325	0.0974924879	3.325	0.6285687198
3.33	4.0890056136	3.33	0.9988564224	3.33	0.0993100746	3.33	0.6357229551
3.335	4.329149658	3.335	1.0456765222	3.335	0.1033846355	3.335	0.6584000988
3.34	4.7772614315	3.34	1.122736869	3.34	0.1099718366	3.34	0.7226088259
3.345	5.0725173278	3.345	1.1891963492	3.345	0.1158801371	3.345	0.7833012529
3.35	4.8042711911	3.35	1.1532156964	3.35	0.1130248325	3.35	0.7771214039
3.355	4.5200037155	3.355	1.112087853	3.355	0.1096502385	3.355	0.7740867079
3.36	4.3793845341	3.36	1.0974890096	3.36	0.1085184391	3.36	0.7792929354
3.365	4.1881980255	3.365	1.0699478396	3.365	0.1061378343	3.365	0.7738522249
3.37	3.9754139184	3.37	1.0335326965	3.37	0.1028931207	3.37	0.7631307241
3.375	3.8111027916	3.375	1.0078110954	3.375	0.1006640433	3.375	0.7596974646
3.38	3.7885580282	3.38	1.0177852201	3.38	0.101873539	3.38	0.7692303593
3.385	3.685436986	3.385	1.0171481891	3.385	0.1021261756	3.385	0.7614412324
3.39	3.5534374233	3.39	1.0055605047	3.39	0.1012682994	3.39	0.756028078
3.395	3.3059385199	3.395	0.9372185115	3.395	0.0948595652	3.395	0.7526415925
3.4	3.0812398244	3.4	0.8668852561	3.4	0.088255658	3.4	0.7578865723
3.405	2.9240243858	3.405	0.8140440636	3.405	0.0833263331	3.405	0.7704258066
3.41	2.8317441642	3.41	0.7839381063	3.41	0.0806420987	3.41	0.7858421663
3.415	2.8384205112	3.415	0.7971700982	3.415	0.0822879056	3.415	0.8084559786
3.42	2.8715290036	3.42	0.8228417248	3.42	0.085282166	3.42	0.8405602262
3.425	2.8557917366	3.425	0.8404005147	3.425	0.0873980635	3.425	0.8645496589
3.43	2.8219990252	3.43	0.8555848707	3.43	0.0892604115	3.43	0.8855697318
3.435	2.7305815382	3.435	0.8396687342	3.435	0.0879531366	3.435	0.878654447
3.44	2.6646865473	3.44	0.8292749955	3.44	0.0873200595	3.44	0.8760640797
3.445	2.610423089	3.445	0.8189927536	3.445	0.086782985	3.445	0.8726601984
3.45	2.4576921063	3.45	0.7676460477	3.45	0.0817340445	3.45	0.8306726539
3.455	2.2143054725	3.455	0.6789055475	3.455	0.0722712298	3.455	0.7527068922
3.46	1.9452024819	3.46	0.586743231	3.46	0.0621213414	3.46	0.6683744967
3.465	1.6934376309	3.465	0.5048298841	3.465	0.0529642883	3.465	0.5890005963
3.47	1.5434653384	3.47	0.4594452318	3.47	0.0478462031	3.47	0.5466022641
3.475	1.4628301326	3.475	0.4349616952	3.475	0.0451208428	3.475	0.5258136141
3.48	1.3804453465	3.48	0.4106752451	3.48	0.0424161696	3.48	0.504154358
3.485	1.2957279629	3.485	0.3858311587	3.485	0.0396536605	3.485	0.480766781
3.49	1.2079012036	3.49	0.3595791177	3.49	0.036755312	3.49	0.4547568721
3.495	1.127015718	3.495	0.3346542468	3.495	0.0340208701	3.495	0.4295317978
3.5	1.0725749445	3.5	0.3170247492	3.5	0.0321182861	3.5	0.4124968383
3.505	1.0745770223	3.505	0.3139178814	3.505	0.0319463816	3.505	0.4101115173
3.51	1.1525607572	3.51	0.3285038861	3.51	0.0339163661	3.51	0.4263562096
3.515	1.3073673829	3.515	0.3586867413	3.515	0.0378594027	3.515	0.4593109704
3.52	1.5060009047	3.52	0.4038444006	3.52	0.0432936384	3.52	0.5130409007
3.525	1.4318391733	3.525	0.3908640457	3.525	0.0413572872	3.525	0.504987433
3.53	1.3979378082	3.53	0.3840708632	3.53	0.040511608	3.53	0.5043360623
3.535	1.3603623518	3.535	0.3755611411	3.535	0.0396019407	3.535	0.4989628576
3.54	1.3421481382	3.54	0.3726591831	3.54	0.0392934343	3.54	0.5001471836
3.545	1.3460775426	3.545	0.3765952405	3.545	0.0396816871	3.545	0.5113332459
3.55	1.3652227596	3.55	0.3865293446	3.55	0.0406831929	3.55	0.5317142438
3.555	1.3889983598	3.555	0.3983042002	3.555	0.0418857084	3.555	0.554706503
3.56	1.4117455307	3.56	0.4100272539	3.56	0.0430876461	3.56	0.5775368742
3.565	1.4294859154	3.565	0.420329508	3.565	0.0441460006	3.565	0.5984970613
3.57	1.4332302191	3.57	0.4258883838	3.57	0.0447287605	3.57	0.6132510493
3.575	1.4314167552	3.575	0.4301018215	3.575	0.0451568353	3.575	0.626767503
3.58	1.450730589	3.58	0.4406901661	3.58	0.0461736497	3.58	0.6503089403
3.585	1.3978539693	3.585	0.4300364367	3.585	0.0451513696	3.585	0.6412935683
3.59	1.3665212637	3.59	0.4260762709	3.59	0.044835824	3.59	0.6409934354
3.595	1.3453950962	3.595	0.4245776566	3.595	0.0448297529	3.595	0.6445650451
3.6	1.314310462	3.6	0.4180041607	3.6	0.0443066413	3.6	0.6398502166
3.605	1.2869965279	3.605	0.410795108	3.605	0.0436043009	3.605	0.6321513619
3.61	1.2713138469	3.61	0.4057779507	3.61	0.0431028917	3.61	0.6269269469
3.615	1.2581055665	3.615	0.4014310212	3.615	0.0427209226	3.615	0.6217781687
3.62	1.2607653171	3.62	0.4024242662	3.62	0.0429258367	3.62	0.6255687979
3.625	1.270030604	3.625	0.4058256706	3.625	0.043386541	3.625	0.6336485598
3.63	1.2828933704	3.63	0.4106312638	3.63	0.0439906756	3.63	0.6444481469
3.635	1.2973502286	3.635	0.4159931488	3.635	0.0446507331	3.635	0.6561924988
3.64	1.2793230566	3.64	0.4126106836	3.64	0.0444628242	3.64	0.6546763983
3.645	1.2478504379	3.645	0.4057977354	3.645	0.0439306512	3.645	0.6477481431
3.65	1.2299945004	3.65	0.4028308081	3.65	0.0437795523	3.65	0.6466845445
3.655	1.22899562	3.655	0.4043452132	3.655	0.0440824602	3.655	0.6525143191
3.66	1.2463863692	3.66	0.4100622234	3.66	0.0447992852	3.66	0.6649518344
3.665	1.2788056368	3.665	0.419307073	3.665	0.0459012585	3.665	0.6841932681
3.67	1.3388949211	3.67	0.4365536224	3.67	0.0478619028	3.67	0.7174598508
3.675	1.3905632136	3.675	0.4518997807	3.675	0.0496303206	3.675	0.7476689129
3.68	1.4291540487	3.68	0.4634012267	3.68	0.0510381131	3.68	0.7717326578
3.685	1.4669059009	3.685	0.4742827973	3.685	0.0523785136	3.685	0.7938674657
3.69	1.4993430596	3.69	0.4834769814	3.69	0.0535472299	3.69	0.8123679411
3.695	1.5231172114	3.695	0.4903875087	3.695	0.0544897581	3.695	0.8259693794
3.7	1.5425074998	3.7	0.4962878545	3.7	0.055342385	3.7	0.8371172653
3.705	1.5586920994	3.705	0.5012670843	3.705	0.0561024197	3.705	0.8459836321
3.71	1.5751020643	3.71	0.5060820567	3.71	0.0568313677	3.71	0.8539021559
3.715	1.5830722507	3.715	0.5075190513	3.715	0.0571082695	3.715	0.8554668888
3.72	1.5807550313	3.72	0.5049288376	3.72	0.056838215	3.72	0.849405197
3.725	1.5961824267	3.725	0.5087116564	3.725	0.0573897689	3.725	0.8535020434
3.73	1.6099716516	3.73	0.512364867	3.73	0.0579622405	3.73	0.8569049519
3.735	1.6208420236	3.735	0.5155023515	3.735	0.058505451	3.735	0.8587639384
3.74	1.6335389206	3.74	0.5193232301	3.74	0.0591280847	3.74	0.8611087361
3.745	1.6522376092	3.745	0.5247157737	3.745	0.0599067834	3.745	0.8654489681
3.75	1.6722975528	3.75	0.5305156462	3.75	0.0607373819	3.75	0.8698763045
3.755	1.6881459733	3.755	0.5352179841	3.755	0.0614679719	3.755	0.8718219912
3.76	1.7007143266	3.76	0.5394828742	3.76	0.0621825153	3.76	0.8721307551
3.765	1.7070027339	3.765	0.5420610326	3.765	0.0627446335	3.765	0.8688688571
3.77	1.8276346851	3.77	0.5733177009	3.77	0.0660087254	3.77	0.9078641064
3.775	1.843413701	3.775	0.5788284345	3.775	0.0669203226	3.775	0.9070239778
3.78	1.7671103652	3.78	0.564493628	3.78	0.0662110223	3.78	0.874089644
3.785	1.7189796786	3.785	0.5567885121	3.785	0.0660588604	3.785	0.8519013421
3.79	1.6870098104	3.79	0.553561957	3.79	0.0664181894	3.79	0.8353444402
3.795	1.558596164	3.795	0.5196165512	3.795	0.0630625617	3.795	0.7812377013
3.8	1.5137960387	3.8	0.5107322355	3.8	0.0624980515	3.8	0.7584332577
3.805	1.4812600279	3.805	0.504358355	3.805	0.0621269824	3.805	0.7399026402
3.81	1.4568580416	3.81	0.5001128152	3.81	0.0619734475	3.81	0.7245461724
3.815	1.4451989534	3.815	0.4993839613	3.815	0.062208856	3.815	0.7142910138
3.82	1.4357685445	3.82	0.5000109136	3.82	0.062624291	3.82	0.7049105408
3.825	1.4352918921	3.825	0.5032041121	3.825	0.0633272807	3.825	0.698656872
3.83	1.4379227265	3.83	0.5092346785	3.83	0.0644320468	3.83	0.6952489187
3.835	1.4440629185	3.835	0.5179065025	3.835	0.065912507	3.835	0.6937629804
3.84	1.4451091568	3.84	0.5285639679	3.84	0.0678053647	3.84	0.6896540161
3.845	1.4153796116	3.845	0.5286576185	3.845	0.0683397466	3.845	0.6720967475
3.85	1.3755779552	3.85	0.5257539619	3.85	0.068437011	3.85	0.6494217279
3.855	1.2975012873	3.855	0.5255386243	3.855	0.0696133746	3.855	0.6166968457
3.86	1.2834906585	3.86	0.5385813903	3.86	0.0720355726	3.86	0.6050832762
3.865	1.2588885113	3.865	0.5467546245	3.865	0.0737163571	3.865	0.5859798953
3.87	1.2173700427	3.87	0.5480744104	3.87	0.0744216623	3.87	0.5565248039
3.875	1.1836033562	3.875	0.5530995009	3.875	0.0755441917	3.875	0.5324119786
3.88	1.1516573186	3.88	0.5592955269	3.88	0.076827721	3.88	0.5082106163
3.885	1.1730582496	3.885	0.5857164377	3.885	0.0807664096	3.885	0.5028578137
3.89	1.1934526367	3.89	0.6125602663	3.89	0.0846719937	3.89	0.4960884565
3.895	1.1963816026	3.895	0.6353071437	3.895	0.0879728527	3.895	0.4829002094
3.9	1.1603240175	3.9	0.6446863633	3.9	0.0893820349	3.9	0.4551198884
3.905	1.0333653755	3.905	0.6086024553	3.905	0.0847794431	3.905	0.3952078951
3.91	1.009255507	3.91	0.6173086687	3.91	0.086066347	3.91	0.3735378399
3.915	0.991524376	3.915	0.6425499249	3.915	0.0898874697	3.915	0.3530974604
3.92	1.1512148114	3.92	0.797161954	3.92	0.1126900745	3.92	0.3881188789
3.925	1.1691114956	3.925	0.8594638772	3.925	0.1217545753	3.925	0.3851804439
3.93	1.0024724126	3.93	0.7964220145	3.93	0.1129468637	3.93	0.3144201995
3.935	0.7877698634	3.935	0.6108787666	3.935	0.0860220101	3.935	0.2503761863
3.94	0.5150817443	3.94	0.326094291	3.94	0.0448630651	3.94	0.1820484873
3.945	0.3528245754	3.945	0.1852454407	3.945	0.0248477121	3.945	0.1293162033
3.95	0.262740323	3.95	0.1225430496	3.95	0.0161359063	3.95	0.0967325981
3.955	0.2420036611	3.955	0.1262521417	3.955	0.0168755259	3.955	0.0921601377
3.96	0.2276468741	3.96	0.1329029778	3.96	0.0179888348	3.96	0.0897424005
3.965	0.218426245	3.965	0.1417724382	3.965	0.019372237	3.965	0.0889583691
3.97	0.2178066485	3.97	0.1556527008	3.97	0.021415482	3.97	0.0916461123
3.975	0.2349369771	3.975	0.1824263092	3.975	0.025218367	3.975	0.1030908016
3.98	0.2316820076	3.98	0.194149174	3.98	0.0268962054	3.98	0.1035300741
3.985	0.2353973007	3.985	0.2101220531	3.985	0.0291312935	3.985	0.106551812
3.99	0.2397924902	3.99	0.2254764943	3.99	0.0312497208	3.99	0.108994924
3.995	0.2457818484	3.995	0.2413017968	3.995	0.0334096794	3.995	0.1113442875
4	0.2548306453	4	0.2604267382	4	0.0360245541	4	0.1144862165
4.005	0.2641306857	4.005	0.2804241945	4.005	0.0387498826	4.005	0.1171848136
4.01	0.2739322282	4.01	0.3013833811	4.01	0.0415946857	4.01	0.1194755241
4.015	0.2867708002	4.015	0.3262330761	4.015	0.0449636055	4.015	0.1224383328
4.02	0.3010571638	4.02	0.35357567	4.02	0.0486602329	4.02	0.1253036309
4.025	0.3338247434	4.025	0.4157640176	4.025	0.0570784468	4.025	0.1325196944
4.03	2.8188324714	4.03	5.4700699625	4.03	0.7391158181	4.03	0.7050694359
4.035	4.028347931	4.035	8.1919487932	4.035	1.0920950034	4.035	0.9123379457
4.04	3.9163628244	4.04	7.9610730795	4.04	1.0575202096	4.04	0.8530187168
4.045	4.0098793004	4.045	7.9922190524	4.045	1.0595632713	4.045	0.8657953267
4.05	3.9817393964	4.05	7.8616430484	4.05	1.0387511294	4.05	0.8380516941
4.055	3.3763435517	4.055	6.9132013884	4.055	0.9028154476	4.055	0.6615169862
4.06	3.0317233592	4.06	6.4497401127	4.06	0.8342826928	4.06	0.5185692261
4.065	3.1707219408	4.065	6.7197825538	4.065	0.866107059	4.065	0.5004131642
4.07	3.6873662055	4.07	7.6492862967	4.07	0.9841578853	4.07	0.5519460309
4.075	4.4922756323	4.075	9.1228186194	4.075	1.1704547207	4.075	0.6217453761
4.08	5.6209755386	4.08	11.2100195246	4.08	1.4333041117	4.08	0.7051556169
4.085	6.0673956783	4.085	11.9472541533	4.085	1.5241022238	4.085	0.6694912227
4.09	3.9434341385	4.09	8.1194050468	4.09	1.0276501092	4.09	0.3882562685
4.095	1.0530045627	4.095	2.1559095632	4.095	0.2707395905	4.095	0.1305404638
4.1	0.5459043826	4.1	1.1491540636	4.1	0.1424220592	4.1	0.0844707798
4.105	0.2771856853	4.105	0.6110133088	4.105	0.074563984	4.105	0.0588590383
4.11	3.0215375174	4.11	6.1795646144	4.11	0.7667258149	4.11	0.3521288146
4.115	7.0353786861	4.115	14.2580452339	4.115	1.7786583665	4.115	0.7490283641
4.12	6.079099576	4.12	12.423566321	4.12	1.5649295136	4.12	0.6847299837
4.125	7.3958274747	4.125	15.0368998247	4.125	1.9274229926	4.125	0.8218065011
4.13	5.5795937775	4.13	11.3634359496	4.13	1.4429822784	4.13	0.6744533718
4.135	4.6739001014	4.135	9.5356327425	4.135	1.2060120612	4.135	0.6176729673
4.14	4.2616881512	4.14	8.6788107088	4.14	1.094433921	4.14	0.5784091027
4.145	4.0703877381	4.145	8.2857415552	4.145	1.0435824584	4.145	0.5689755515
4.15	3.9085456534	4.15	7.9513076759	4.15	1.0012427534	4.15	0.5500520631
4.155	3.8710111504	4.155	7.9712041411	4.155	1.0068979092	4.155	0.5183639399
4.16	4.3144803784	4.16	9.0615918357	4.16	1.1496710621	4.16	0.5458391239
4.165	6.3250606431	4.165	13.7035432788	4.165	1.7413867552	4.165	0.6889604406
4.17	6.8403357203	4.17	13.9047794058	4.17	1.7914503597	4.17	0.7642484473
4.175	5.8875824424	4.175	11.4939856221	4.175	1.4826233634	4.175	0.7171124846
4.18	5.264375283	4.18	10.0494532275	4.18	1.2982780063	4.18	0.6800673482
4.185	4.9393816771	4.185	9.2374709121	4.185	1.1952887311	4.185	0.6626391675
4.19	4.7790997166	4.19	8.763539709	4.19	1.1355044212	4.19	0.6633056088
4.195	4.7126569332	4.195	8.4694861129	4.195	1.1015686422	4.195	0.6410607749
4.2	4.9343085822	4.2	8.6941040599	4.2	1.1355776476	4.2	0.6700335934
4.205	4.4031685244	4.205	7.6303274452	4.205	0.9993064084	4.205	0.5974020063
4.21	4.1193704619	4.21	7.0639773615	4.21	0.9264858745	4.21	0.5392299319
4.215	2.9540628474	4.215	4.8488605472	4.215	0.637610701	4.215	0.4407787319
4.22	2.3367387702	4.22	3.732926005	4.22	0.492307258	4.22	0.3648102115
4.225	2.0240784836	4.225	3.180101209	4.225	0.4202851912	4.225	0.3284848245
4.23	2.0165534962	4.23	3.0779535084	4.23	0.4075785072	4.23	0.3351700357
4.235	1.5379431961	4.235	2.3618794743	4.235	0.3127636724	4.235	0.2753440737
4.24	1.3579069214	4.24	2.0689294873	4.24	0.2736376804	4.24	0.2703499628
4.245	1.1310104921	4.245	1.7141357489	4.245	0.2257252259	4.245	0.2779805675
4.25	0.9063169856	4.25	1.3716930919	4.25	0.1797391125	4.25	0.2791747164
4.255	0.7515708628	4.255	1.1407424016	4.255	0.1502093972	4.255	0.2765163677
4.26	0.3920027227	4.26	0.5951307734	4.26	0.0760081617	4.26	0.1754007771
4.265	0.1234235686	4.265	0.1921848328	4.265	0.0250141757	4.265	0.0430762022
4.27	0.0654424012	4.27	0.1072630695	4.27	0.0141583267	4.27	0.0168058948
4.275	0.0928114427	4.275	0.1492215651	4.275	0.0196251537	4.275	0.0231597101
4.28	0.1497440491	4.28	0.2345527934	4.28	0.0307683354	4.28	0.0363118851
4.285	0.2634977556	4.285	0.400199551	4.285	0.0523532061	4.285	0.0612032878
4.29	0.4044831337	4.29	0.6015232431	4.29	0.0785148264	4.29	0.0894968702
4.295	0.6383382821	4.295	0.9290199043	4.295	0.1212072718	4.295	0.1365965169
4.3	0.904030421	4.3	1.3078014594	4.3	0.1710254817	4.3	0.1807719516
4.305	1.1501955981	4.305	1.6591964786	4.305	0.2177779598	4.305	0.2093114244
4.31	1.5155110693	4.31	2.1918819368	4.31	0.2889683835	4.31	0.2459513835
4.315	1.8285420599	4.315	2.6562212399	4.315	0.3527138826	4.315	0.2474301005
4.32	2.4333307717	4.32	3.5279685554	4.32	0.4705115725	4.32	0.2860360555
4.325	3.0957005812	4.325	4.5002862289	4.325	0.6005203092	4.325	0.3361767079
4.33	3.0410964792	4.33	4.4605107632	4.33	0.592456023	4.33	0.3531323632
4.335	3.1357423959	4.335	4.6442372655	4.335	0.6153146714	4.335	0.362635301
4.34	3.3120459395	4.34	4.9700893615	4.34	0.6575869644	4.34	0.3581801994
4.345	3.5112992213	4.345	5.3393778721	4.345	0.7053106535	4.345	0.3651742481
4.35	3.1582364577	4.35	4.847878115	4.35	0.6384350445	4.35	0.3503484179
4.355	2.9128172516	4.355	4.5002980542	4.355	0.5912955224	4.355	0.340129447
4.36	2.6014439202	4.36	4.0240152236	4.36	0.5274630331	4.36	0.3369243271
4.365	2.4468642788	4.365	3.7905417542	4.365	0.4957008984	4.365	0.3568640773
4.37	2.3231129321	4.37	3.6108932085	4.37	0.4712083208	4.37	0.362427158
4.375	2.2246042965	4.375	3.4710337773	4.375	0.4520125836	4.375	0.3694777543
4.38	2.1591765705	4.38	3.3820702891	4.38	0.4395127767	4.38	0.3786849678
4.385	2.1107558882	4.385	3.3173233849	4.385	0.4302378053	4.385	0.3894913431
4.39	2.097248318	4.39	3.2969714273	4.39	0.4263098025	4.39	0.4159919294
4.395	2.122714213	4.395	3.3216983022	4.395	0.4275150147	4.395	0.4666472979
4.4	1.9479414808	4.4	3.0862563311	4.4	0.397714858	4.4	0.4326197553
4.405	1.7796679336	4.405	2.8704591583	4.405	0.370996029	4.405	0.3829249601
4.41	1.692407623	4.41	2.7714671965	4.41	0.3590374671	4.41	0.3529449147
4.415	1.5257378314	4.415	2.545802643	4.415	0.3309032636	4.415	0.3222772937
4.42	1.4537505069	4.42	2.4460931238	4.42	0.3179417171	4.42	0.3261952527
4.425	1.3537988806	4.425	2.2949877554	4.425	0.2984303372	4.425	0.3225373784
4.43	1.2646757175	4.43	2.1543558983	4.43	0.2801725372	4.43	0.3232413045
4.435	1.1912464293	4.435	2.0339222131	4.435	0.2644803265	4.435	0.3273442251
4.44	1.1349999795	4.44	1.9391511533	4.44	0.252156551	4.44	0.3318797619
4.445	1.0481278109	4.445	1.793153873	4.445	0.233109597	4.445	0.3360562695
4.45	0.9974814402	4.45	1.7070517666	4.45	0.2217919535	4.45	0.3481357801
4.455	0.9435823778	4.455	1.6115517409	4.455	0.2091747533	4.455	0.3657311453
4.46	0.8987543819	4.46	1.5281047128	4.46	0.1980503426	4.46	0.3885622689
4.465	0.876279264	4.465	1.4798695338	4.465	0.1914307812	4.465	0.4204964071
4.47	0.8575303087	4.47	1.4350987979	4.47	0.1852101888	4.47	0.4543860168
4.475	0.8452298573	4.475	1.3971223105	4.475	0.1796709968	4.475	0.4942290819
4.48	0.8259806958	4.48	1.343810289	4.48	0.1721211717	4.48	0.5356367199
4.485	0.8251091418	4.485	1.3196636332	4.485	0.168339667	4.485	0.5795579661
4.49	0.9572396599	4.49	1.4138565748	4.49	0.1765030512	4.49	0.8289734712
4.495	0.8886712643	4.495	1.2842673989	4.495	0.1597263852	4.495	0.8004724995
4.5	0.816181203	4.5	1.1619837195	4.5	0.1446178533	4.5	0.7629151474
4.505	0.7587640473	4.505	1.0786025867	4.505	0.1346776093	4.505	0.7182883474
4.51	0.714382722	4.51	0.9927737713	4.51	0.1237410927	4.51	0.706063804
4.515	0.6737059263	4.515	0.9082630888	4.515	0.1128477934	4.515	0.7005709649
4.52	0.5970990526	4.52	0.7368180409	4.52	0.0902880729	4.52	0.6953979138
4.525	0.5351551275	4.525	0.5932888288	4.525	0.0713934667	4.525	0.6892796492
4.53	0.5119474286	4.53	0.5322807346	4.53	0.0633650335	4.53	0.6868904454
4.535	0.499133791	4.535	0.4953416948	4.535	0.0584628759	4.535	0.6794690293
4.54	0.5003719835	4.54	0.4859069912	4.54	0.0572165345	4.54	0.68762878
4.545	0.5005127844	4.545	0.475453066	4.545	0.0558508228	4.545	0.6941348731
4.55	0.4994767831	4.55	0.464259438	4.55	0.0544060781	4.55	0.6987982032
4.555	0.4980481709	4.555	0.4535122425	4.555	0.0530391915	4.555	0.7025617612
4.56	0.4963583042	4.56	0.4433350423	4.56	0.0517646325	4.56	0.705603255
4.565	0.4943548737	4.565	0.4336233738	4.565	0.0505673115	4.565	0.7078658792
4.57	0.4908685357	4.57	0.4234257271	4.57	0.0493378173	4.57	0.7075645423
4.575	0.4879857533	4.575	0.4143870561	4.575	0.0482584176	4.575	0.7079075155
4.58	0.4866240166	4.58	0.4072404303	4.58	0.0474166915	4.58	0.7102411068
4.585	0.4853635165	4.585	0.4005661856	4.585	0.0466406262	4.585	0.7125406029
4.59	0.4843559976	4.59	0.3944360549	4.59	0.0459368728	4.59	0.7150392055
4.595	0.4836664577	4.595	0.3888580682	4.595	0.0453058897	4.595	0.7178471241
4.6	0.4831662634	4.6	0.3836982131	4.6	0.0447311399	4.6	0.7207955719
4.605	0.4835844261	4.605	0.3794901091	4.605	0.0442682679	4.605	0.7250422106
4.61	0.4863902036	4.61	0.3773771209	4.61	0.0440287635	4.61	0.7328827167
4.615	0.4886060661	4.615	0.3751282946	4.615	0.0437930441	4.615	0.7396631065
4.62	0.4904511296	4.62	0.3728815293	4.62	0.0435766198	4.62	0.7457033218
4.625	0.4901872735	4.625	0.3692097161	4.625	0.0432150435	4.625	0.7483099093
4.63	0.4898386646	4.63	0.3656249663	4.63	0.0428669715	4.63	0.7506963298
4.635	0.4894310949	4.635	0.3621482282	4.635	0.0425344617	4.635	0.7529034439
4.64	0.4889364055	4.64	0.3587639415	4.64	0.0422156888	4.64	0.7548866473
4.645	0.4883980076	4.645	0.3555068972	4.645	0.0419150576	4.645	0.7567118976
4.65	0.4880771082	4.65	0.3525633218	4.65	0.0416557538	4.65	0.7587925965
4.655	0.488109184	4.655	0.3500298199	4.655	0.0414493648	4.655	0.7613352609
4.66	0.4884663397	4.66	0.3478993563	4.66	0.0412936924	4.66	0.7643056158
4.665	0.488423182	4.665	0.3456589963	4.665	0.0411264854	4.665	0.7665547949
4.67	0.4875039642	4.67	0.3429448254	4.67	0.0409061076	4.67	0.7673204504
4.675	0.4860761485	4.675	0.3399953152	4.675	0.04066094	4.675	0.7671865428
4.68	0.4847107144	4.68	0.3372168893	4.68	0.0404404228	4.68	0.7670831483
4.685	0.4838181317	4.685	0.3348786435	4.685	0.0402702156	4.685	0.7676810081
4.69	0.4836104355	4.69	0.3331166575	4.69	0.0401651766	4.69	0.7693265199
4.695	0.4839320431	4.695	0.3317776927	4.695	0.0401089567	4.695	0.7717573096
4.7	0.4845789241	4.7	0.3307315227	4.7	0.0400905412	4.7	0.7746662827
4.705	0.4855838373	4.705	0.3300541358	4.705	0.0401245317	4.705	0.7781619655
4.71	0.4865121994	4.71	0.3294093484	4.71	0.0401664182	4.71	0.7814994338
4.715	0.488621708	4.715	0.329720198	4.715	0.0403441215	4.715	0.7867326118
4.72	0.4885127731	4.72	0.3284964647	4.72	0.0403145311	4.72	0.7883005445
4.725	0.4883256597	4.725	0.3272763732	4.725	0.0402869008	4.725	0.7897082027
4.73	0.488065441	4.73	0.3260606876	4.73	0.0402611542	4.73	0.7909649533
4.735	0.4877325874	4.735	0.3248481225	4.735	0.040236984	4.735	0.7920726813
4.74	0.4873273291	4.74	0.3236372715	4.74	0.0402140687	4.74	0.7930328841
4.745	0.4868662486	4.745	0.3224385581	4.745	0.0401937718	4.745	0.7938720534
4.75	0.4863950176	4.75	0.3212847103	4.75	0.0401807278	4.75	0.7946607628
4.755	0.4859640382	4.755	0.3202170974	4.755	0.0401807795	4.755	0.7954867766
4.76	0.4856879083	4.76	0.3193184482	4.76	0.0402047473	4.76	0.7965447391
4.765	0.4862790991	4.765	0.3190811083	4.765	0.0403080079	4.765	0.7990099928
4.77	0.4869506027	4.77	0.3189477974	4.77	0.0404285261	4.77	0.8015739488
4.775	0.487191371	4.775	0.3186338045	4.775	0.0405504711	4.775	0.8033831539
4.78	0.4881952344	4.78	0.3189563871	4.78	0.0407618604	4.78	0.8064316182
4.785	0.4891914895	4.785	0.3193245573	4.785	0.0409790953	4.785	0.8094467632
4.79	0.4901786258	4.79	0.3197421014	4.79	0.0412026609	4.79	0.8124258274
4.795	0.4911751459	4.795	0.3202222747	4.795	0.0414341925	4.795	0.8153988668
4.8	0.492200501	4.8	0.3207783559	4.8	0.041675325	4.8	0.8183985596
4.805	0.4924526083	4.805	0.3208804449	4.805	0.0418655589	4.805	0.8200917959
4.81	0.4918830489	4.81	0.3204718086	4.81	0.0419955626	4.81	0.8204005329
4.815	0.4912077582	4.815	0.3199884485	4.815	0.0421100608	4.815	0.8205233242
4.82	0.4903533599	4.82	0.3193597115	4.82	0.0421978858	4.82	0.8203419726
4.825	0.4893447932	4.825	0.3185886983	4.825	0.0422586587	4.825	0.819899278
4.83	0.4878396515	4.83	0.3174266923	4.83	0.0422563019	4.83	0.8186521313
4.835	0.4860231751	4.835	0.3160016139	4.835	0.0422108326	4.835	0.8168820459
4.84	0.4836391019	4.84	0.3141196409	4.84	0.0421002706	4.84	0.8140962875
4.845	0.4811819172	4.845	0.3121932719	4.845	0.0419840911	4.845	0.811158002
4.85	0.4786721586	4.85	0.3102474253	4.85	0.0418661011	4.85	0.8081058074
4.855	0.4839436646	4.855	0.3150843065	4.855	0.0428239339	4.855	0.8177248637
4.86	0.484407919	4.86	0.3159063102	4.86	0.0431476635	4.86	0.8195464979
4.865	0.4842777854	4.865	0.3162822293	4.865	0.0433942172	4.865	0.8205432734
4.87	0.4849854175	4.87	0.3169833547	4.87	0.0436674303	4.87	0.82293179
4.875	0.4861326375	4.875	0.3176194484	4.875	0.0439160009	4.875	0.8260668626
4.88	0.4854948459	4.88	0.3170802162	4.88	0.0440106457	4.88	0.8261611917
4.885	0.4843246833	4.885	0.3162408337	4.885	0.0440709292	4.885	0.8253508839
4.89	0.4828868994	4.89	0.3153211777	4.89	0.0441283788	4.89	0.8240855795
4.895	0.4812139284	4.895	0.3143488599	4.895	0.0441867033	4.895	0.8224198596
4.9	0.4798269039	4.9	0.3138143154	4.9	0.0443260822	4.9	0.821216888
4.905	0.4789066701	4.905	0.3138935665	4.905	0.0445743124	4.905	0.8207840639
4.91	0.4783566623	4.91	0.3144506645	4.91	0.044907013	4.91	0.8210011404
4.915	0.4776412234	4.915	0.3149035173	4.915	0.0452276309	4.915	0.8209966667
4.92	0.4768694533	4.92	0.3152123481	4.92	0.0455269755	4.92	0.8210052307
4.925	0.4895643354	4.925	0.3234272713	4.925	0.0469454243	4.925	0.8444212557
4.93	0.4951182207	4.93	0.3286758922	4.93	0.0480391431	4.93	0.8551746995
4.935	0.4871922999	4.935	0.3228925521	4.935	0.0474181819	4.935	0.843960846
4.94	0.4876569901	4.94	0.3230953468	4.94	0.0476898142	4.94	0.8468529195
4.945	0.4897039228	4.945	0.3244712798	4.945	0.0481512793	4.945	0.8525080802
4.95	0.4928762401	4.95	0.3265313286	4.95	0.0487197725	4.95	0.8602314719
4.955	0.4972237817	4.955	0.329238831	4.955	0.0493889805	4.955	0.8701608736
4.96	0.5029081983	4.96	0.3326404438	4.96	0.0501651138	4.96	0.8826268494
4.965	0.5191275422	4.965	0.3454494956	4.965	0.0525049469	4.965	0.9137364771
4.97	0.5445183263	4.97	0.3645985828	4.97	0.055871407	4.97	0.9604463879
4.975	0.5547924887	4.975	0.3666936533	4.975	0.0563797459	4.975	0.9830593158
4.98	0.5432140686	4.98	0.3494420789	4.98	0.0537819983	4.98	0.969014879
4.985	0.5222307547	4.985	0.3294864198	4.985	0.0508034173	4.985	0.937236191
4.99	0.4894115477	4.99	0.3072257339	4.99	0.0475095003	4.99	0.8821200263
4.995	0.4687616056	4.995	0.2899709579	4.995	0.0449978766	4.995	0.8498625361
5	0.4445056324	5	0.270682779	5	0.0421386969	5	0.8107576271
5.005	0.4139706721	5.005	0.2464598681	5.005	0.0384413625	5.005	0.7595664523
5.01	0.3682338701	5.01	0.2117998301	5.01	0.032988733	5.01	0.6785708679
5.015	0.3354838996	5.015	0.182979979	5.015	0.0286593935	5.015	0.6249957859
5.02	0.2243233251	5.02	0.1285469978	5.02	0.0197341887	5.02	0.4087026948
5.025	0.1818808239	5.025	0.107527941	5.025	0.0164484333	5.025	0.3276797897
5.03	0.1569556983	5.03	0.0932043766	5.03	0.0142709572	5.03	0.2821245025
5.035	0.138483748	5.035	0.0823949545	5.035	0.0126645499	5.035	0.2488899112
5.04	0.1223434827	5.04	0.0728699569	5.04	0.0112528881	5.04	0.2199627141
5.045	0.1142376055	5.045	0.0714367013	5.045	0.0112009775	5.045	0.2045200908
5.05	0.1401106006	5.05	0.1125423458	5.05	0.0182496084	5.05	0.2460081825
5.055	0.1682511212	5.055	0.1552411852	5.055	0.0254979007	5.055	0.292526202
5.06	0.1716222628	5.06	0.16379439	5.06	0.0270028826	5.06	0.2995051302
5.065	0.1774543559	5.065	0.1742633529	5.065	0.0288009789	5.065	0.3104909686
5.07	0.1856895904	5.07	0.1864908114	5.07	0.0308699249	5.07	0.3256696853
5.075	0.1959853923	5.075	0.2001463611	5.075	0.0331586771	5.075	0.3446676434
5.08	0.2063725561	5.08	0.2128046711	5.08	0.0352794338	5.08	0.3632200769
5.085	0.2245015625	5.085	0.2312637471	5.085	0.0384369313	5.085	0.3932715455
5.09	0.2409119652	5.09	0.2497161965	5.09	0.0415565929	5.09	0.4190756777
5.095	0.2561681507	5.095	0.2662374597	5.095	0.044308265	5.095	0.4434938709
5.1	0.282923791	5.1	0.2935254118	5.1	0.0487458964	5.1	0.4894206666
5.105	0.2940416027	5.105	0.3034544198	5.105	0.0504177025	5.105	0.5056388678
5.11	0.3090060251	5.11	0.3186576727	5.11	0.0529173019	5.11	0.5280820414
5.115	0.3305983206	5.115	0.3399237319	5.115	0.0564048221	5.115	0.5620441125
5.12	0.3599220787	5.12	0.3663396756	5.12	0.0607512148	5.12	0.6098194763
5.125	0.4024440427	5.125	0.4048105359	5.125	0.0671258704	5.125	0.6794153914
5.13	0.4452645683	5.13	0.4389169182	5.13	0.072718542	5.13	0.7503800989
5.135	0.4941090249	5.135	0.4780752498	5.135	0.0791151032	5.135	0.8296647848
5.14	0.5406399441	5.14	0.5131079297	5.14	0.0848856085	5.14	0.9041176707
5.145	0.5751173109	5.145	0.5422124251	5.145	0.0898203008	5.145	0.9512709592
5.15	0.6278150807	5.15	0.584467082	5.15	0.0968909167	5.15	1.0299402048
5.155	0.683498593	5.155	0.6278941007	5.155	0.1041404733	5.155	1.1128877
5.16	0.7466836662	5.16	0.6771212476	5.16	0.1123843267	5.16	1.2059885926
5.165	0.8056487853	5.165	0.7264122411	5.165	0.1205678361	5.165	1.2882410055
5.17	0.9061632649	5.17	0.8064374958	5.17	0.1336829548	5.17	1.4380888609
5.175	0.970863323	5.175	0.855526616	5.175	0.1419909336	5.175	1.5239582426
5.18	1.0587476728	5.18	0.9215060558	5.18	0.1532173646	5.18	1.6413861375
5.185	1.2581025294	5.185	1.0685655595	5.185	0.1779184778	5.185	1.9247473613
5.19	1.4361079319	5.19	1.2137314607	5.19	0.2023595518	5.19	2.1632703228
5.195	1.5477166967	5.195	1.3044308016	5.195	0.2178937129	5.195	2.297628192
5.2	1.5312980723	5.2	1.2914466582	5.2	0.2160612031	5.2	2.2523930691
5.205	1.4389162845	5.205	1.2454632564	5.205	0.2080239831	5.205	2.11258289
5.21	1.4309880282	5.21	1.2550672326	5.21	0.2094098374	5.21	2.0882610693
5.215	1.4332840206	5.215	1.2719396197	5.215	0.2120416738	5.215	2.0775092622
5.22	1.4456666748	5.22	1.2978628639	5.22	0.2161952679	5.22	2.0794194279
5.225	1.4805400793	5.225	1.3392402566	5.225	0.2229010576	5.225	2.1136111893
5.23	1.4851056762	5.23	1.3591830821	5.23	0.2259876532	5.23	2.1002662426
5.235	1.5086037271	5.235	1.3912108515	5.235	0.2310337483	5.235	2.1136233015
5.24	1.5399180988	5.24	1.4286407434	5.24	0.2369183211	5.24	2.1381194498
5.245	1.5893781616	5.245	1.4812184726	5.245	0.2452675551	5.245	2.1859552679
5.25	1.6830798751	5.25	1.5703860865	5.25	0.2595607229	5.25	2.2897371646
5.255	1.6955753861	5.255	1.5906074041	5.255	0.2623907058	5.255	2.2858356806
5.26	1.7525770786	5.26	1.6527402614	5.26	0.2721692281	5.26	2.3361977469
5.265	1.7609669126	5.265	1.6632594319	5.265	0.2735560406	5.265	2.3310444324
5.27	1.7923644042	5.27	1.6959835533	5.27	0.2785326559	5.27	2.356038472
5.275	1.6887178169	5.275	1.6122546795	5.275	0.2644914287	5.275	2.2167620986
5.28	1.5185324807	5.28	1.4688889238	5.28	0.2408242455	5.28	1.9975621254
5.285	1.3669367861	5.285	1.3420695557	5.285	0.2198724043	5.285	1.8002545154
5.29	1.2512950078	5.29	1.2466589497	5.29	0.2040367786	5.29	1.6478099609
5.295	1.1849737242	5.295	1.1936491817	5.295	0.1951253117	5.295	1.5595686051
5.3	1.1443018353	5.3	1.1633703394	5.3	0.1899254767	5.3	1.5050192133
5.305	1.1098386581	5.305	1.1401979867	5.305	0.1858754049	5.305	1.4573870673
5.31	1.069381301	5.31	1.11171027	5.31	0.1809995005	5.31	1.4003822742
5.315	1.0420119665	5.315	1.0927729975	5.315	0.1776333083	5.315	1.3611957878
5.32	1.0195337495	5.32	1.0783601384	5.32	0.1749757338	5.32	1.3287093072
5.325	1.0024428361	5.325	1.0697624551	5.325	0.1732170343	5.325	1.303919168
5.33	0.9884949453	5.33	1.0630009013	5.33	0.1717931831	5.33	1.2826712763
5.335	1.0034404074	5.335	1.0797044149	5.335	0.1742219942	5.335	1.2933541041
5.34	0.9817446369	5.34	1.0732395093	5.34	0.1728724515	5.34	1.2384325171
5.345	1.0491954597	5.345	1.1427992698	5.345	0.1840147576	5.345	1.2981907271
5.35	1.1425843874	5.35	1.2387886061	5.35	0.1995504245	5.35	1.3780351403
5.355	1.2105199542	5.355	1.3129738502	5.355	0.2115228418	5.355	1.4325715504
5.36	1.2484840035	5.36	1.360222606	5.36	0.2190857539	5.36	1.4602778461
5.365	1.1893204297	5.365	1.3126675557	5.365	0.2111091906	5.365	1.4049611378
5.37	1.1680085872	5.37	1.3006571921	5.37	0.208982548	5.37	1.3834026812
5.375	1.1604439858	5.375	1.301839046	5.375	0.2090298378	5.375	1.374819859
5.38	1.160123618	5.38	1.3097793642	5.38	0.2102011539	5.38	1.3731851952
5.385	1.169900919	5.385	1.3286069993	5.385	0.2131328273	5.385	1.3820239883
5.39	1.1822862241	5.39	1.3506964934	5.39	0.2166060023	5.39	1.3939507078
5.395	1.1924428375	5.395	1.3696556554	5.395	0.219574629	5.395	1.4033611342
5.4	1.2038091915	5.4	1.3887217119	5.4	0.2225353101	5.4	1.413749053
5.405	1.2261847108	5.405	1.4211789451	5.405	0.2276594977	5.405	1.4365172142
5.41	1.2458419423	5.41	1.4509776655	5.41	0.2323885357	5.41	1.4547455389
5.415	1.2504834142	5.415	1.4559974321	5.415	0.2335917578	5.415	1.4472723207
5.42	1.2590338163	5.42	1.466242693	5.42	0.2355626799	5.42	1.4468609269
5.425	1.2559220826	5.425	1.4644158672	5.425	0.2355238208	5.425	1.4370399349
5.43	1.257460437	5.43	1.4684080229	5.43	0.2364333931	5.43	1.4319476316
5.435	1.2813283242	5.435	1.5002889579	5.435	0.2417809547	5.435	1.4545536219
5.44	1.30841594	5.44	1.535698475	5.44	0.2478120421	5.44	1.4733595492
5.445	1.3331236621	5.445	1.5749416408	5.445	0.2544942422	5.445	1.4846504053
5.45	1.3403766476	5.45	1.6163952626	5.45	0.26157555	5.45	1.4571514045
5.455	1.4082131437	5.455	1.7395934162	5.455	0.2823085767	5.455	1.4663840245
5.46	1.4826028163	5.46	1.8532878245	5.46	0.301448627	5.46	1.5010772102
5.465	1.4826767906	5.465	1.872777385	5.465	0.3048974874	5.465	1.4718737394
5.47	1.4595501504	5.47	1.8658736343	5.47	0.3040046976	5.47	1.4126417857
5.475	1.4180298813	5.475	1.837585111	5.475	0.2996285907	5.475	1.3284214758
5.48	1.3759999764	5.48	1.805992353	5.48	0.2947463504	5.48	1.2419696737
5.485	1.3404442921	5.485	1.7768183187	5.485	0.2903181791	5.485	1.1651548463
5.49	1.3309258359	5.49	1.7754793821	5.49	0.2903568254	5.49	1.1249776258
5.495	1.320186953	5.495	1.7736951736	5.495	0.2902889999	5.495	1.0819834935
5.5	1.3025560934	5.5	1.7631086581	5.5	0.288788467	5.5	1.0283544638
5.505	1.3136784631	5.505	1.787844253	5.505	0.2930923652	5.505	1.0054072764
5.51	1.3165560441	5.51	1.8020010602	5.51	0.2956372633	5.51	0.975842527
5.515	1.3237258005	5.515	1.8201915682	5.515	0.2988410349	5.515	0.9493928729
5.52	1.3307278413	5.52	1.8371700908	5.52	0.3018167496	5.52	0.9222445416
5.525	1.3590554757	5.525	1.8814232227	5.525	0.3093378325	5.525	0.9093986005
5.53	1.3564156223	5.53	1.8836510979	5.53	0.3098864657	5.53	0.8746707543
5.535	1.3651038976	5.535	1.8996393123	5.535	0.3127504116	5.535	0.8509801535
5.54	1.3763816973	5.54	1.9184895225	5.54	0.3160781244	5.54	0.8291500431
5.545	1.3919757836	5.545	1.9425206911	5.545	0.3202398772	5.545	0.8102182491
5.55	1.412411331	5.55	1.9712118303	5.55	0.3251580428	5.55	0.7939045945
5.555	1.4335478528	5.555	1.9985959776	5.555	0.3298553121	5.555	0.7780854021
5.56	1.4573891278	5.56	2.0287115314	5.56	0.3350023341	5.56	0.7640136662
5.565	1.5201770726	5.565	2.1133730989	5.565	0.3492845789	5.565	0.783441342
5.57	1.5300447248	5.57	2.1215183706	5.57	0.350777638	5.57	0.7531725967
5.575	1.5404843614	5.575	2.1292641713	5.575	0.3522247545	5.575	0.7270951027
5.58	1.5706612209	5.58	2.158574712	5.58	0.3572783574	5.58	0.7154151633
5.585	1.5929009354	5.585	2.186827328	5.585	0.3621345969	5.585	0.7010215903
5.59	1.6285421605	5.59	2.2335510585	5.59	0.3700497784	5.59	0.6961162652
5.595	1.7168802476	5.595	2.3423321235	5.595	0.388225821	5.595	0.7197211381
5.6	1.7492662776	5.6	2.3664023049	5.6	0.3924458722	5.6	0.7101371003
5.605	1.7628723389	5.605	2.365940489	5.605	0.3926120478	5.605	0.6952759778
5.61	1.7761612406	5.61	2.3647440582	5.61	0.3926962226	5.61	0.6822678794
5.615	1.8351042224	5.615	2.4059703872	5.615	0.3998073216	5.615	0.7021765772
5.62	1.9047040529	5.62	2.4580743051	5.62	0.4086739988	5.62	0.7218954271
5.625	1.9573089073	5.625	2.5145346245	5.625	0.4181993638	5.625	0.7274647176
5.63	2.008325759	5.63	2.5808009871	5.63	0.4293035709	5.63	0.730941526
5.635	2.1012129103	5.635	2.7011790316	5.635	0.4494623903	5.635	0.7571430376
5.64	2.3237241148	5.64	2.9594040564	5.64	0.4929415661	5.64	0.8359213875
5.645	2.358269465	5.645	3.0039414204	5.645	0.500058324	5.645	0.8665749847
5.65	2.007809653	5.65	2.61107882	5.65	0.4324314757	5.65	0.7746034422
5.655	1.9037558105	5.655	2.4910881467	5.655	0.411492246	5.655	0.7665078673
5.66	1.739062359	5.66	2.283587584	5.66	0.3765324043	5.66	0.7335810743
5.665	1.6175988117	5.665	2.1280064167	5.665	0.350281092	5.665	0.7115281578
5.67	1.5486968258	5.67	2.0476046706	5.67	0.3364062249	5.67	0.6984200089
5.675	1.4365376677	5.675	1.9066532844	5.675	0.3127713699	5.675	0.665763579
5.68	1.3438759252	5.68	1.7752425698	5.68	0.2910546755	5.68	0.6516933011
5.685	1.3323048516	5.685	1.7667100016	5.685	0.289406811	5.685	0.657265846
5.69	1.3141698882	5.69	1.749114835	5.69	0.2863343326	5.69	0.6598187756
5.695	1.286878558	5.695	1.718471317	5.695	0.2811794916	5.695	0.6589272786
5.7	1.2553810275	5.7	1.6784825646	5.7	0.2745536829	5.7	0.6567202689
5.705	1.2333951175	5.705	1.6508490157	5.705	0.2699900537	5.705	0.6564522425
5.71	1.1351845289	5.71	1.50053536	5.71	0.2454350522	5.71	0.6364635388
5.715	1.0580771916	5.715	1.38298751	5.715	0.2262580302	5.715	0.6173506794
5.72	1.0173393511	5.72	1.3236231444	5.72	0.216627885	5.72	0.6046037144
5.725	1.0025343808	5.725	1.3071790105	5.725	0.2142307426	5.725	0.5927209618
5.73	1.1057037046	5.73	1.4793354913	5.73	0.2432989428	5.73	0.6083427391
5.735	1.2591812791	5.735	1.7334093102	5.735	0.2861924657	5.735	0.636411641
5.74	1.4458374792	5.74	2.0500708732	5.74	0.3398036835	5.74	0.6696796204
5.745	1.7983081746	5.745	2.6726289553	5.745	0.4452682188	5.745	0.7348735604
5.75	2.1248860231	5.75	3.2316536725	5.75	0.5402901719	5.75	0.7904362141
5.755	2.5467954677	5.755	3.9723389125	5.755	0.6663262503	5.755	0.8647197905
5.76	3.4881287338	5.76	5.6745325556	5.76	0.9552561892	5.76	1.0422878935
5.765	5.197267989	5.765	8.7498636303	5.765	1.4759520921	5.765	1.3717854726
5.77	8.0756078729	5.77	13.9162880388	5.77	2.3512700923	5.77	1.8538479305
5.775	5.8241415261	5.775	9.7117448701	5.775	1.641607226	5.775	1.4761512159
5.78	5.0040176347	5.78	8.3542898912	5.78	1.4150073477	5.78	1.2440024162
5.785	4.7034943566	5.785	7.9196542934	5.785	1.3440264635	5.785	1.1735236512
5.79	4.9670611926	5.79	8.2767478297	5.79	1.4074127945	5.79	1.2493599774
5.795	4.6575584117	5.795	7.8495801958	5.795	1.3356071502	5.795	1.192255313
5.8	4.6398460345	5.8	7.8812030431	5.8	1.3417793647	5.8	1.1994162523
5.805	4.3452138476	5.805	7.3699191391	5.805	1.2562343013	5.805	1.1111816511
5.81	3.7723664304	5.81	6.2700337448	5.81	1.0674569814	5.81	0.9947703247
5.815	2.9968934437	5.815	4.7803393158	5.815	0.811786883	5.815	0.8415544442
5.82	2.4865076556	5.82	3.7825080298	5.82	0.6407976063	5.82	0.6640402766
5.825	2.1916982553	5.825	3.1282459468	5.825	0.5290071817	5.825	0.5436589451
5.83	2.0235172913	5.83	2.7210827271	5.83	0.4599144287	5.83	0.4512752386
5.835	1.8364998678	5.835	2.2346116592	5.835	0.3773872375	5.835	0.3622243963
5.84	1.936929365	5.84	1.8338859981	5.84	0.3081210007	5.84	0.2999323966
5.845	2.1375135004	5.845	1.2759340887	5.845	0.2123123659	5.845	0.2529472752
5.85	1.164387412	5.85	0.6455932634	5.85	0.1077602502	5.85	0.1820556461
5.855	4.4349047558	5.855	1.5632309674	5.855	0.259326502	5.855	0.5686737329
5.86	8.3610235729	5.86	3.1023138742	5.86	0.5161677596	5.86	1.03513307
5.865	9.1142079481	5.865	3.3567445285	5.865	0.555997229	5.865	1.0978614168
5.87	8.7968593433	5.87	2.8981675212	5.87	0.4776016616	5.87	1.0446427393
5.875	8.2134211237	5.875	2.3976653024	5.875	0.3917583439	5.875	0.9466188855
5.88	7.3457122495	5.88	1.980825193	5.88	0.3221427137	5.88	0.862161565
5.885	6.2566667095	5.885	1.5685730895	5.885	0.2541519479	5.885	0.7545451275
5.89	4.2741273385	5.89	1.091656854	5.89	0.1768936161	5.89	0.5723531485
5.895	3.5097103309	5.895	0.9548673647	5.895	0.1551057561	5.895	0.5105212136
5.9	3.3562819414	5.9	0.9280254831	5.9	0.1507463662	5.9	0.5116614899
5.905	3.3497105676	5.905	0.9526170335	5.905	0.1547308927	5.905	0.5355093548
5.91	3.2636920482	5.91	0.9254600829	5.91	0.1502364823	5.91	0.5433084781
5.915	3.2258262997	5.915	0.928016302	5.915	0.1506344495	5.915	0.5618261975
5.92	3.2214801579	5.92	0.944806982	5.92	0.1533655372	5.92	0.5859668718
5.925	3.2236893697	5.925	0.971901892	5.925	0.1578415024	5.925	0.6153616801
5.93	3.2320270352	5.93	1.0285872512	5.93	0.1673344439	5.93	0.6565954632
5.935	3.2792968511	5.935	1.1208680485	5.935	0.1827451846	5.935	0.7175116321
5.94	3.3848239174	5.94	1.2193327607	5.94	0.1990336177	5.94	0.7946532584
5.945	3.3982769655	5.945	1.2740948684	5.945	0.2081688127	5.945	0.8590424052
5.95	3.3631033719	5.95	1.3021061468	5.95	0.2128406311	5.95	0.9145119327
5.955	3.2550113679	5.955	1.2606692961	5.955	0.2060552092	5.955	0.9425776697
5.96	3.1004448144	5.96	1.1810008077	5.96	0.1929457722	5.96	0.95374294
5.965	3.0494189711	5.965	1.1789529194	5.965	0.1925946729	5.965	1.0135911815
5.97	2.9819059564	5.97	1.1826609208	5.97	0.1932433524	5.97	1.0837441721
5.975	2.9106437012	5.975	1.1905716533	5.975	0.1946797676	5.975	1.1516730231
5.98	2.8707061557	5.98	1.219519246	5.98	0.1996976669	5.98	1.2298955642
5.985	2.8050014227	5.985	1.2620331736	5.985	0.2071792303	5.985	1.3101443541
5.99	2.816463961	5.99	1.3390292315	5.99	0.220572639	5.99	1.4026552759
5.995	2.6682876399	5.995	1.3202561383	5.995	0.2180964702	5.995	1.4028503895
6	2.5256915672	6	1.3103465483	6	0.2172337896	6	1.3688607621
6.005	2.4013747464	6.005	1.3026790411	6.005	0.2167254852	6.005	1.329773925
6.01	2.335528529	6.01	1.3301829164	6.01	0.221914498	6.01	1.3484805763
6.015	2.2748601047	6.015	1.3535402614	6.015	0.2263998696	6.015	1.360896511
6.02	2.2222381845	6.02	1.3752712575	6.02	0.2305819424	6.02	1.3723756948
6.025	2.1881331935	6.025	1.4075884865	6.025	0.2365342349	6.025	1.3965122672
6.03	2.164891535	6.03	1.4437759712	6.03	0.2431206372	6.03	1.4241692892
6.035	2.1591335333	6.035	1.5004989965	6.035	0.2532006444	6.035	1.4711305653
6.04	2.1801374394	6.04	1.585677359	6.04	0.2681684965	6.04	1.5431114018
6.045	2.2808763027	6.045	1.7737455441	6.045	0.3008258475	6.045	1.7056440485
6.05	2.5149606619	6.05	2.1358010527	6.05	0.3633689539	6.05	2.024775358
6.055	2.6226458111	6.055	2.2168181235	6.055	0.3770622275	6.055	2.0716117029
6.06	2.0753529241	6.06	1.3329377664	6.06	0.2248433507	6.06	1.2947857367
6.065	1.8484530556	6.065	0.974872365	6.065	0.1633256407	6.065	0.9649686625
6.07	1.9421449243	6.07	1.0470563166	6.07	0.175464533	6.07	1.0171023388
6.075	1.8770286404	6.075	1.0041509902	6.075	0.1685883544	6.075	1.0071378835
6.08	1.9077288352	6.08	1.0235376732	6.08	0.1720457729	6.08	1.0409122158
6.085	2.0039035701	6.085	1.0746477574	6.085	0.1807775214	6.085	1.1047573064
6.09	2.0781096543	6.09	1.1259222833	6.09	0.1896463746	6.09	1.1684972166
6.095	2.1523852554	6.095	1.2140654339	6.095	0.2050483388	6.095	1.2526468009
6.1	2.2349399968	6.1	1.3225003599	6.1	0.2240173908	6.1	1.354553957
6.105	2.3252334056	6.105	1.4504088367	6.105	0.2464290862	6.105	1.47112034
6.11	2.4406333568	6.11	1.6156462423	6.11	0.2753752801	6.11	1.6188580443
6.115	2.6192705897	6.115	1.8566060676	6.115	0.3175329248	6.115	1.827737944
6.12	2.3482492775	6.12	1.4388069681	6.12	0.2451995722	6.12	1.5348375073
6.125	2.2376874832	6.125	1.3138058159	6.125	0.223753377	6.125	1.4577503855
6.13	2.0691171469	6.13	1.1401083702	6.13	0.1939225232	6.13	1.311668719
6.135	1.8556231803	6.135	0.917254738	6.135	0.1558108649	6.135	1.1057415409
6.14	1.7265700649	6.14	0.7774788362	6.14	0.1319536565	6.14	0.9834757032
6.145	1.6689484734	6.145	0.7198039789	6.145	0.1220615776	6.145	0.966381216
6.15	1.6285785996	6.15	0.6860749094	6.15	0.1162228302	6.15	0.9797567128
6.155	1.5783831773	6.155	0.6587839665	6.155	0.1116108049	6.155	0.9780315295
6.16	1.511637745	6.16	0.6434136749	6.16	0.1090954091	6.16	0.9823029221
6.165	1.4320179437	6.165	0.6314092351	6.165	0.1071999645	6.165	0.983855763
6.17	1.3583529318	6.17	0.6126209877	6.17	0.1041573364	6.17	0.9708760374
6.175	1.3060530112	6.175	0.6062525242	6.175	0.1032319565	6.175	0.9735811071
6.18	1.2621364229	6.18	0.6096999131	6.18	0.103989255	6.18	0.9841582904
6.185	1.2111215835	6.185	0.6089006994	6.185	0.1040213274	6.185	0.9844280767
6.19	1.1713400853	6.19	0.6128906715	6.19	0.1048697798	6.19	0.9921541038
6.195	1.1285206502	6.195	0.6095249948	6.195	0.1044599993	6.195	0.9873590194
6.2	1.0989248966	6.2	0.6273070385	6.2	0.1076935062	6.2	1.0141585297
6.205	1.033375576	6.205	0.5949517979	6.205	0.1022042412	6.205	0.9699545907
6.21	0.972893683	6.21	0.5629467551	6.21	0.0967557643	6.21	0.9264387417
6.215	0.8986906719	6.215	0.5164230253	6.215	0.0887985528	6.215	0.8582813611
6.22	0.7951777699	6.22	0.442533671	6.22	0.0761228807	6.22	0.740902355
6.225	0.681084434	6.225	0.3531388632	6.225	0.0607905289	6.225	0.5921445605
6.23	0.5858154525	6.23	0.2805004103	6.23	0.0483419613	6.23	0.467476495
6.235	0.5022783763	6.235	0.2197957344	6.235	0.0379479264	6.235	0.3612675816
6.24	0.4233034283	6.24	0.1687069024	6.24	0.0291900692	6.24	0.272028517
6.245	0.3348859122	6.245	0.1234879356	6.245	0.021410766	6.245	0.1947978391
6.25	0.2286947414	6.25	0.0803342021	6.25	0.0139524594	6.25	0.1237329194
6.255	0.0929904691	6.255	0.034589116	6.255	0.0059966756	6.255	0.0534102848
6.26	3.96795e-05	6.26	1.95931e-05	6.26	3.3693e-06	6.26	3.18032e-05
6.265	0	6.265	0	6.265	0	6.265	0
6.27	0.0603086734	6.27	0.0264262872	6.27	0.0047045896	6.27	0.0202742734
6.275	0.2442946034	6.275	0.098279279	6.275	0.0174415564	6.275	0.0776343829
6.28	0.6413585013	6.28	0.2320041876	6.28	0.0409832235	6.28	0.1930765319
6.285	4.8367540473	6.285	0.9122926217	6.285	0.152103067	6.285	1.4686405675
6.29	6.255298991	6.29	1.2338929275	6.29	0.2062271957	6.29	1.9304344988
6.295	7.5883171588	6.295	1.5689740204	6.295	0.2638674477	6.295	2.3560769983
6.3	10.711254034	6.3	2.2303045401	6.3	0.3794055465	6.3	3.1598338214
6.305	12.6956549149	6.305	2.5945245895	6.305	0.4436531162	6.305	3.5640578554
6.31	11.4329076643	6.31	2.3558493081	6.31	0.4017101192	6.31	3.3438237907
6.315	9.1603471507	6.315	1.8874644903	6.315	0.3211473901	6.315	2.8088774879
6.32	5.9428606495	6.32	1.2663519043	6.32	0.2161789673	6.32	1.9705862575
6.325	4.8666175021	6.325	1.0679132061	6.325	0.1823211785	6.325	1.7675326959
6.33	4.3462442001	6.33	0.993954419	6.33	0.1698190906	6.33	1.7181509512
6.335	4.0447279024	6.335	0.9526021906	6.335	0.1628606402	6.335	1.7240769503
6.34	3.8372318686	6.34	0.9242030232	6.34	0.1580910379	6.34	1.7536589599
6.345	3.6844464568	6.345	0.9036040993	6.345	0.15462523	6.345	1.7958929919
6.35	3.6583204764	6.35	0.9164330698	6.35	0.1568883957	6.35	1.8944478391
6.355	3.8537558521	6.355	0.973464463	6.355	0.1664908564	6.355	2.1374707057
6.36	3.9975298067	6.36	1.0129565153	6.36	0.1732739245	6.36	2.3109529266
6.365	4.6134776053	6.365	1.0482154449	6.365	0.1796971872	6.365	2.4702023543
6.37	4.0646631763	6.37	1.0307389619	6.37	0.1759960808	6.37	2.5714594028
6.375	3.4565879326	6.375	1.0135668258	6.375	0.1725409708	6.375	2.6343215352
6.38	3.4900209665	6.38	1.0406441013	6.38	0.1766683312	6.38	2.9129310365
6.385	3.6444522187	6.385	1.0772742139	6.385	0.1822340368	6.385	3.2665380224
6.39	3.6794061037	6.39	1.1129347294	6.39	0.1888570381	6.39	3.3623891013
6.395	3.8604805553	6.395	1.1695340232	6.395	0.1990686649	6.395	3.4939351707
6.4	3.9087964365	6.4	1.1884754548	6.4	0.2031202715	6.4	3.4890483758
6.405	3.9004596478	6.405	1.1953839634	6.405	0.2051193671	6.405	3.497553434
6.41	3.7154718617	6.41	1.1564578293	6.41	0.1992734576	6.41	3.3700828381
6.415	3.2796132541	6.415	1.060141882	6.415	0.1830382738	6.415	3.1061728172
6.42	3.1453421903	6.42	1.0281118421	6.42	0.1778785954	6.42	2.9921605175
6.425	3.1761643406	6.425	1.029086907	6.425	0.1784491268	6.425	2.9632660717
6.43	3.29193021	6.43	1.0490506872	6.43	0.182355128	6.43	2.9672346557
6.435	3.4681959803	6.435	1.0885566159	6.435	0.1896538702	6.435	3.0133494162
6.44	3.7028782918	6.44	1.1276693388	6.44	0.1968191637	6.44	3.0574959021
6.445	4.9750036788	6.445	1.2365368514	6.445	0.2149374524	6.445	3.2163571351
6.45	5.662702835	6.45	1.2777274701	6.45	0.2223356848	6.45	3.280302904
6.455	6.8823585049	6.455	1.3456491038	6.455	0.2342262416	6.455	3.4534430163
6.46	6.795674048	6.46	1.3805084752	6.46	0.2410123181	6.46	3.5034878354
6.465	6.8011446073	6.465	1.4160955322	6.465	0.2476639646	6.465	3.5054720364
6.47	7.552598119	6.47	1.5291822399	6.47	0.2675108153	6.47	3.7445279718
6.475	5.0574862016	6.475	1.1552806626	6.475	0.2031420607	6.475	2.7630821899
6.48	2.8104576126	6.48	0.8185120129	6.48	0.1447658465	6.48	1.9125981077
6.485	2.1450334673	6.485	0.7031495653	6.485	0.1248019099	6.485	1.6258730399
6.49	1.7853081374	6.49	0.628990156	6.49	0.1119212587	6.49	1.4385030192
6.495	1.5643185506	6.495	0.5639759359	6.495	0.1005698039	6.495	1.2734697007
6.5	1.5082156996	6.5	0.4934862376	6.5	0.0880524337	6.5	1.0963472924
6.505	1.4454640678	6.505	0.424576584	6.505	0.075782495	6.505	0.9288615161
6.51	1.0952373224	6.51	0.3419076344	6.51	0.0612268616	6.51	0.7422853274
6.515	0.8010701793	6.515	0.2556197718	6.515	0.0459049458	6.515	0.5486567612
6.52	0.6390107314	6.52	0.249649643	6.52	0.0450627747	6.52	0.531759341
6.525	0.3927173228	6.525	0.0121935867	6.525	0.0019139089	6.525	0.0203188993
6.53	0.2975793564	6.53	0.0091358516	6.53	0.0014442752	6.53	0.0133733115
6.535	0.2133151664	6.535	0.0064706628	6.535	0.001030936	6.535	0.0080427439
6.54	0.1400585704	6.54	0.0041936791	6.54	0.0006739225	6.54	0.0041976867
6.545	0.0745753119	6.545	0.0022042994	6.545	0.0003578084	6.545	0.0016433748
6.55	0.0249694394	6.55	0.0007298235	6.55	0.0001197201	6.55	0.0003701348
6.555	0	6.555	0	6.555	0	6.555	0
6.56	0	6.56	0	6.56	0	6.56	0
6.565	0	6.565	0	6.565	0	6.565	0
6.57	0	6.57	0	6.57	0	6.57	0
6.575	0	6.575	0	6.575	0	6.575	0
6.58	0	6.58	0	6.58	0	6.58	0
6.585	0	6.585	0	6.585	0	6.585	0
6.59	0.058902847	6.59	0.0014470491	6.59	0.0002259546	6.59	0.0019003473
6.595	0.1577229373	6.595	0.0038862553	6.595	0.0005991568	6.595	0.0069475964
6.6	0.2864622588	6.6	0.0070724912	6.6	0.001075147	6.6	0.0160549385
6.605	0.4676633721	6.605	0.011510298	6.605	0.0017273574	6.605	0.0308818047
6.61	0.7237499034	6.61	0.0178595092	6.61	0.0026363101	6.61	0.0568205555
6.615	1.0433126046	6.615	0.0259102603	6.615	0.0037857457	6.615	0.0911063721
6.62	1.437487429	6.62	0.036083918	6.62	0.005263634	6.62	0.1300415189
6.625	1.9682579846	6.625	0.0501418041	6.625	0.0073146709	6.625	0.1787027035
6.63	2.7731607516	6.63	0.07266038	6.63	0.0105812352	6.63	0.2516139
6.635	5.4091734808	6.635	0.1470448745	6.635	0.0209106508	6.635	0.4808688755
6.64	6.4511558117	6.64	0.1856824579	6.64	0.0264817691	6.64	0.6634539971
6.645	5.8084328582	6.645	0.173224862	6.645	0.0250660943	6.645	0.6648744974
6.65	5.3735400526	6.65	0.1643510486	6.65	0.0242369976	6.65	0.6477632352
6.655	4.8531572555	6.655	0.1516172606	6.655	0.022814528	6.655	0.5740771381
6.66	4.3841418022	6.66	0.1357718128	6.66	0.0205655193	6.66	0.5087565119
6.665	4.1028947793	6.665	0.1258010491	6.665	0.0191478935	6.665	0.4643945724
6.67	3.873508787	6.67	0.1174281327	6.67	0.0179644157	6.67	0.4249011512
6.675	3.6836545752	6.675	0.1103840906	6.675	0.0169731656	6.675	0.3904248293
6.68	3.5247154408	6.68	0.1043204108	6.68	0.016124238	6.68	0.3605996773
6.685	3.4106230184	6.685	0.0996329358	6.685	0.0154811893	6.685	0.336897105
6.69	3.3028267348	6.69	0.0953921587	6.69	0.0149194743	6.69	0.3122345367
6.695	3.2197863968	6.695	0.0918790489	6.695	0.0144563396	6.695	0.292494224
6.7	3.1486026562	6.7	0.088776865	6.7	0.0140533003	6.7	0.2745397967
6.705	3.0971500366	6.705	0.0863661848	6.705	0.0137581651	6.705	0.2592821333
6.71	3.0641364265	6.71	0.0847108296	6.71	0.013577956	6.71	0.2470853317
6.715	3.0140357366	6.715	0.0827742588	6.715	0.0133230537	6.715	0.2353655303
6.72	2.9671079491	6.72	0.081001063	6.72	0.0130919735	6.72	0.2243851365
6.725	2.9320250161	6.725	0.0796100853	6.725	0.0129217462	6.725	0.2149797938
6.73	2.9035990483	6.73	0.0784720605	6.73	0.0127853092	6.73	0.2073242598
6.735	2.8788722907	6.735	0.0774701052	6.735	0.0126669226	6.735	0.20069888
6.74	2.8561811754	6.74	0.0765464888	6.74	0.0125595191	6.74	0.1945170992
6.745	2.8368034822	6.745	0.0757254058	6.745	0.0124686669	6.745	0.1887437956
6.75	2.8375466942	6.75	0.0754169981	6.75	0.0124804288	6.75	0.1837131276
6.755	2.8523857906	6.755	0.0755478568	6.755	0.0125755412	6.755	0.1793880297
6.76	2.918070108	6.76	0.0772069338	6.76	0.0129697562	6.76	0.1766839364
6.765	3.0169791549	6.765	0.0801473643	6.765	0.0136117301	6.765	0.1751412308
6.77	3.052016743	6.77	0.0820380238	6.77	0.0140137101	6.77	0.1722366438
6.775	3.0754925576	6.775	0.0839595913	6.775	0.0144126099	6.775	0.1695727205
6.78	3.1314981318	6.78	0.0868745269	6.78	0.0150246989	6.78	0.1681454361
6.785	3.1962226783	6.785	0.0903714189	6.785	0.0157690796	6.785	0.1676837488
6.79	5.3896416828	6.79	0.1742422158	6.79	0.0326431731	6.79	0.233888456
6.795	3.7288357335	6.795	0.1142711798	6.795	0.0205828035	6.795	0.1812797216
6.8	3.1398475068	6.8	0.0945396082	6.8	0.0165685861	6.8	0.1613524689
6.805	2.6635082273	6.805	0.0800881771	6.805	0.0136319843	6.805	0.1473221879
6.81	2.5187909816	6.81	0.0756087416	6.81	0.012744614	6.81	0.1411263985
6.815	2.3732561105	6.815	0.0713495454	6.815	0.0119202279	6.815	0.1337846208
6.82	2.2316707586	6.82	0.0673267634	6.82	0.0111448712	6.82	0.1270584318
6.825	2.1027927988	6.825	0.0637873835	6.825	0.0104706995	6.825	0.120819571
6.83	1.9855888495	6.83	0.0606389657	6.83	0.0098763377	6.83	0.1150898005
6.835	2.0285287937	6.835	0.0627727934	6.835	0.0099200607	6.835	0.1643653484
6.84	2.078421954	6.84	0.0649197774	6.84	0.0099864553	6.84	0.2139478756
6.845	2.235052492	6.845	0.070198319	6.845	0.0104681485	6.845	0.2938511836
6.85	2.1142351316	6.85	0.0665945696	6.85	0.0099345202	6.85	0.270196738
6.855	2.0265568659	6.855	0.0640660851	6.855	0.0095343816	6.855	0.2574002076
6.86	1.9638037504	6.86	0.0623243383	6.86	0.0092332016	6.86	0.2528715258
6.865	1.87203973	6.865	0.0597187915	6.865	0.0088420794	6.865	0.2363511685
6.87	1.8234566731	6.87	0.0584279134	6.87	0.0086126588	6.87	0.2344041438
6.875	1.7925041715	6.875	0.0576491829	6.875	0.0084498264	6.875	0.2378727025
6.88	1.7667794352	6.88	0.0570249288	6.88	0.0083141457	6.88	0.2415723702
6.885	1.7470170524	6.885	0.0565861189	6.885	0.0082096809	6.885	0.2456043428
6.89	1.7433085536	6.89	0.0566763931	6.89	0.0081803652	6.89	0.2522048116
6.895	1.7715437435	6.895	0.0576673894	6.895	0.0082704725	6.895	0.2688109177
6.9	1.7905915164	6.9	0.0584081594	6.9	0.0083375544	6.9	0.282444116
6.905	1.7668947479	6.905	0.0577400845	6.905	0.0082190584	6.905	0.2860549524
6.91	1.749409025	6.91	0.0572471065	6.91	0.0081283189	6.91	0.2890782309
6.915	1.7072202733	6.915	0.0559530909	6.915	0.0079262281	6.915	0.2874710424
6.92	1.6765616263	6.92	0.055050858	6.92	0.0077822433	6.92	0.287111107
6.925	1.638053601	6.925	0.0540065971	6.925	0.007628076	6.925	0.2822766897
6.93	1.6148451713	6.93	0.0535157345	6.93	0.0075510606	6.93	0.2807520908
6.935	1.6062787971	6.935	0.0535937516	6.935	0.0075537187	6.935	0.2822573591
6.94	1.6030231366	6.94	0.0539554006	6.94	0.007600377	6.94	0.2849761581
6.945	1.6000271312	6.945	0.0543654081	6.945	0.0076596022	6.945	0.288504264
6.95	1.6031504593	6.95	0.05498057	6.95	0.0077527328	6.95	0.2930411866
6.955	1.6121674358	6.955	0.0558800124	6.955	0.0078896995	6.955	0.2980761475
6.96	1.6154787545	6.96	0.0563179283	6.96	0.0079607635	6.96	0.3031494736
6.965	1.6351004284	6.965	0.0573879346	6.965	0.0081236315	6.965	0.3095581024
6.97	1.67499444	6.97	0.0592323894	6.97	0.0084025482	6.97	0.3183769666
6.975	1.6951935388	6.975	0.0602159048	6.975	0.008554357	6.975	0.3266236322
6.98	1.6623086379	6.98	0.0587832553	6.98	0.0083492852	6.98	0.3322441837
6.985	1.637684908	6.985	0.0577615336	6.985	0.0082094908	6.985	0.3372744142
6.99	1.6000361695	6.99	0.0562374369	6.99	0.0079950046	6.99	0.3400865342
6.995	1.5511375652	6.995	0.0540921753	6.995	0.00767944	6.995	0.3428500772
7	1.582666744	7	0.0554613314	7	0.0079012959	7	0.3507999329
7.005	1.5863915324	7.005	0.0553975719	7.005	0.0078950276	7.005	0.3587689304
7.01	1.3535519118	7.01	0.0429912346	7.01	0.0059417223	7.01	0.363164603
7.015	1.4078199605	7.015	0.0447805057	7.015	0.0062143977	7.015	0.3760982195
7.02	1.4720647148	7.02	0.0468793849	7.02	0.0065311658	7.02	0.3917066027
7.025	1.5370349639	7.025	0.0491405002	7.025	0.0068735887	7.025	0.406588187
7.03	1.5994008546	7.03	0.0512126896	7.03	0.0071903546	7.03	0.4204984564
7.035	1.6701423498	7.035	0.0534823641	7.035	0.0075344447	7.035	0.4357675106
7.04	1.7492620754	7.04	0.0559802342	7.04	0.0079092209	7.04	0.4520895618
7.045	1.8379971792	7.045	0.0587308088	7.045	0.0083168174	7.045	0.4698461391
7.05	1.939945809	7.05	0.0618171201	7.05	0.0087671425	7.05	0.4896489929
7.055	2.0467889484	7.055	0.0650424704	7.055	0.0092373362	7.055	0.5098272576
7.06	2.1424585468	7.06	0.0680079838	7.06	0.0096767355	7.06	0.5275383551
7.065	2.2465786293	7.065	0.0712321482	7.065	0.0101546513	7.065	0.5467143902
7.07	2.3589981771	7.07	0.0747092569	7.07	0.0106700293	7.07	0.5674831112
7.075	2.5118909001	7.075	0.0791470311	7.075	0.0113070393	7.075	0.5937201708
7.08	2.7590189719	7.08	0.0857874013	7.08	0.0122048574	7.08	0.6309313606
7.085	3.4985336208	7.085	0.1030321665	7.085	0.0141611162	7.085	0.7050332843
7.09	3.767454985	7.09	0.1115710008	7.09	0.0153800078	7.09	0.7477515674
7.095	3.8662924107	7.095	0.1169131389	7.095	0.0163596115	7.095	0.7868431426
7.1	4.0509184437	7.1	0.1252851112	7.1	0.0177231821	7.1	0.8360968831
7.105	4.2822240742	7.105	0.1357552739	7.105	0.0193557013	7.105	0.8834538095
7.11	4.4848949204	7.11	0.1451867861	7.11	0.0208246219	7.11	0.9233107557
7.115	4.7587873483	7.115	0.1576937965	7.115	0.0226986434	7.115	0.9661079342
7.12	5.0888291728	7.12	0.1724269151	7.12	0.0248787859	7.12	1.0148944105
7.125	5.2448752428	7.125	0.1795709083	7.125	0.026100638	7.125	1.0633215806
7.13	5.2520496223	7.13	0.1795309217	7.13	0.0263828565	7.13	1.1113313498
7.135	5.1225080675	7.135	0.1729501056	7.135	0.0257136706	7.135	1.1427001378
7.14	5.1312323327	7.14	0.172739768	7.14	0.025928415	7.14	1.1856173663
7.145	5.4574629062	7.145	0.1826924369	7.145	0.0277011963	7.145	1.3039682217
7.15	5.6009927824	7.15	0.1890456715	7.15	0.0289281151	7.15	1.3723370155
7.155	5.2254562826	7.155	0.1772937694	7.155	0.0273551267	7.155	1.3189768803
7.16	4.5963082226	7.16	0.1567707122	7.16	0.0243764991	7.16	1.1970327792
7.165	3.7099385981	7.165	0.1317259877	7.165	0.0206124951	7.165	0.9896750892
7.17	3.2594781063	7.17	0.11756247	7.17	0.0185211898	7.17	0.8922790004
7.175	2.8766848661	7.175	0.1054980766	7.175	0.0167386364	7.175	0.8072842681
7.18	2.5488827837	7.18	0.0956546725	7.18	0.0152915267	7.18	0.731013748
7.185	2.3386625853	7.185	0.0905871516	7.185	0.0146004326	7.185	0.6824461829
7.19	2.0743614144	7.19	0.0837977855	7.19	0.0136608576	7.19	0.6187645887
7.195	1.8263354995	7.195	0.0766030586	7.195	0.0126138197	7.195	0.5561020197
7.2	1.6610420276	7.2	0.0735533951	7.2	0.0122359241	7.2	0.5128671752
7.205	1.7250018589	7.205	0.0848757668	7.205	0.0143464128	7.205	0.5408270985
7.21	1.3952772633	7.21	0.0689028969	7.21	0.0117104777	7.21	0.4494315023
7.215	0.9513512071	7.215	0.0484685565	7.215	0.0082839211	7.215	0.3136298268
7.22	0.5410555281	7.22	0.0276287617	7.22	0.0047313178	7.22	0.1840454721
7.225	0.0478216106	7.225	0.0034747796	7.225	0.0006140956	7.225	0.0158167799
7.23	0	7.23	0	7.23	0	7.23	0
7.235	0	7.235	0	7.235	0	7.235	0
7.24	0	7.24	0	7.24	0	7.24	0
7.245	0	7.245	0	7.245	0	7.245	0
7.25	0	7.25	0	7.25	0	7.25	0
7.255	0	7.255	0	7.255	0	7.255	0
7.26	0	7.26	0	7.26	0	7.26	0
7.265	0	7.265	0	7.265	0	7.265	0
7.27	0	7.27	0	7.27	0	7.27	0
7.275	0	7.275	0	7.275	0	7.275	0
7.28	0	7.28	0	7.28	0	7.28	0
7.285	0.0016719256	7.285	3.02773e-05	7.285	4.4928e-06	7.285	0.0006400018
7.29	0.017869613	7.29	0.0003977852	7.29	6.2364e-05	7.29	0.006852306
7.295	0.051117968	7.295	0.0013518107	7.295	0.0002197687	7.295	0.0196361936
7.3	0.1049098608	7.3	0.0032594106	7.3	0.0005444109	7.3	0.0403572147
7.305	0.1938240493	7.305	0.0068047008	7.305	0.00115705	7.305	0.0746086413
7.31	0.3432200006	7.31	0.0127945202	7.31	0.0021959113	7.31	0.1322566007
7.315	0.5350831645	7.315	0.0200551074	7.315	0.003453784	7.315	0.2068728206
7.32	0.6916799548	7.32	0.0257216475	7.32	0.004441997	7.32	0.2682795323
7.325	0.8145656832	7.325	0.0307185269	7.325	0.0053316666	7.325	0.3170599469
7.33	0.8951511806	7.33	0.0350686605	7.33	0.0061289162	7.33	0.3500240862
7.335	0.967364938	7.335	0.0392103869	7.335	0.0068931624	7.335	0.3802050939
7.34	0.9788247817	7.34	0.0410085759	7.34	0.0072489438	7.34	0.3868199944
7.345	0.966210435	7.345	0.0411682465	7.345	0.00730422	7.345	0.3836432923
7.35	0.954993453	7.35	0.0409582658	7.35	0.0072856406	7.35	0.3807010487
7.355	0.9733149555	7.355	0.0422970639	7.355	0.0075473167	7.355	0.3891800064
7.36	1.0305300157	7.36	0.0450211715	7.36	0.0080535151	7.36	0.4131748913
7.365	1.0789024964	7.365	0.0475255122	7.365	0.0085252144	7.365	0.4337805959
7.37	1.0298559289	7.37	0.0485510294	7.37	0.0087708546	7.37	0.4169391602
7.375	0.9630461441	7.375	0.049287397	7.375	0.0089718141	7.375	0.3934167477
7.38	0.9187179296	7.38	0.0504317306	7.38	0.0092343379	7.38	0.3778065359
7.385	0.8738340155	7.385	0.0516247545	7.385	0.0095030338	7.385	0.3612602281
7.39	0.8445289031	7.39	0.0531154045	7.39	0.0098179737	7.39	0.3504278096
7.395	0.8211444614	7.395	0.0548049554	7.395	0.0101658141	7.395	0.3416941143
7.4	0.7987176916	7.4	0.0564120417	7.4	0.0104969042	7.4	0.3328511405
7.405	0.7868020895	7.405	0.058178451	7.405	0.0108537289	7.405	0.3281482637
7.41	0.7827191707	7.41	0.060011416	7.41	0.0112203527	7.41	0.3266705828
7.415	0.7786771996	7.415	0.0616560422	7.415	0.0115514469	7.415	0.3251093574
7.42	0.7736769321	7.42	0.063055058	7.42	0.0118364113	7.42	0.3230272593
7.425	0.7690002375	7.425	0.0643214245	7.425	0.0120968774	7.425	0.3209277754
7.43	0.7696018488	7.43	0.0657203781	7.43	0.0123813181	7.43	0.3210946622
7.435	0.775441483	7.435	0.0674258502	7.435	0.0127230937	7.435	0.3234560809
7.44	0.7837042294	7.44	0.0692781406	7.44	0.0130926658	7.44	0.3268231107
7.445	0.7928175882	7.445	0.0711686614	7.445	0.0134705394	7.445	0.3305214146
7.45	0.8028474216	7.45	0.0731060318	7.45	0.0138584703	7.45	0.3345810172
7.455	0.8137907658	7.455	0.0750908695	7.455	0.014256647	7.455	0.3390040759
7.46	0.8256446581	7.46	0.0771237935	7.46	0.0146652575	7.46	0.3437927473
7.465	0.8383988629	7.465	0.0792046039	7.465	0.0150843294	7.465	0.3489462272
7.47	0.8529143073	7.47	0.0813895839	7.47	0.0155239604	7.47	0.3548682509
7.475	0.8688326477	7.475	0.0836587383	7.475	0.0159801976	7.475	0.3614063525
7.48	0.8861060304	7.48	0.0860234197	7.48	0.016455185	7.48	0.3685264681
7.485	0.9041454089	7.485	0.0884402594	7.485	0.0169410051	7.485	0.3759763853
7.49	0.922680678	7.49	0.09088934	7.49	0.017434026	7.49	0.3836398652
7.495	0.9417720244	7.495	0.0933803778	7.495	0.0179361647	7.495	0.3915414127
7.5	0.9614786514	7.5	0.0959226474	7.5	0.0184492618	7.5	0.3997052945
7.505	0.9818493212	7.505	0.0985239805	7.505	0.0189748834	7.505	0.4081516349
7.51	1.0029155779	7.51	0.1011898838	7.51	0.0195141337	7.51	0.4168933953
7.515	1.027696654	7.515	0.104215608	7.515	0.0201224139	7.515	0.4271810676
7.52	1.0574370957	7.52	0.1077173996	7.52	0.0208222782	7.52	0.4395489193
7.525	1.0885855668	7.525	0.1113457083	7.525	0.0215479036	7.525	0.4525306374
7.53	1.124021724	7.53	0.1154100506	7.53	0.0223606287	7.53	0.4672956998
7.535	1.1653582022	7.535	0.1200865163	7.535	0.0232961025	7.535	0.4845064382
7.54	1.2073229888	7.54	0.124806954	7.54	0.0242415126	7.54	0.5020162959
7.545	1.2512235915	7.545	0.1297149717	7.545	0.0252252673	7.545	0.5203549533
7.55	1.2981187426	7.55	0.1349326211	7.55	0.0262727527	7.55	0.5399890453
7.555	1.3496230676	7.555	0.1406420742	7.555	0.0274217168	7.555	0.5616325978
7.56	1.4031987234	7.56	0.1465440082	7.56	0.0286095532	7.56	0.5841388587
7.565	1.4626377192	7.565	0.1530447795	7.565	0.0299169852	7.565	0.6091165102
7.57	1.5282270283	7.57	0.1601736318	7.57	0.0313493896	7.57	0.6366796136
7.575	1.5994370816	7.575	0.1678759432	7.575	0.0328959002	7.575	0.6666084876
7.58	1.6753998064	7.58	0.1760653149	7.58	0.0345403298	7.58	0.6985342127
7.585	1.7563228085	7.585	0.184769078	7.585	0.0362895101	7.585	0.7325431257
7.59	1.8433659606	7.59	0.1941087696	7.59	0.0381678297	7.59	0.7691030685
7.595	1.9363596031	7.595	0.204068299	7.595	0.0401730971	7.595	0.8081460299
7.6	2.0475373132	7.6	0.2159441989	7.6	0.0425624298	7.6	0.854730771
7.605	2.2494233163	7.605	0.2373257321	7.605	0.0468226053	7.605	0.9386320841
7.61	2.489294467	7.61	0.2626351199	7.61	0.0518487428	7.61	1.0381802806
7.615	2.7042377596	7.615	0.2852612702	7.615	0.0563042354	7.615	1.1276918555
7.62	3.0137904659	7.62	0.3178875252	7.62	0.062712755	7.62	1.2563178262
7.625	3.643034554	7.625	0.3842889317	7.625	0.0756313182	7.625	1.5161187134
7.63	3.7213765858	7.63	0.3923780309	7.63	0.0767613334	7.63	1.5486411377
7.635	3.3654333918	7.635	0.3542427624	7.635	0.0696160723	7.635	1.4063034124
7.64	3.2629308712	7.64	0.3429528429	7.64	0.0676462321	7.64	1.3684030698
7.645	3.1399471885	7.645	0.3295409485	7.645	0.0652611832	7.645	1.3225067062
7.65	3.0445123589	7.65	0.3189861004	7.65	0.0632251936	7.65	1.286461876
7.655	3.106155277	7.655	0.3247019341	7.655	0.064451495	7.655	1.3163277675
7.66	2.5172233111	7.66	0.262444325	7.66	0.0526917574	7.66	1.0804998032
7.665	2.2734572849	7.665	0.2363707964	7.665	0.0478267545	7.665	0.985095236
7.67	2.0910209893	7.67	0.2167991447	7.67	0.0441633322	7.67	0.913735686
7.675	1.9281696828	7.675	0.1993502947	7.675	0.0408984355	7.675	0.8497846753
7.68	1.7983585727	7.68	0.1853661095	7.68	0.0382842702	7.68	0.7990875804
7.685	1.71520904	7.685	0.1761860182	7.685	0.0365842393	7.685	0.7676919334
7.69	1.6352030585	7.69	0.1673712794	7.69	0.0349420513	7.69	0.7372415455
7.695	1.5524350376	7.695	0.1583259168	7.695	0.0332411481	7.695	0.7051984939
7.7	1.4652216989	7.7	0.1488979543	7.7	0.0314502009	7.7	0.6707385425
7.705	1.4027044357	7.705	0.1420005968	7.705	0.0301589946	7.705	0.6467882467
7.71	1.352444254	7.71	0.136367077	7.71	0.0291242056	7.71	0.6281493903
7.715	1.3030861998	7.715	0.1309026787	7.715	0.0281377251	7.715	0.6099722643
7.72	1.2442475603	7.72	0.1244869401	7.72	0.0269454154	7.72	0.5872289248
7.725	1.1907819748	7.725	0.1185778066	7.725	0.0258332349	7.725	0.5663738486
7.73	1.1469435733	7.73	0.1136416598	7.73	0.024909259	7.73	0.5495637471
7.735	1.1054417202	7.735	0.1089655723	7.735	0.0240326424	7.735	0.5335591433
7.74	1.0658763179	7.74	0.1045074539	7.74	0.0231964316	7.74	0.5182004717
7.745	1.0417812312	7.745	0.1015670723	7.745	0.0226876118	7.745	0.51000075
7.75	1.057080848	7.75	0.1024301841	7.75	0.0230237565	7.75	0.5210720636
7.755	1.0584430177	7.755	0.1020600881	7.755	0.0231008233	7.755	0.5261937372
7.76	0.8898565231	7.76	0.0852740067	7.76	0.0194790052	7.76	0.4459045091
7.765	0.8185056565	7.765	0.0778979165	7.765	0.0179272018	7.765	0.4132599829
7.77	0.8220631896	7.77	0.0778555195	7.77	0.0180734823	7.77	0.419401747
7.775	0.7966537581	7.775	0.0748892059	7.775	0.0175196211	7.775	0.4094938398
7.78	0.7329806972	7.78	0.0681494314	7.78	0.0160458544	7.78	0.3779044444
7.785	0.7667066884	7.785	0.0701442213	7.785	0.0165950358	7.785	0.3940198904
7.79	0	7.79	0	7.79	0	7.79	0
7.795	0	7.795	0	7.795	0	7.795	0
7.8	0	7.8	0	7.8	0	7.8	0
7.805	0	7.805	0	7.805	0	7.805	0
7.81	0	7.81	0	7.81	0	7.81	0
7.815	0	7.815	0	7.815	0	7.815	0
7.82	0	7.82	0	7.82	0	7.82	0
7.825	0	7.825	0	7.825	0	7.825	0
7.83	0	7.83	0	7.83	0	7.83	0
7.835	0	7.835	0	7.835	0	7.835	0
7.84	0	7.84	0	7.84	0	7.84	0
7.845	0	7.845	0	7.845	0	7.845	0
7.85	0	7.85	0	7.85	0	7.85	0
7.855	0	7.855	0	7.855	0	7.855	0
7.86	0	7.86	0	7.86	0	7.86	0
7.865	0	7.865	0	7.865	0	7.865	0
7.87	0	7.87	0	7.87	0	7.87	0
7.875	0	7.875	0	7.875	0	7.875	0
7.88	0	7.88	0	7.88	0	7.88	0
7.885	0	7.885	0	7.885	0	7.885	0
7.89	0	7.89	0	7.89	0	7.89	0
7.895	0	7.895	0	7.895	0	7.895	0
7.9	0	7.9	0	7.9	0	7.9	0
7.905	0	7.905	0	7.905	0	7.905	0
7.91	0	7.91	0	7.91	0	7.91	0
7.915	0	7.915	0	7.915	0	7.915	0
7.92	0	7.92	0	7.92	0	7.92	0
7.925	0	7.925	0	7.925	0	7.925	0
7.93	0	7.93	0	7.93	0	7.93	0
7.935	0	7.935	0	7.935	0	7.935	0
7.94	0	7.94	0	7.94	0	7.94	0
7.945	0	7.945	0	7.945	0	7.945	0
7.95	0	7.95	0	7.95	0	7.95	0
7.955	0	7.955	0	7.955	0	7.955	0
7.96	0	7.96	0	7.96	0	7.96	0
7.965	0	7.965	0	7.965	0	7.965	0
7.97	0	7.97	0	7.97	0	7.97	0
7.975	0.2672805909	7.975	0.0265900582	7.975	0.0056801013	7.975	0.1549039619
7.98	0.8566868105	7.98	0.0838469778	7.98	0.0178637326	7.98	0.4985319828
7.985	1.4347542123	7.985	0.1398521024	7.985	0.0298997086	7.985	0.8370196678
7.99	2.086752881	7.99	0.2030757112	7.99	0.0436577284	7.99	1.2210946166
7.995	4.518075664	7.995	0.4613349851	7.995	0.101435052	7.995	2.6173971251
8	3.2354456829	8	0.3098668621	8	0.0667104262	8	1.9061034651
8.005	3.8207399687	8.005	0.3600164386	8.005	0.0772669553	8.005	2.2619346656
8.01	4.5540284419	8.01	0.4229837718	8.01	0.0906049085	8.01	2.7087469522
8.015	5.6255672542	8.015	0.5173264581	8.015	0.1106841007	8.015	3.3558314615
8.02	6.6721726025	8.02	0.6053214261	8.02	0.1294489141	8.02	3.9999354209
8.025	9.5557696256	8.025	0.8601819231	8.025	0.1834038227	8.025	5.7397213223
8.03	11.0933413546	8.03	0.9847407496	8.03	0.2099445938	8.03	6.7034081364
8.035	10.0622161273	8.035	0.8610958027	8.035	0.1827535194	8.035	6.140874039
8.04	10.6967361528	8.04	0.8994825803	8.04	0.1911868302	8.04	6.5742335905
8.045	10.7382902056	8.045	0.8951530668	8.045	0.1936067889	8.045	6.6631025036
8.05	9.9129611677	8.05	0.8169453841	8.05	0.1811628605	8.05	6.2174114505
8.055	9.6995462705	8.055	0.7916472516	8.055	0.1804733646	8.055	6.1541884415
8.06	10.000315471	8.06	0.8070988854	8.06	0.1892844235	8.06	6.4263065378
8.065	10.5122620236	8.065	0.838004183	8.065	0.2020631616	8.065	6.8434194815
8.07	12.6705041468	8.07	0.9938786354	8.07	0.2473352321	8.07	8.3910350536
8.075	15.0058236707	8.075	1.1507715999	8.075	0.2952170589	8.075	10.0854109134
8.08	16.7286756305	8.08	1.2525261668	8.08	0.3278964625	8.08	11.3565930399
8.085	18.9951722704	8.085	1.4006163217	8.085	0.369048237	8.085	13.0098277929
8.09	10.6941090564	8.09	0.8003230248	8.09	0.2110004623	8.09	7.2645177803
8.095	7.2140782274	8.095	0.5526805946	8.095	0.1457340746	8.095	4.8610249484
8.1	5.5728584165	8.1	0.4378493648	8.1	0.1151668185	8.1	3.7343471572
8.105	4.62862554	8.105	0.3724324856	8.105	0.0979366428	8.105	3.0911443608
8.11	3.7575053491	8.11	0.3087118253	8.11	0.0815261376	8.11	2.5077453474
8.115	2.9268674888	8.115	0.2437690572	8.115	0.0651511417	8.115	1.956885501
8.12	2.3380197752	8.12	0.198119346	8.12	0.0535165289	8.12	1.5650299734
8.125	1.6393431123	8.125	0.1406417418	8.125	0.0386725026	8.125	1.1010421941
8.13	1.0206668312	8.13	0.0891271266	8.13	0.0249116158	8.13	0.6870026165
8.135	2.5874324435	8.135	0.2886653894	8.135	0.0834216205	8.135	1.7281585948
8.14	13.0657349141	8.14	1.4600646469	8.14	0.4228862968	8.14	8.7247735735
8.145	29.7156217978	8.145	3.1268659635	8.145	0.9117850358	8.145	20.0035431774
8.15	32.1784753352	8.15	3.2070513742	8.15	0.9324285202	8.15	21.7286172803
8.155	7.1456940104	8.155	0.7897598052	8.155	0.2273566071	8.155	4.710435737
8.16	5.2374550364	8.16	0.588651326	8.16	0.1688200017	8.16	3.4348896628
8.165	4.1647403492	8.165	0.4673472865	8.165	0.1337629339	8.165	2.72291428
8.17	3.3982605876	8.17	0.3774186878	8.17	0.107969871	8.17	2.217128411
8.175	2.8856369752	8.175	0.3168135624	8.175	0.0906200187	8.175	1.8803266751
8.18	2.517797469	8.18	0.273641894	8.18	0.0782681161	8.18	1.6394570022
8.185	2.2546511016	8.185	0.2434903182	8.185	0.0696239595	8.185	1.4673377724
8.19	2.0395117693	8.19	0.2187537966	8.19	0.0625628561	8.19	1.3271493963
8.195	1.8707440584	8.195	0.1988943136	8.195	0.0569228574	8.195	1.2175773559
8.2	1.7183582934	8.2	0.1809966268	8.2	0.0518522038	8.2	1.1189158039
8.205	1.5742116548	8.205	0.1641906934	8.205	0.047104518	8.205	1.0258003187
8.21	1.4463887429	8.21	0.1494022996	8.21	0.0429390019	8.21	0.9434110575
8.215	1.3395765802	8.215	0.1372254042	8.215	0.0395118965	8.215	0.874571375
8.22	1.2471563999	8.22	0.1268474737	8.22	0.0365877132	8.22	0.8150277164
8.225	1.1564411592	8.225	0.1168729254	8.225	0.0337711519	8.225	0.75645012
8.23	1.0647270782	8.23	0.1069843394	8.23	0.0309740399	8.23	0.6970839455
8.235	0.9722929869	8.235	0.097183889	8.235	0.0281906979	8.235	0.6371026872
8.24	0.8973499638	8.24	0.0891575307	8.24	0.0259198939	8.24	0.588574709
8.245	0.7875154486	8.245	0.0785176113	8.245	0.0228155302	8.245	0.5161359548
8.25	0.690453986	8.25	0.0692500745	8.25	0.0200963144	8.25	0.4519357087
8.255	0.602258998	8.255	0.0607586526	8.255	0.0176085982	8.255	0.3936934173
8.26	0.5158559832	8.26	0.0525234086	8.26	0.0151863319	8.26	0.3365244965
8.265	0.4348023381	8.265	0.044801677	8.265	0.0129129885	8.265	0.2828757371
8.27	0.3230610201	8.27	0.0343363335	8.27	0.0098163369	8.27	0.2087242953
8.275	0.179558117	8.275	0.0195879176	8.275	0.0055649709	8.275	0.1153000452
8.28	0.1211944569	8.28	0.0133236545	8.28	0.0037792147	8.28	0.0776409055
8.285	0.0828546544	8.285	0.0092153923	8.285	0.0026073584	8.285	0.0529100705
8.29	0.0517762181	8.29	0.0058253597	8.29	0.0016441494	8.29	0.0329580598
8.295	0.0279648881	8.295	0.0031823036	8.295	0.000896012	8.295	0.0177439602
8.3	0.0114264064	8.3	0.0013149711	8.3	0.0003693717	8.3	0.0072268582
8.305	0.0021665141	8.305	0.0002521098	8.305	7.06535e-05	8.305	0.0013658406
8.31	0	8.31	0	8.31	0	8.31	0
8.315	0	8.315	0	8.315	0	8.315	0
8.32	0	8.32	0	8.32	0	8.32	0
8.325	0	8.325	0	8.325	0	8.325	0
8.33	0	8.33	0	8.33	0	8.33	0
8.335	0	8.335	0	8.335	0	8.335	0
8.34	0	8.34	0	8.34	0	8.34	0
8.345	0	8.345	0	8.345	0	8.345	0
8.35	0	8.35	0	8.35	0	8.35	0
8.355	0	8.355	0	8.355	0	8.355	0
8.36	0	8.36	0	8.36	0	8.36	0
8.365	0	8.365	0	8.365	0	8.365	0
8.37	0	8.37	0	8.37	0	8.37	0
8.375	0	8.375	0	8.375	0	8.375	0
8.38	0	8.38	0	8.38	0	8.38	0
8.385	0	8.385	0	8.385	0	8.385	0
8.39	0	8.39	0	8.39	0	8.39	0
8.395	0	8.395	0	8.395	0	8.395	0
8.4	0	8.4	0	8.4	0	8.4	0
8.405	0	8.405	0	8.405	0	8.405	0
8.41	0	8.41	0	8.41	0	8.41	0
8.415	0	8.415	0	8.415	0	8.415	0
8.42	0	8.42	0	8.42	0	8.42	0
8.425	0	8.425	0	8.425	0	8.425	0
8.43	0	8.43	0	8.43	0	8.43	0
8.435	0	8.435	0	8.435	0	8.435	0
8.44	0	8.44	0	8.44	0	8.44	0
8.445	0	8.445	0	8.445	0	8.445	0
8.45	0	8.45	0	8.45	0	8.45	0
8.455	0	8.455	0	8.455	0	8.455	0
8.46	0	8.46	0	8.46	0	8.46	0
8.465	0	8.465	0	8.465	0	8.465	0
8.47	0	8.47	0	8.47	0	8.47	0
8.475	0	8.475	0	8.475	0	8.475	0
8.48	0	8.48	0	8.48	0	8.48	0
8.485	0	8.485	0	8.485	0	8.485	0
8.49	0	8.49	0	8.49	0	8.49	0
8.495	0	8.495	0	8.495	0	8.495	0
8.5	0	8.5	0	8.5	0	8.5	0
8.505	0	8.505	0	8.505	0	8.505	0
8.51	0	8.51	0	8.51	0	8.51	0
8.515	0	8.515	0	8.515	0	8.515	0
8.52	0	8.52	0	8.52	0	8.52	0
8.525	0	8.525	0	8.525	0	8.525	0
8.53	0	8.53	0	8.53	0	8.53	0
8.535	0	8.535	0	8.535	0	8.535	0
8.54	0	8.54	0	8.54	0	8.54	0
8.545	0	8.545	0	8.545	0	8.545	0
8.55	0	8.55	0	8.55	0	8.55	0
8.555	0	8.555	0	8.555	0	8.555	0
8.56	0	8.56	0	8.56	0	8.56	0
8.565	0	8.565	0	8.565	0	8.565	0
8.57	0	8.57	0	8.57	0	8.57	0
8.575	0	8.575	0	8.575	0	8.575	0
8.58	0	8.58	0	8.58	0	8.58	0
8.585	0	8.585	0	8.585	0	8.585	0
8.59	0	8.59	0	8.59	0	8.59	0
8.595	0	8.595	0	8.595	0	8.595	0
8.6	0	8.6	0	8.6	0	8.6	0
8.605	0	8.605	0	8.605	0	8.605	0
8.61	0	8.61	0	8.61	0	8.61	0
8.615	0	8.615	0	8.615	0	8.615	0
8.62	0	8.62	0	8.62	0	8.62	0
8.625	0	8.625	0	8.625	0	8.625	0
8.63	0	8.63	0	8.63	0	8.63	0
8.635	0	8.635	0	8.635	0	8.635	0
8.64	0	8.64	0	8.64	0	8.64	0
8.645	0	8.645	0	8.645	0	8.645	0
8.65	0	8.65	0	8.65	0	8.65	0
8.655	0	8.655	0	8.655	0	8.655	0
8.66	0	8.66	0	8.66	0	8.66	0
8.665	0	8.665	0	8.665	0	8.665	0
8.67	0	8.67	0	8.67	0	8.67	0
8.675	0	8.675	0	8.675	0	8.675	0
8.68	0	8.68	0	8.68	0	8.68	0
8.685	0	8.685	0	8.685	0	8.685	0
8.69	0	8.69	0	8.69	0	8.69	0
8.695	0	8.695	0	8.695	0	8.695	0
8.7	0	8.7	0	8.7	0	8.7	0
8.705	0	8.705	0	8.705	0	8.705	0
8.71	0	8.71	0	8.71	0	8.71	0
8.715	0	8.715	0	8.715	0	8.715	0
8.72	0	8.72	0	8.72	0	8.72	0
8.725	0	8.725	0	8.725	0	8.725	0
8.73	0	8.73	0	8.73	0	8.73	0
8.735	0	8.735	0	8.735	0	8.735	0
8.74	0	8.74	0	8.74	0	8.74	0
8.745	0	8.745	0	8.745	0	8.745	0
8.75	0	8.75	0	8.75	0	8.75	0
8.755	0	8.755	0	8.755	0	8.755	0
8.76	0	8.76	0	8.76	0	8.76	0
8.765	0	8.765	0	8.765	0	8.765	0
8.77	0	8.77	0	8.77	0	8.77	0
8.775	0	8.775	0	8.775	0	8.775	0
8.78	0	8.78	0	8.78	0	8.78	0
8.785	0	8.785	0	8.785	0	8.785	0
8.79	0	8.79	0	8.79	0	8.79	0
8.795	0	8.795	0	8.795	0	8.795	0
8.8	0	8.8	0	8.8	0	8.8	0
8.805	0	8.805	0	8.805	0	8.805	0
8.81	0	8.81	0	8.81	0	8.81	0
8.815	0	8.815	0	8.815	0	8.815	0
8.82	0	8.82	0	8.82	0	8.82	0
8.825	0	8.825	0	8.825	0	8.825	0
8.83	0	8.83	0	8.83	0	8.83	0
8.835	0	8.835	0	8.835	0	8.835	0
8.84	0	8.84	0	8.84	0	8.84	0
8.845	0	8.845	0	8.845	0	8.845	0
8.85	0	8.85	0	8.85	0	8.85	0
8.855	0	8.855	0	8.855	0	8.855	0
8.86	0	8.86	0	8.86	0	8.86	0
8.865	0	8.865	0	8.865	0	8.865	0
8.87	0	8.87	0	8.87	0	8.87	0
8.875	0	8.875	0	8.875	0	8.875	0
8.88	0	8.88	0	8.88	0	8.88	0
8.885	0	8.885	0	8.885	0	8.885	0
8.89	0	8.89	0	8.89	0	8.89	0
8.895	0	8.895	0	8.895	0	8.895	0
8.9	0	8.9	0	8.9	0	8.9	0
8.905	0	8.905	0	8.905	0	8.905	0
8.91	0	8.91	0	8.91	0	8.91	0
8.915	0	8.915	0	8.915	0	8.915	0
8.92	0	8.92	0	8.92	0	8.92	0
8.925	0	8.925	0	8.925	0	8.925	0
8.93	0	8.93	0	8.93	0	8.93	0
8.935	0	8.935	0	8.935	0	8.935	0
8.94	0	8.94	0	8.94	0	8.94	0
8.945	0	8.945	0	8.945	0	8.945	0
8.95	0	8.95	0	8.95	0	8.95	0
8.955	0	8.955	0	8.955	0	8.955	0
8.96	0	8.96	0	8.96	0	8.96	0
8.965	0	8.965	0	8.965	0	8.965	0
8.97	0	8.97	0	8.97	0	8.97	0
8.975	0	8.975	0	8.975	0	8.975	0
8.98	0	8.98	0	8.98	0	8.98	0
8.985	0	8.985	0	8.985	0	8.985	0
8.99	0	8.99	0	8.99	0	8.99	0
8.995	0	8.995	0	8.995	0	8.995	0
9	0	9	0	9	0	9	0
9.005	0	9.005	0	9.005	0	9.005	0
9.01	0	9.01	0	9.01	0	9.01	0
9.015	0	9.015	0	9.015	0	9.015	0
9.02	0	9.02	0	9.02	0	9.02	0
9.025	0	9.025	0	9.025	0	9.025	0
9.03	0	9.03	0	9.03	0	9.03	0
9.035	0	9.035	0	9.035	0	9.035	0
9.04	0	9.04	0	9.04	0	9.04	0
9.045	0	9.045	0	9.045	0	9.045	0
9.05	0	9.05	0	9.05	0	9.05	0
9.055	0	9.055	0	9.055	0	9.055	0
9.06	0	9.06	0	9.06	0	9.06	0
9.065	0	9.065	0	9.065	0	9.065	0
9.07	0	9.07	0	9.07	0	9.07	0
9.075	0	9.075	0	9.075	0	9.075	0
9.08	0	9.08	0	9.08	0	9.08	0
9.085	0	9.085	0	9.085	0	9.085	0
9.09	0	9.09	0	9.09	0	9.09	0
9.095	0	9.095	0	9.095	0	9.095	0
9.1	0	9.1	0	9.1	0	9.1	0
9.105	0	9.105	0	9.105	0	9.105	0
9.11	0	9.11	0	9.11	0	9.11	0
9.115	0	9.115	0	9.115	0	9.115	0
9.12	0	9.12	0	9.12	0	9.12	0
9.125	0	9.125	0	9.125	0	9.125	0
9.13	0	9.13	0	9.13	0	9.13	0
9.135	0	9.135	0	9.135	0	9.135	0
9.14	0	9.14	0	9.14	0	9.14	0
9.145	0	9.145	0	9.145	0	9.145	0
9.15	0	9.15	0	9.15	0	9.15	0
9.155	0	9.155	0	9.155	0	9.155	0
9.16	0	9.16	0	9.16	0	9.16	0
9.165	0	9.165	0	9.165	0	9.165	0
9.17	0	9.17	0	9.17	0	9.17	0
9.175	0	9.175	0	9.175	0	9.175	0
9.18	0	9.18	0	9.18	0	9.18	0
9.185	0	9.185	0	9.185	0	9.185	0
9.19	0	9.19	0	9.19	0	9.19	0
9.195	0	9.195	0	9.195	0	9.195	0
9.2	0	9.2	0	9.2	0	9.2	0
9.205	0	9.205	0	9.205	0	9.205	0
9.21	0	9.21	0	9.21	0	9.21	0
9.215	0	9.215	0	9.215	0	9.215	0
9.22	0	9.22	0	9.22	0	9.22	0
9.225	0	9.225	0	9.225	0	9.225	0
9.23	0	9.23	0	9.23	0	9.23	0
9.235	0	9.235	0	9.235	0	9.235	0
9.24	0	9.24	0	9.24	0	9.24	0
9.245	0	9.245	0	9.245	0	9.245	0
9.25	0	9.25	0	9.25	0	9.25	0
9.255	0	9.255	0	9.255	0	9.255	0
9.26	0	9.26	0	9.26	0	9.26	0
9.265	0	9.265	0	9.265	0	9.265	0
9.27	0	9.27	0	9.27	0	9.27	0
9.275	0	9.275	0	9.275	0	9.275	0
9.28	0	9.28	0	9.28	0	9.28	0
9.285	0	9.285	0	9.285	0	9.285	0
9.29	0	9.29	0	9.29	0	9.29	0
9.295	0	9.295	0	9.295	0	9.295	0
9.3	0	9.3	0	9.3	0	9.3	0
9.305	0	9.305	0	9.305	0	9.305	0
9.31	0	9.31	0	9.31	0	9.31	0
9.315	0	9.315	0	9.315	0	9.315	0
9.32	0	9.32	0	9.32	0	9.32	0
9.325	0	9.325	0	9.325	0	9.325	0
9.33	0	9.33	0	9.33	0	9.33	0
9.335	0	9.335	0	9.335	0	9.335	0
9.34	0	9.34	0	9.34	0	9.34	0
9.345	0	9.345	0	9.345	0	9.345	0
9.35	0	9.35	0	9.35	0	9.35	0
9.355	0	9.355	0	9.355	0	9.355	0
9.36	0	9.36	0	9.36	0	9.36	0
9.365	0	9.365	0	9.365	0	9.365	0
9.37	0	9.37	0	9.37	0	9.37	0
9.375	0	9.375	0	9.375	0	9.375	0
9.38	0	9.38	0	9.38	0	9.38	0
9.385	0	9.385	0	9.385	0	9.385	0
9.39	0	9.39	0	9.39	0	9.39	0
9.395	0	9.395	0	9.395	0	9.395	0
9.4	0	9.4	0	9.4	0	9.4	0
9.405	0	9.405	0	9.405	0	9.405	0
9.41	0	9.41	0	9.41	0	9.41	0
9.415	0	9.415	0	9.415	0	9.415	0
9.42	5.5050794374	9.42	9.8840756593	9.42	2.6059765484	9.42	0.4223949859
9.425	14.188832972	9.425	25.3434691002	9.425	6.6589463937	9.425	1.1498240807
9.43	17.9759027222	9.43	31.856160412	9.43	8.3360006986	9.43	1.5324808473
9.435	13.3732964555	9.435	23.4716169971	9.435	6.1103406604	9.435	1.1920448525
9.44	2.7532149838	9.44	4.9018183087	9.44	1.2748057942	9.44	0.2162822553
9.445	2.327428422	9.445	4.1321314915	9.445	1.0747438689	9.445	0.1855710895
9.45	3.8164245372	9.45	6.7393460029	9.45	1.7507923109	9.45	0.3357775557
9.455	5.9024750524	9.455	10.3703125206	9.455	2.6880474748	9.455	0.5643361556
9.46	11.5990924072	9.46	20.295282718	9.46	5.2486019898	9.46	1.1534742541
9.465	20.3189605233	9.465	35.5231517422	9.465	9.1896220566	9.465	1.8977923036
9.47	15.5112567233	9.47	27.0949577228	9.47	7.009863296	9.47	1.4574765076
9.475	7.9378943553	9.475	13.9246641211	9.475	3.5885120579	9.475	0.730698274
9.48	9.2360645344	9.48	16.0598592726	9.48	4.1115982539	9.48	0.9751353036
9.485	8.1463880506	9.485	14.1162950658	9.485	3.6141518005	9.485	0.9920744669
9.49	14.1556671491	9.49	24.7143667915	9.49	6.351950566	9.49	1.6413002637
9.495	22.8680950448	9.495	39.9554097749	9.495	10.2719449863	9.495	2.6916196692
9.5	9.5460146698	9.5	16.6431808846	9.5	4.2645965204	9.5	1.0571532768
9.505	6.4462575205	9.505	11.1919783851	9.505	2.8506019213	9.505	0.7450385102
9.51	25.4533946315	9.51	44.0224381469	9.51	11.1961336396	9.51	3.1770997978
9.515	14.8142016658	9.515	25.469624139	9.515	6.4529366857	9.515	1.496905946
9.52	12.0996183425	9.52	20.6961832351	9.52	5.2178392342	9.52	1.1334541935
9.525	0	9.525	0	9.525	0	9.525	0
9.53	0	9.53	0	9.53	0	9.53	0
9.535	0	9.535	0	9.535	0	9.535	0
9.54	0	9.54	0	9.54	0	9.54	0
9.545	0	9.545	0	9.545	0	9.545	0
9.55	0	9.55	0	9.55	0	9.55	0
9.555	0	9.555	0	9.555	0	9.555	0
9.56	0	9.56	0	9.56	0	9.56	0
9.565	0	9.565	0	9.565	0	9.565	0
9.57	0	9.57	0	9.57	0	9.57	0
9.575	0	9.575	0	9.575	0	9.575	0
9.58	0	9.58	0	9.58	0	9.58	0
9.585	0	9.585	0	9.585	0	9.585	0
9.59	0	9.59	0	9.59	0	9.59	0
9.595	0	9.595	0	9.595	0	9.595	0
9.6	0	9.6	0	9.6	0	9.6	0
9.605	0	9.605	0	9.605	0	9.605	0
9.61	0	9.61	0	9.61	0	9.61	0
9.615	0	9.615	0	9.615	0	9.615	0
9.62	0	9.62	0	9.62	0	9.62	0
9.625	0	9.625	0	9.625	0	9.625	0
9.63	0	9.63	0	9.63	0	9.63	0
9.635	0	9.635	0	9.635	0	9.635	0
9.64	0	9.64	0	9.64	0	9.64	0
9.645	0	9.645	0	9.645	0	9.645	0
9.65	0	9.65	0	9.65	0	9.65	0
9.655	0	9.655	0	9.655	0	9.655	0
9.66	0	9.66	0	9.66	0	9.66	0
9.665	0	9.665	0	9.665	0	9.665	0
9.67	0	9.67	0	9.67	0	9.67	0
9.675	0	9.675	0	9.675	0	9.675	0
9.68	0	9.68	0	9.68	0	9.68	0
9.685	0	9.685	0	9.685	0	9.685	0
9.69	0	9.69	0	9.69	0	9.69	0
9.695	0	9.695	0	9.695	0	9.695	0
9.7	0	9.7	0	9.7	0	9.7	0
9.705	0	9.705	0	9.705	0	9.705	0
9.71	0	9.71	0	9.71	0	9.71	0
9.715	0	9.715	0	9.715	0	9.715	0
9.72	0	9.72	0	9.72	0	9.72	0
9.725	0	9.725	0	9.725	0	9.725	0
9.73	0	9.73	0	9.73	0	9.73	0
9.735	0	9.735	0	9.735	0	9.735	0
9.74	0	9.74	0	9.74	0	9.74	0
9.745	0	9.745	0	9.745	0	9.745	0
9.75	0	9.75	0	9.75	0	9.75	0
9.755	0	9.755	0	9.755	0	9.755	0
9.76	0	9.76	0	9.76	0	9.76	0
9.765	0	9.765	0	9.765	0	9.765	0
9.77	0	9.77	0	9.77	0	9.77	0
9.775	0	9.775	0	9.775	0	9.775	0
9.78	0	9.78	0	9.78	0	9.78	0
9.785	0	9.785	0	9.785	0	9.785	0
9.79	0	9.79	0	9.79	0	9.79	0
9.795	0	9.795	0	9.795	0	9.795	0
9.8	0	9.8	0	9.8	0	9.8	0
9.805	0	9.805	0	9.805	0	9.805	0
9.81	0	9.81	0	9.81	0	9.81	0
9.815	0	9.815	0	9.815	0	9.815	0
9.82	0	9.82	0	9.82	0	9.82	0
9.825	0	9.825	0	9.825	0	9.825	0
9.83	0	9.83	0	9.83	0	9.83	0
9.835	0	9.835	0	9.835	0	9.835	0
9.84	0	9.84	0	9.84	0	9.84	0
9.845	0	9.845	0	9.845	0	9.845	0
9.85	0	9.85	0	9.85	0	9.85	0
9.855	0	9.855	0	9.855	0	9.855	0
9.86	0	9.86	0	9.86	0	9.86	0
9.865	0	9.865	0	9.865	0	9.865	0
9.87	0	9.87	0	9.87	0	9.87	0
9.875	0	9.875	0	9.875	0	9.875	0
9.88	0	9.88	0	9.88	0	9.88	0
9.885	0	9.885	0	9.885	0	9.885	0
9.89	0	9.89	0	9.89	0	9.89	0
9.895	0	9.895	0	9.895	0	9.895	0
9.9	0	9.9	0	9.9	0	9.9	0
9.905	0	9.905	0	9.905	0	9.905	0
9.91	0	9.91	0	9.91	0	9.91	0
9.915	0	9.915	0	9.915	0	9.915	0
9.92	0	9.92	0	9.92	0	9.92	0
9.925	0	9.925	0	9.925	0	9.925	0
9.93	0	9.93	0	9.93	0	9.93	0
9.935	0	9.935	0	9.935	0	9.935	0
9.94	0	9.94	0	9.94	0	9.94	0
9.945	0	9.945	0	9.945	0	9.945	0
9.95	0	9.95	0	9.95	0	9.95	0
9.955	0	9.955	0	9.955	0	9.955	0
9.96	0	9.96	0	9.96	0	9.96	0
9.965	0	9.965	0	9.965	0	9.965	0
9.97	0	9.97	0	9.97	0	9.97	0
9.975	0	9.975	0	9.975	0	9.975	0
9.98	0	9.98	0	9.98	0	9.98	0
9.985	0	9.985	0	9.985	0	9.985	0
9.99	0	9.99	0	9.99	0	9.99	0
9.995	0	9.995	0	9.995	0	9.995	0
10	0	10	0	10	0	10	0
